kanji,hiragana,english,level
,かかる,to take time or money,N5
お兄さん,おにいさん,(honorable) older brother,N5
お姉さん,おねえさん,(honorable) older sister,N5
お弁当,おべんとう,boxed lunch,N5
お手洗い,おてあらい,bathroom,N5
お母さん,おかあさん,(honorable) mother,N5
お父さん,おとうさん,(honorable) father,N5
お皿,おさら,"plate, dish",N5
お茶,おちゃ,green tea,N5
お菓子,おかし,"sweets, candy",N5
お酒,おさけ,"alcohol, rice wine",N5
お金,おかね,money,N5
お風呂,おふろ,Bath,N5
さ来年,さらいねん,year after next,N5
とり肉,とりにく,chicken meat,N5
もう一度,もういちど,again,N5
一,いち,one,N5
一つ,ひとつ,one,N5
一人,ひとり,one person,N5
一日,ついたち,first of month,N5
一昨年,おととし,year before last,N5
一昨日,おととい,day before yesterday,N5
一月,ひとつき,one month,N5
一緒,いっしょ,together,N5
七,しち / なな,Seven,N5
七つ,ななつ,seven,N5
七日,なのか,"seven days,the seventh day",N5
万,まん,ten thousand,N5
万年筆,まんねんひつ,fountain pen,N5
丈夫,じょうぶ,"strong, durable",N5
三,さん,Three,N5
三つ,みっつ,three,N5
三日,みっか,"three days, third day of the month",N5
上,うえ,on top of,N5
上げる,あげる,to give,N5
上手,じょうず,Skillful,N5
上着,うわぎ,jacket,N5
下,した,Below,N5
下手,へた,unskillful,N5
両親,りょうしん,both parents,N5
並ぶ,ならぶ,"to line up,to stand in a line",N5
並べる,ならべる,"to line up,to set up",N5
中,なか,middle,N5
丸い/円い,まるい,"round,circular",N5
乗る,のる,"to get on,to ride",N5
九,きゅう / く,Nine,N5
九つ,ここのつ,Nine,N5
九日,ここのか,"nine days, ninth day",N5
二,に,two,N5
二つ,ふたつ,two,N5
二人,ふたり,two people,N5
二十日,はつか,"twenty days,twentieth",N5
二十歳,はたち,"N20 years old,N20th year",N5
二日,ふつか,"two days, second day of the month",N5
五,ご,Five,N5
五つ,いつつ,five,N5
五日,いつか,"five days, fifth day",N5
交差点,こうさてん,intersection,N5
交番,こうばん,police box,N5
人,ひと,person,N5
今,いま,now,N5
今年,ことし,this year,N5
今日,きょう,Today,N5
今晩,こんばん,this evening,N5
今月,こんげつ,this month,N5
今朝,けさ,this morning,N5
今週,こんしゅう,this week,N5
仕事,しごと,Job,N5
休み,やすみ,"rest,holiday",N5
休む,やすむ,to rest,N5
会う,あう,to meet,N5
会社,かいしゃ,Company,N5
伯母さん/叔母さん,おばさん,Aunt,N5
伯父/叔父,おじいさん,"grandfather, male senior citizen",N5
低い,ひくい,"short,low",N5
住む,すむ,to live in,N5
体,からだ,Body,N5
何,なん/なに,what,N5
作る,つくる,to make,N5
作文,さくぶん,"composition, writing",N5
使う,つかう,to use,N5
便利,べんり,"useful, convenient",N5
借りる,かりる,to borrow,N5
傘,かさ,Umbrella,N5
働く,はたらく,to work,N5
元気,げんき,"health, vitality",N5
兄,あに,(humble) older brother,N5
兄弟,きょうだい,(humble) siblings,N5
先,さき,"the future, previous",N5
先月,せんげつ,last month,N5
先生,せんせい,"teacher, doctor",N5
先週,せんしゅう,last week,N5
入る,はいる,"to enter,to contain",N5
入れる,いれる,to put in,N5
入口,いりぐち,entrance,N5
全部,ぜんぶ,All,N5
八,はち,eight,N5
八つ,やっつ,eight,N5
八日,ようか,"eight days, eighth day of the month",N5
八百屋,やおや,greengrocer,N5
公園,こうえん,Park,N5
六,ろく,six,N5
六つ,むっつ,six,N5
六日,むいか,"six days, sixth day of the month",N5
写真,しゃしん,photograph,N5
冬,ふゆ,winter,N5
冷たい,つめたい,cold to the touch,N5
冷蔵庫,れいぞうこ,refrigerator,N5
出かける,でかける,to go out,N5
出す,だす,to put out,N5
出る,でる,"to appear,to leave",N5
出口,でぐち,exit,N5
分かる,わかる,to be understood,N5
切る,きる,to cut,N5
切手,きって,postage stamp,N5
切符,きっぷ,Ticket,N5
初め/始め,はじめ,beginning,N5
初めて,はじめて,for the first time,N5
前,まえ,before,N5
勉強,べんきょうする,to study,N5
動物,どうぶつ,animal,N5
勤める,つとめる,to work for someone,N5
北,きた,North,N5
医者,いしゃ,medical doctor,N5
十,じゅう とお,Ten,N5
十日,とおか,"ten days,the tenth day",N5
千,せん,Thousand,N5
午前,ごぜん,morning,N5
午後,ごご,afternoon,N5
半,はん,half,N5
半分,はんぶん,half minute,N5
南,みなみ,south,N5
危ない,あぶない,dangerous,N5
卵,たまご,egg,N5
厚い,あつい,"kind, deep, thick",N5
去年,きょねん,last year,N5
友達,ともだち,friend,N5
取る,とる,to take something,N5
口,くち,"mouth, opening",N5
古い,ふるい,old (not used for people),N5
台所,だいどころ,kitchen,N5
右,みぎ,right side,N5
同じ,おなじ,same,N5
名前,なまえ,name,N5
向こう,むこう,over there,N5
吸う,すう,"to smoke, to suck",N5
吹く,ふく,to blow,N5
呼ぶ,よぶ,"to call out,to invite",N5
咲く,さく,to bloom,N5
問題,もんだい,problem,N5
喫茶店,きっさてん,coffee lounge,N5
四,し / よん,Four,N5
四つ,よっつ,four,N5
四日,よっか,"four days, fouth day of the month",N5
困る,こまる,to be worried,N5
図書館,としょかん,library,N5
国,くに,Country,N5
土曜日,どようび,Saturday,N5
地下鉄,ちかてつ,underground train,N5
地図,ちず,map,N5
塩,しお,Salt,N5
声,こえ,Voice,N5
売る,うる,to sell,N5
夏,なつ,summer,N5
夏休み,なつやすみ,summer holiday,N5
夕方,ゆうがた,evening,N5
夕飯,ゆうはん,dinner,N5
外,そと,Outside,N5
外国,がいこく,foreign country,N5
外国人,がいこくじん,Foreigner,N5
多い,おおい,many,N5
夜,よる,"evening,night",N5
大きい,おおきい,big,N5
大きな,おおきな,big,N5
大丈夫,だいじょうぶ,all right,N5
大人,おとな,Adult,N5
大使館,たいしかん,embassy,N5
大切,たいせつ,important,N5
大勢,おおぜい,great number of people,N5
大好き,だいすき,to be very likeable,N5
大学,だいがく,university,N5
天気,てんき,weather,N5
太い,ふとい,fat,N5
奥さん,おくさん,(honorable) wife,N5
女,おんな,Woman,N5
女の子,おんなのこ,Girl,N5
好き,すき,Likeable,N5
妹,いもうと,(humble) younger sister,N5
姉,あね,(humble) older sister,N5
始まる,はじまる,to begin,N5
嫌,いや,unpleasant,N5
嫌い,きらい,Hate,N5
子供,こども,Child,N5
字引,じびき,Dictionary,N5
学校,がっこう,School,N5
学生,がくせい,Student,N5
安い,やすい,cheap,N5
家,いえ,house,N5
家庭,かてい,Household,N5
家族,かぞく,Family,N5
宿題,しゅくだい,homework,N5
寒い,さむい,Cold,N5
寝る,ねる,"to go to bed,to sleep",N5
封筒,ふうとう,envelope,N5
小さい,ちいさい,little,N5
小さな,ちいさな,little,N5
少し,すこし,Few,N5
少ない,すくない,a few,N5
居る,いる,"to be, to have (used for people and animals)",N5
山,やま,mountain,N5
川/河,かわ,River,N5
左,ひだり,left hand side,N5
差す,さす,"to stretch out hands, to raise an umbrella",N5
帰る,かえる,to go back,N5
帽子,ぼうし,hat,N5
年,とし,year,N5
広い,ひろい,"spacious,wide",N5
店,みせ,shop,N5
座る,すわる,to sit,N5
庭,にわ,garden,N5
廊下,ろうか,corridor,N5
建物,たてもの,building,N5
引く,ひく,to pull,N5
弟,おとうと,younger brother,N5
弱い,よわい,weak,N5
強い,つよい,powerful,N5
弾く,ひく,"to play an instrument with strings, including piano",N5
待つ,まつ,to wait,N5
後,あと,afterwards,N5
後ろ,うしろ,behind,N5
御飯,ごはん,"cooked rice, meal",N5
忘れる,わすれる,to forget,N5
忙しい,いそがしい,"busy, irritated",N5
悪い,わるい,bad,N5
意味,いみ,meaning,N5
戸,と,Japanese style door,N5
所,ところ,place,N5
手,て,hand,N5
手紙,てがみ,letter,N5
押す,おす,"to push, to stamp something",N5
持つ,もつ,to hold,N5
掃除,そうじする,"to clean, to sweep",N5
授業,じゅぎょう,"lesson, class work",N5
撮る,とる,to take a photo or record a film,N5
教える,おしえる,"to teach, to tell",N5
教室,きょうしつ,Classroom,N5
散歩,さんぽする,to stroll,N5
文章,ぶんしょう,"sentence,text",N5
料理,りょうり,cuisine,N5
新しい,あたらしい,new,N5
新聞,しんぶん,newspaper,N5
方,かた,"person, way of doing",N5
旅行,りょこう,travel,N5
日曜日,にちようび,Sunday,N5
早い,はやい,early,N5
明い,あかるい,bright,N5
明日,あした,tomorrow,N5
易しい,やさしい,"easy, simple",N5
映画,えいが,movie,N5
映画館,えいがかん,cinema,N5
春,はる,spring,N5
昨夜,ゆうべ,last night,N5
昨日,きのう,Yesterday,N5
昼,ひる,"noon, daytime",N5
昼御飯,ひるごはん,midday meal,N5
時々,ときどき,sometimes,N5
時計,とけい,"watch,clock",N5
時間,じかん,Time,N5
晩,ばん,evening,N5
晩御飯,ばんごはん,evening meal,N5
晴れ,はれ,clear weather,N5
晴れる,はれる,to be sunny,N5
暇,ひま,free time,N5
暑い,あつい,hot,N5
暖かい,あたたかい,warm,N5
暗い,くらい,Gloomy,N5
曇り,くもり,cloudy weather,N5
曇る,くもる,"to become cloudy, to become dim",N5
曲る,まがる,"to turn,to bend",N5
書く,かく,to write,N5
月曜日,げつようび,Monday,N5
有名,ゆうめい,famous,N5
服,ふく,clothes,N5
朝,あさ,morning,N5
朝御飯,あさごはん,breakfast,N5
木,き,"tree, wood",N5
木曜日,もくようび,Thursday,N5
本,ほん,book,N5
本棚,ほんだな,bookshelves,N5
机,つくえ,desk,N5
村,むら,village,N5
来る,くる,to come,N5
来年,らいねん,next year,N5
来月,らいげつ,next month,N5
来週,らいしゅう,next week,N5
東,ひがし,east,N5
果物,くだもの,Fruit,N5
楽しい,たのしい,enjoyable,N5
横,よこ,"beside,side,width",N5
橋,はし,bridge,N5
次,つぎ,next,N5
欲しい,ほしい,want,N5
歌,うた,song,N5
歌う,うたう,to sing,N5
止まる,とまる,to come to a halt,N5
歩く,あるく,to walk,N5
歯,は,tooth,N5
死ぬ,しぬ,to die,N5
毎年,まいねん/まいとし,every year,N5
毎日,まいにち,every day,N5
毎晩,まいばん,every night,N5
毎月,まいげつ/まいつき,every month,N5
毎朝,まいあさ,every morning,N5
毎週,まいしゅう,every week,N5
水曜日,すいようび,Wednesday,N5
汚い,きたない,Dirty,N5
池,いけ,pond,N5
泳ぐ,およぐ,to swim,N5
洋服,ようふく,western-style clothes,N5
洗う,あらう,to wash,N5
洗濯,せんたく,Washing,N5
海,うみ,sea,N5
消える,きえる,to disappear,N5
消す,けす,"to erase, to turn off power",N5
涼しい,すずしい,Refreshing,N5
渡す,わたす,to hand over,N5
渡る,わたる,to go across,N5
温い,ぬるい,luke warm,N5
漢字,かんじ,Chinese character,N5
火曜日,かようび,Tuesday,N5
灰皿,はいざら,ashtray,N5
無くす,なくす,to lose something,N5
煩い,うるさい,"noisy, annoying",N5
熱い,あつい,hot to the touch,N5
牛乳,ぎゅうにゅう,Milk,N5
牛肉,ぎゅうにく,Beef,N5
物,もの,thing,N5
犬,いぬ,dog,N5
狭い,せまい,Narrow,N5
猫,ねこ,cat,N5
玄関,げんかん,entry hall,N5
甘い,あまい,sweet,N5
生まれる,うまれる,to be born,N5
生徒,せいと,Pupil,N5
男,おとこ,Man,N5
男の子,おとこのこ,Boy,N5
町,まち,"town,city",N5
留学生,りゅうがくせい,overseas student,N5
番号,ばんごう,number,N5
疲れる,つかれる,to get tired,N5
病気,びょうき,illness,N5
病院,びょういん,hospital,N5
痛い,いたい,painful,N5
登る,のぼる,to climb,N5
白,しろ,White,N5
白い,しろい,White,N5
百,ひゃく,hundred,N5
皆さん,みなさん,everyone,N5
目,め,eye,N5
眼鏡,めがね,glasses,N5
着く,つく,to arrive at,N5
着る,きる,to put on from the shoulders down,N5
知る,しる,to know,N5
短い,みじかい,short,N5
砂糖,さとう,Sugar,N5
磨く,みがく,"to brush teeth, to polish",N5
私,わたし,"I,myself",N5
秋,あき,autumn,N5
空,そら,Sky,N5
窓,まど,window,N5
立つ,たつ,to stand,N5
答える,こたえる,to answer,N5
箱,はこ,box,N5
紅茶,こうちゃ,black tea,N5
紙,かみ,paper,N5
細い,ほそい,thin,N5
終る,おわる,to finish,N5
結婚,けっこん,Marriage,N5
結構,けっこう,"splendid, enough",N5
絵,え,picture,N5
緑,みどり,green,N5
締める,しめる,to tie,N5
練習,れんしゅうする,to practice,N5
置く,おく,to put,N5
習う,ならう,to learn,N5
耳,みみ,ear,N5
聞く,きく,"to hear, to listen to, to ask",N5
肉,にく,meat,N5
背,せ,"height, stature",N5
背広,せびろ,business suit,N5
脱ぐ,ぬぐ,to take off clothes,N5
自分,じぶん,Oneself,N5
自動車,じどうしゃ,Automobile,N5
自転車,じてんしゃ,Bicycle,N5
色,いろ,colour,N5
花,はな,flower,N5
花瓶,かびん,a vase,N5
若い,わかい,young,N5
英語,えいご,English language,N5
茶色,ちゃいろ,brown,N5
荷物,にもつ,luggage,N5
葉書,はがき,postcard,N5
薄い,うすい,"thin,weak",N5
薬,くすり,medicine,N5
行く,ゆく,to go,N5
西,にし,west,N5
要る,いる,to need,N5
見せる,みせる,to show,N5
見る 観る,みる,"to see, to watch",N5
覚える,おぼえる,to remember,N5
角,かど,a corner,N5
言う,いう,to say,N5
言葉,ことば,"word, language",N5
話,はなし,"talk,story",N5
話す,はなす,to speak,N5
誕生日,たんじょうび,birthday,N5
読む,よむ,to read,N5
誰,だれか,somebody,N5
警官,けいかん,policeman,N5
豚肉,ぶたにく,pork,N5
財布,さいふ,Wallet,N5
買い物,かいもの,Shopping,N5
買う,かう,to buy,N5
貸す,かす,to lend,N5
貼る,はる,to stick,N5
賑やか,にぎやか,"bustling,busy",N5
質問,しつもん,Question,N5
赤,あか,red,N5
赤い,あかい,red,N5
走る,はしる,to run,N5
起きる,おきる,to get up,N5
足,あし,"foot, leg",N5
車,くるま,"car, vehicle",N5
軽い,かるい,Light,N5
辛い,からい,Spicy,N5
辞書,じしょ,Dictionary,N5
辺,へん,area,N5
近い,ちかい,near,N5
近く,ちかく,near,N5
返す,かえす,to return something,N5
速い,はやい,quick,N5
遅い,おそい,"late, slow",N5
遊ぶ,あそぶ,"to play, to make a visit",N5
道,みち,street,N5
違う,ちがう,to differ,N5
遠い,とおい,far,N5
部屋,へや,room,N5
郵便局,ゆうびんきょく,post office,N5
重い,おもい,Heavy,N5
野菜,やさい,vegetable,N5
金曜日,きんようび,Friday,N5
鉛筆,えんぴつ,pencil,N5
銀行,ぎんこう,Bank,N5
長い,ながい,long,N5
門,もん,gate,N5
閉まる,しまる,"to close, to be closed",N5
閉める,しめる,to close something,N5
開く,あく,"to open, to become open",N5
開ける,あける,to open,N5
降りる,おりる,"to get off, to descend",N5
降る,ふる,"to fall, e.g. rain or snow",N5
階段,かいだん,Stairs,N5
隣,となり,next door to,N5
雑誌,ざっし,Magazine,N5
難しい,むずかしい,difficult,N5
雨,あめ,rain,N5
雪,ゆき,snow,N5
零,れい,zero,N5
電気,でんき,"electricity,electric light",N5
電話,でんわ,telephone,N5
電車,でんしゃ,electric train,N5
青,あお,blue,N5
青い,あおい,blue,N5
静か,しずか,Quiet,N5
靴,くつ,Shoes,N5
靴下,くつした,Socks,N5
音楽,おんがく,Music,N5
頭,あたま,head,N5
頼む,たのむ,to ask,N5
風,かぜ,Wind,N5
風邪,かぜ,a cold,N5
飛ぶ,とぶ,"to fly,to hop",N5
飛行機,ひこうき,aeroplane,N5
食べる,たべる,to eat,N5
食べ物,たべもの,food,N5
食堂,しょくどう,dining hall,N5
飲み物,のみもの,a drink,N5
飲む,のむ,to drink,N5
飴,あめ,candy,N5
駅,えき,station,N5
高い,たかい,"tall, expensive",N5
魚,さかな,Fish,N5
鳥,とり,bird,N5
鳴く,なく,"animal noise. to chirp, roar or croak etc.",N5
黄色,きいろ,yellow,N5
黄色い,きいろい,yellow,N5
黒,くろ,Black,N5
黒い,くろい,black,N5
鼻,はな,nose,N5
いえ,いえ,TODO same as いいえ?,N4
いつも,いつも,"always,usually,every time,never (with neg. verb)",N4
うまい,うまい,delicious,N4
うん,（感）,"fortune,luck",N4
お互い,おたがい,"mutual,reciprocal,each other",N4
お昼,おひる,"lunch,noon",N4
お目に掛かる,おめにかかる,,N4
お腹,おなか,stomach,N4
ここ,ここ,here,N4
この,この,this,N4
ジェット機,ジェットき,jet aeroplane,N4
したがって,したがって,"therefore,consequently,in accordance with",N4
しまい,（終わり）,sisters,N4
しまう,（終わる）,"to finish,to close,to do something completely",N4
しまった,（感）,Damn it!,N4
すみません,（感）,"sorry,excuse me",N4
すると,すると,"thereupon,hereupon",N4
そう,そう,so,N4
そこ,そこ,"bottom,sole",N4
その,その,"the,that",N4
それ,（接。感）,"it,that",N4
だが,だが,,N4
だから,だから,"so,therefore",N4
できる,（可能。出現。発生）,"to be able to,to be ready,to occur",N4
では,では,"chance of going out,opportunity (to succeed),moment of departure,beginning of work",N4
でも,でも,"but,however",N4
どう,（接。副）,"child,servant,foolishness",N4
どれ,どれ,"well,now,let me see,which (of three or more)",N4
とん,（N1000,ton,N4
ね,（感）,"value,price,cost,worth,merit",N4
ノー,（no）,,N4
はあ,（感）,,N4
はい,（感）,"wear,put on (sword)",N4
ふと,（副）,"suddenly,casually,accidentally,incidentally,unexpectedly,unintentionally",N4
よろしく,（感）,"well,properly,suitably,best regards,please remember me",N4
一人一人,ひとりひとり,"one by one,each,one at a time",N4
一体,いったい,"(N1) one object,one body,(N2) what on earth?,really?,(N3) generally",N4
一家,いっか,"a house,a home,a family,a household",N4
一層,いっそう,"much more,still more,all the more",N4
一度に,いちどに,all at once,N4
一方,いっぽう,"(N1) on the other hand,(N2) meanwhile,(N3) only,simple,in turn",N4
一時,いちじ,"moment,time",N4
一生,いっしょう,"whole life,a lifetime,all through life",N4
一番,いちばん,"best,first,number one",N4
一瞬,いっしゅん,"a moment,an instant",N4
一種,いっしゅ,"a species,a kind,a variety",N4
一致,いっち,"(N1) coincidence,agreement,(N2) conformity",N4
一般,いっぱん,"general,liberal,universal,ordinary,average",N4
一言,ひとこと,single word,N4
万一,まんいち,"by some chance,by some possibility,if by any chance,N10EN4:N1 odds",N4
上京,じょうきょう,proceeding to the capital (Tokyo),N4
上等,じょうとう,"superiority,first class,very good",N4
上達,じょうたつ,"improvement,advance,progress",N4
下さる,くださる,"(hon) to give,to confer",N4
下す,おろす,"to lower,to let go down",N4
下り,くだり,down-train (going away from Tokyo),N4
不,ぶ,"un,non,negative prefix",N4
不利,ふり,"disadvantage,handicap,unfavorable,drawback",N4
不可,ふか,"wrong,bad,improper,unjustifiable,inadvisable",N4
不安,ふあん,"anxiety,uneasiness,insecurity,suspense",N4
不平,ふへい,"complaint,discontent,dissatisfaction",N4
不幸,ふこう,"unhappiness,sorrow,misfortune,disaster,accident,death",N4
不思議,ふしぎ,"mystery,curiosity",N4
不正,ふせい,"injustice,unfairness",N4
不満,ふまん,"dissatisfaction,displeasure,discontent,complaints,unhappiness",N4
不自由,ふじゆう,"discomfort,disability,inconvenience,destitution",N4
不足,ふそく,"insufficiency,shortage,deficiency,lack,dearth",N4
与える,あたえる,"to give,to present,to award",N4
世の中,よのなか,"society,the world,the times",N4
世紀,せいき,"century,era",N4
世話,せわ,"looking after,help,aid,assistance",N4
世間,せけん,"world,society",N4
丘,おか,"hill,height,knoll,rising ground",N4
両替,りょうがえ,"change,money exchange",N4
中古,ちゅうこ,"(N1) used,second-hand,old",N4
中央,ちゅうおう,"centre,central,center,middle",N4
中学,ちゅうがく,"middle school,junior high school",N4
中心,ちゅうしん,"center,core,heart,pivot,emphasis,balance",N4
中止,ちゅうし,"suspension,stoppage,discontinuance,interruption",N4
丸,まる,"circle,full (month),perfection,purity,suffix for ship names",N4
丸い,まるい,"round,circular,spherical",N4
主に,おもに,"mainly,primarily",N4
主婦,しゅふ,"housewife,mistress",N4
主張,しゅちょう,"claim,request,insistence,assertion",N4
主義,しゅぎ,"doctrine,rule,principle",N4
主要,しゅよう,"chief,main,principal,major",N4
乗せる,のせる,"to place on (something),to take on board,to give a ride",N4
乗客,じょうきゃく,passenger,N4
予報,よほう,"forecast,prediction",N4
予期,よき,"expectation,assume will happen,forecast",N4
予測,よそく,"prediction,estimation",N4
予算,よさん,"estimate,budget",N4
予防,よぼう,"prevention,precaution,protection against",N4
事,こと,"thing,matter,fact,circumstances",N4
事件,じけん,"event,affair,incident",N4
事務,じむ,"business,office work",N4
事実,じじつ,"fact,truth,reality",N4
事情,じじょう,"circumstances,consideration,conditions,situation,reasons",N4
事態,じたい,"situation,present state of affairs",N4
二十,はたち,"N20 years old,N20th year",N4
互い,たがい,"mutual,reciprocal",N4
交換,こうかん,"exchange,interchange,reciprocity",N4
交際,こうさい,"company,friendship,association,society,acquaintance",N4
人工,じんこう,"artificial,manmade,human work,human skill,artificiality",N4
人気,にんき,sign of life,N4
人物,じんぶつ,"character,personality,person,man,personage,talented man",N4
人生,じんせい,(human) life (i.e. conception to death),N4
人種,じんしゅ,race (of people),N4
人込み,ひとごみ,crowd of people,N4
人間,にんげん,"human being,man,person",N4
人類,じんるい,"mankind,humanity",N4
今に,いまに,"before long,even now",N4
今にも,いまにも,"at any time,soon",N4
今回,こんかい,"now,this time,lately",N4
今後,こんご,"from now on,hereafter",N4
仏,ほとけ,"Buddha,merciful person,Buddhist image,the dead",N4
他,ほか,other (esp. places and things),N4
他人,たにん,"another person,unrelated person,outsider,stranger",N4
付き合い,つきあい,"association,socializing,fellowship",N4
付ける,つける,"to attach,to join,to add,to append",N4
代理,だいり,"representation,agency,proxy,deputy,agent",N4
代表,だいひょう,"representative,representation,delegation,type,example,model",N4
代金,だいきん,"price,payment,cost,charge",N4
以前,いぜん,"ago,since,before,previous",N4
以来,いらい,"since,henceforth",N4
仲,なか,"relation,relationship",N4
仲間,なかま,"company,fellow,colleague,associate",N4
任せる,まかせる,"to entrust to another,to leave to",N4
企業,きぎょう,"enterprise,undertaking",N4
休憩,きゅうけい,"rest,break,recess,intermission",N4
休暇,きゅうか,"holiday,day off,furlough",N4
会,かい,"meeting,assembly,party,association,club",N4
会合,かいごう,"meeting,assembly",N4
会員,かいいん,"member,the membership",N4
会計,かいけい,"account,finance,accountant",N4
伝統,でんとう,"tradition,convention",N4
伸ばす,のばす,"to lengthen,to stretch,to reach out,to grow (beard)",N4
伸びる,のびる,"to stretch,to extend,to make progress,to grow (beard, body height)",N4
伺う,うかがう,"(hon) to visit,to ask,to inquire",N4
似合う,にあう,"to suit,to match,to become,to be like",N4
位,くらい,"grade,rank,about",N4
位置,いち,"place,situation,position,location",N4
住宅,じゅうたく,"resident,housing",N4
住民,じゅうみん,"citizens,inhabitants,residents,population",N4
体温,たいおん,temperature (body),N4
体育,たいいく,"physical education,gymnastics,athletics",N4
何か,なにか,something,N4
何で,なんで,"Why?,What for?",N4
何でも,なんでも,"by all means,everything",N4
何とか,なんとか,"somehow,anyhow,one way or another",N4
余り,あまり,"not very (used as adverb),not much",N4
余分,よぶん,"extra,excess,surplus",N4
余裕,よゆう,"surplus,composure,margin,room,time,allowance,scope,rope",N4
作品,さくひん,"work,opus,performance,production",N4
作家,さっか,"author,writer,novelist,artist",N4
作曲,さっきょく,"composition,setting (of music)",N4
作業,さぎょう,"work,operation,manufacturing,fatigue duty",N4
作法,さほう,"manners,etiquette,propriety",N4
作物,さくもつ,"produce (e.g. agricultural),crops",N4
使用,しよう,"use,application,employment,utilization",N4
例,れい,"instance,example,case",N4
供給,きょうきゅう,"supply,provision",N4
依頼,いらい,"(N1) request,commission,dispatch,(N2) dependence,trust",N4
価値,かち,"value,worth,merit",N4
価格,かかく,"price,value,cost",N4
便,びん,"way,means",N4
便り,たより,"news,tidings,information,correspondence,letter",N4
係,かかり,"official,duty,person in charge",N4
保存,ほぞん,"preservation,conservation,storage,maintenance",N4
保証,ほしょう,"guarantee,security,assurance,pledge,warranty",N4
信じる,しんじる,"to believe,to place trust in",N4
信仰,しんこう,"(religious) faith,belief,creed",N4
信号,しんごう,"traffic lights,signal,semaphore",N4
信用,しんよう,"confidence,dependence,credit,faith",N4
信頼,しんらい,"reliance,trust,confidence",N4
修正,しゅうせい,"amendment,correction,revision,modification",N4
修理,しゅうり,"repairing,mending",N4
俳優,はいゆう,"actor,actress,player,performer",N4
個人,こじん,"individual,private person,personal,private",N4
倒す,たおす,"to throw down,to beat,to bring down,to blow down",N4
候補,こうほ,candidacy,N4
借金,しゃっきん,"debt,loan,liabilities",N4
値,ね,"value,price,cost",N4
値段,ねだん,"price,cost",N4
偉大,いだい,greatness,N4
停留所,ていりゅうじょ,bus or tram stop,N4
健康,けんこう,"health,sound,wholesome",N4
側,そば,"side,edge,third person",N4
偶,たま,"even number,couple,man and wife,friend",N4
偶々,たまたま,"casually,unexpectedly,accidentally,by chance",N4
偶然,ぐうぜん,"(by) chance,unexpectedly,suddenly",N4
備える,そなえる,"to furnish,to provide for,to equip,to install",N4
傷,きず,"wound,injury,hurt,cut",N4
傾向,けいこう,"tendency,trend,inclination",N4
僅か,わずか,"only,merely,a little,small quantity",N4
働き,はたらき,"work,labor",N4
優れる,すぐれる,"to surpass,to outstrip,to excel",N4
優勝,ゆうしょう,"overall victory,championship",N4
優秀,ゆうしゅう,"superiority,excellence",N4
元,もと,"(N1) origin,original,(N2) former",N4
先ず,まず,"first (of all),to start with,about,almost,hardly (with neg. verb)",N4
先日,せんじつ,"the other day,a few days ago",N4
光景,こうけい,"scene,spectacle",N4
克服,こくふく,"subjugation,conquest",N4
免許,めんきょ,"license,permit,licence,certificate",N4
兎,うさぎ,"rabbit,hare,cony",N4
党,とう,party (political),N4
入場,にゅうじょう,"entrance,admission,entering",N4
入学,にゅうがく,"entry to school or university,matriculation",N4
入院,にゅういん,hospitalization,N4
全,ぜん,"all,whole,entire,complete,overall,pan",N4
全く,まったく,"really,truly,entirely,completely",N4
全て,すべて,"all,the whole,entirely,in general,wholly",N4
全体,ぜんたい,"whole,entirety,whatever (is the matter)",N4
全員,ぜんいん,"all members (unanimity),all hands,the whole crew",N4
全国,ぜんこく,"country-wide,nation-wide,whole country,national",N4
全然,ぜんぜん,"(N1) wholly,entirely,completely,(N2) not at all (with neg. verb)",N4
公平,こうへい,"fairness,impartial,justice",N4
共に,ともに,"sharing with,participate in",N4
共同,きょうどう,"cooperation,association,collaboration,joint",N4
共通,きょうつう,"commonness,community",N4
具体,ぐたい,"concrete,tangible,material",N4
典型,てんけい,"type,pattern,archetypal",N4
内,うち,inside,N4
内容,ないよう,"subject,contents,matter,substance,detail,import",N4
円,まる,"circle,money",N4
再び,ふたたび,"again,once more,a second time",N4
冒険,ぼうけん,"risk,venture,adventure",N4
冗談,じょうだん,"jest,joke",N4
冷静,れいせい,"calm,composure,coolness,serenity",N4
凍る,こおる,"to freeze,to be frozen over,to congeal",N4
処理,しょり,"processing,dealing with,treatment,disposition,disposal",N4
出会い,であい,"meeting,rendezvous,encounter",N4
出会う,であう,"to meet by chance,to come across,to happen to encounter",N4
出席,しゅっせき,"attendance,presence",N4
出来るだけ,できるだけ,if at all possible,N4
出来事,できごと,"incident,affair,happening,event",N4
出版,しゅっぱん,publication,N4
出発,しゅっぱつ,departure,N4
出身,しゅっしん,"graduate from,come from",N4
刀,かたな,"sword,saber,knife,engraving tool",N4
分,ぶ,"dividing,part",N4
分ける,わける,"to divide,to separate",N4
分析,ぶんせき,analysis,N4
分野,ぶんや,"field,sphere,realm,division,branch",N4
切れ,きれ,"cloth,piece,cut,chop",N4
切れる,きれる,"(N1) to cut well,to be sharp,(N2) to break (off)",N4
刈る,かる,"to cut (hair),to mow (grass),to harvest",N4
刑事,けいじ,"criminal case,(police) detective",N4
列,れつ,"queue,line,row",N4
列車,れっしゃ,train (ordinary),N4
判断,はんだん,"judgement,decision",N4
別に,べつに,"(not) particularly,nothing",N4
別れ,わかれ,"parting,separation,farewell",N4
利口,りこう,"clever,shrewd,bright,sharp,wise,intelligent",N4
利益,りえき,"profits,gains,(political, economic) interest",N4
到着,とうちゃく,arrival,N4
制度,せいど,"system,institution,organization",N4
制限,せいげん,"restriction,restraint,limitation",N4
券,けん,"ticket,coupon,bond,certificate",N4
刺激,しげき,"stimulus,impetus,incentive",N4
前者,ぜんしゃ,the former,N4
前進,ぜんしん,"advance,drive,progress",N4
割る,わる,"to divide,to cut,to break,to halve",N4
劇,げき,"drama,play",N4
劇場,げきじょう,"theatre,playhouse",N4
加える,くわえる,"to append,to sum up,to add (up)",N4
加わる,くわわる,"to join in,to accede to,to increase,to gain in (influence)",N4
加減,かげん,"addition and subtraction,allowance for",N4
劣る,おとる,"to fall behind,to be inferior to",N4
助ける,たすける,"to help,to save,to rescue",N4
助手,じょしゅ,"helper,helpmeet,assistant,tutor",N4
努力,どりょく,"great effort,exertion,endeavour,effort",N4
労働,ろうどう,"manual labor,toil,work",N4
効く,きく,to be effective,N4
効果,こうか,"effect,effectiveness,efficacy,result",N4
勇気,ゆうき,"courage,bravery,valour,nerve,boldness",N4
動かす,うごかす,"to move,to shift",N4
動詞,どうし,verb,N4
勘,かん,"perception,intuition,the sixth sense",N4
勘定,かんじょう,"calculation,counting,consideration",N4
務め,つとめ,"(N1) service,duty,(N2) Buddhist religious services",N4
勝ち,かち,"win,victory",N4
勢い,いきおい,"force,vigor,energy,spirit",N4
勤め,つとめ,"(N1) service,duty,business,responsibility,task,(N2) Buddhist religious services",N4
勧める,すすめる,"to recommend,to advise,to encourage,to offer (wine)",N4
勿論,もちろん,"of course,certainly,naturally",N4
匂い,におい,"odour,scent,smell,stench",N4
包み,つつみ,"bundle,package,parcel,bale",N4
化学,かがく,chemistry,N4
化粧,けしょう,make-up (cosmetic),N4
区別,くべつ,"distinction,differentiation,classification",N4
医師,いし,"doctor,physician",N4
医療,いりょう,"medical care,medical treatment",N4
半ば,なかば,"middle,half,semi,halfway,partly",N4
協力,きょうりょく,"cooperation,collaboration",N4
単なる,たんなる,"mere,simple,sheer",N4
単に,たんに,"simply,merely,only,solely",N4
単位,たんい,"unit,denomination,credit (in school)",N4
単純,たんじゅん,simplicity,N4
単語,たんご,"word,vocabulary,(usually) single-character word",N4
博士,はかせ,"doctorate,PhD",N4
博物館,はくぶつかん,museum,N4
占める,しめる,"(N1) to comprise,to account for,to make up (of),(N2) to hold,to occupy",N4
印,しるし,"(N1) mark,(N2) symbol,(N3) evidence",N4
印刷,いんさつ,printing,N4
印象,いんしょう,impression,N4
厄介,やっかい,"trouble,burden,care,bother",N4
原,はら,"field,plain,prairie,tundra,moor,wilderness",N4
去る,さる,"to leave,to go away",N4
参加,さんか,participation,N4
参考,さんこう,"reference,consultation",N4
又,また,"again,and",N4
及ぼす,およぼす,"to exert,to cause,to exercise",N4
友,とも,"friend,companion,pal",N4
友人,ゆうじん,friend,N4
友情,ゆうじょう,"friendship,fellowship",N4
双子,ふたご,"twins,a twin",N4
反抗,はんこう,"opposition,resistance",N4
収める,おさめる,"to obtain,to reap,to pay,to supply,to accept",N4
収入,しゅうにゅう,"income,receipts,revenue",N4
収穫,しゅうかく,"harvest,crop,ingathering",N4
取り上げる,とりあげる,"to take up,to pick up,to disqualify,to confiscate,to deprive",N4
取れる,とれる,"to come off,to be taken off,to be removed",N4
受け取る,うけとる,"to receive,to get,to accept,to take",N4
句,く,sentence,N4
叩く,たたく,"to strike,to clap,to dust,to beat",N4
叫ぶ,さけぶ,"to shout,to cry",N4
可,か,passable,N4
可能,かのう,"possible,practicable,feasible",N4
台,だい,"stand,rack,table,support",N4
叱る,しかる,to scold,N4
合わせる,あわせる,"to join together,to be opposite,to face,to unite",N4
合図,あいず,"sign,signal",N4
合格,ごうかく,"success,passing (e.g. exam),eligibility",N4
合計,ごうけい,"sum total,total amount",N4
同一,どういつ,"identity,sameness,similarity",N4
同僚,どうりょう,"coworker,colleague,associate",N4
同時,どうじ,"simultaneous(ly),concurrent,same time,synchronous",N4
同様,どうよう,"identical,equal to,same (kind),like",N4
名,な,"name,reputation",N4
名人,めいじん,"master,expert",N4
吐く,はく,"(N1) to breathe,(N2) to tell (lies),(N3) to vomit,to disgorge",N4
向かい,むかい,"facing,opposite,across the street,other side",N4
向く,むく,to face,N4
向ける,むける,"to turn towards,to point",N4
吠える,ほえる,"to bark,to bay,to howl,to bellow,to roar,to cry",N4
否,いや,"no,the noes",N4
否定,ひてい,"negation,denial,repudiation",N4
含む,ふくむ,"to hold in the mouth,to bear in mind",N4
吸収,きゅうしゅう,"absorption,suction,attraction",N4
周囲,しゅうい,"surroundings,circumference,environs",N4
味方,みかた,"friend,ally,supporter",N4
呼吸,こきゅう,"breath,respiration",N4
命,いのち,"command,decree,life,destiny",N4
命じる,めいじる,"to order,to command,to appoint",N4
命令,めいれい,"order,command,decree,directive,(software) instruction",N4
咳,せき,cough,N4
哀れ,あわれ,"helpless,pity,sorrow,grief",N4
品,しな,"thing,article,goods,dignity,article (goods),counter for meal courses",N4
哲学,てつがく,philosophy,N4
唯,ただ,"free of charge,mere,sole,only,usual,common",N4
唯一,ゆいいつ,"only,sole,unique",N4
商人,しょうにん,"trader,shopkeeper,merchant",N4
商品,しょうひん,"commodity,article of commerce,goods,stock,merchandise",N4
商売,しょうばい,"trade,business,commerce,transaction,occupation",N4
問い,とい,"question,query",N4
善,ぜん,"good,goodness,right,virtue",N4
喉,のど,throat,N4
喜び,よろこび,"(a) joy,(a) delight,rapture,pleasure,gratification,rejoicing,congratulations,felicitations",N4
喧嘩,けんか,"quarrel,(drunken) brawl,failure",N4
営業,えいぎょう,"business,trade,management",N4
嘘,うそ,"lie,falsehood,incorrect fact,inappropriate",N4
噂,うわさ,"rumour,report,gossip,common talk",N4
器用,きよう,"skillful,handy",N4
回,かい,counter for occurrences,N4
回す,まわす,"to turn,to revolve",N4
回り,まわり,"circumference,surroundings,circulation",N4
回復,かいふく,"recovery (from illness),improvement,rehabilitation,restoration",N4
団体,だんたい,"organization,association",N4
困難,こんなん,"difficulty,distress",N4
囲む,かこむ,"to surround,to encircle",N4
図,ず,"figure (e.g. Fig N1),drawing,picture,illustration",N4
図書,としょ,books,N4
国会,こっかい,"National Diet,parliament,congress",N4
国境,こっきょう,national or state border,N4
国家,こっか,"state,country,nation",N4
国民,こくみん,"national,people,citizen",N4
国語,こくご,national language,N4
土,つち,"earth,soil",N4
土地,とち,"plot of land,lot,soil",N4
土曜,どよう,Saturday,N4
土産,みやげ,"present,souvenir",N4
地,ち,earth,N4
地下,ちか,"basement,underground",N4
地位,ちい,"(social) position,status",N4
地区,ちく,"district,section,sector",N4
地域,ちいき,"area,region",N4
地平線,ちへいせん,horizon,N4
地方,ちほう,"area,locality,district,region,the coast",N4
地球,ちきゅう,the earth,N4
型,かた,"mold,model,style,shape,data-type",N4
埃,ほこり,dust,N4
城,しろ,castle,N4
基,もと,basis,N4
基づく,もとづく,"to be grounded on,to be based on,to be due to,to originate from",N4
基本,きほん,"foundation,basis,standard",N4
報告,ほうこく,"report,information",N4
場,ば,"place,field (physics)",N4
場面,ばめん,"scene,setting (e.g. of novel)",N4
塀,へい,"wall,fence",N4
塔,とう,"tower,pagoda",N4
塵,ごみ,"dust,dirt",N4
境,さかい,"border,boundary,mental state",N4
墓,はか,"grave,tomb",N4
増す,ます,"to increase,to grow",N4
増加,ぞうか,"increase,addition",N4
売れる,うれる,to be sold,N4
変化,へんか,"goblin,ghost,apparition,bugbear",N4
変更,へんこう,"change,modification,alteration",N4
夕べ,ゆうべ,evening,N4
外す,はずす,"to unfasten,to remove",N4
外交,がいこう,diplomacy,N4
外出,がいしゅつ,"outing,going out",N4
多分,たぶん,"perhaps,probably",N4
多少,たしょう,"more or less,somewhat,a little,some",N4
夜中,よなか,"midnight,dead of night",N4
夜明け,よあけ,"dawn,daybreak",N4
夢中,むちゅう,"daze,(in a) trance,ecstasy,delirium,engrossment",N4
大,だい,,N4
大いに,おおいに,"very,much,greatly",N4
大した,たいした,"considerable,great,important,significant,a big deal",N4
大会,たいかい,"convention,tournament,mass meeting,rally",N4
大使,たいし,ambassador,N4
大半,たいはん,"majority,mostly,generally",N4
大変,たいへん,"awful,dreadful,terrible,very",N4
大家,おおや,"rich family,distinguished family",N4
大戦,たいせん,"great war,great battle",N4
大抵,たいてい,"usually,generally",N4
大気,たいき,atmosphere,N4
大統領,だいとうりょう,"president,chief executive",N4
大臣,だいじん,cabinet minister,N4
大部分,だいぶぶん,"most part,greater part,majority",N4
大陸,たいりく,continent,N4
天候,てんこう,weather,N4
天然,てんねん,"nature,spontaneity",N4
太陽,たいよう,"sun,solar",N4
夫人,ふじん,"wife,Mrs,madam",N4
夫婦,ふうふ,"married couple,husband and wife",N4
失う,うしなう,"to lose,to part with",N4
失望,しつぼう,"disappointment,despair",N4
失業,しつぎょう,unemployment,N4
奇妙,きみょう,"strange,queer,curious",N4
契約,けいやく,"contract,compact,agreement",N4
奥,おく,"interior,inner part",N4
奨学金,しょうがくきん,scholarship,N4
奪う,うばう,to snatch away,N4
女優,じょゆう,actress,N4
女子,じょし,"woman,girl",N4
女王,じょおう,queen,N4
好み,このみ,"liking,taste,choice",N4
好む,このむ,"to like,to prefer",N4
妙,みょう,"strange,unusual",N4
姉妹,しまい,sisters,N4
始まり,はじまり,"origin,beginning",N4
委員,いいん,committee member,N4
姿,すがた,"figure,shape,appearance",N4
婚約,こんやく,"engagement,betrothal",N4
婦人,ふじん,"woman,female",N4
嫁,よめ,"bride,daughter-in-law",N4
嫌う,きらう,"to hate,to dislike,to loathe",N4
嬉しい,うれしい,"happy,glad,pleasant",N4
存在,そんざい,"existence,being",N4
学,がく,"learning,scholarship,erudition,knowledge",N4
学ぶ,まなぶ,"to study (in depth),to learn,to take lessons in",N4
学問,がくもん,"scholarship,study,learning",N4
学期,がっき,term (school),N4
学習,がくしゅう,"study,learning",N4
学者,がくしゃ,scholar,N4
孫,まご,grandchild,N4
宅,たく,"house,home,husband",N4
宇宙,うちゅう,"universe,cosmos,space",N4
守る,まもる,"to protect,to obey,to guard,to abide (by the rules)",N4
安定,あんてい,"stability,equilibrium",N4
完了,かんりょう,"completion,conclusion",N4
完全,かんぜん,"perfection,completeness",N4
完成,かんせい,"(N1) complete,completion,(N2) perfection,accomplishment",N4
宗教,しゅうきょう,religion,N4
定期,ていき,fixed term,N4
宜しい,よろしい,"(hon) good,OK,all right,fine,very well,will do,may,can",N4
宝,たから,treasure,N4
宝石,ほうせき,"gem,jewel",N4
実,み,"fruit,nut,seed,content,good result",N4
実に,じつに,"indeed,truly,surely",N4
実は,じつは,"as a matter of fact,by the way",N4
実施,じっし,"enforcement,enact,put into practice,carry out,operation",N4
実現,じつげん,"implementation,materialization,realization",N4
実行,じっこう,"practice,performance,execution (e.g. program),realization",N4
実際,じっさい,"practical,actual condition,status quo",N4
実験,じっけん,experiment,N4
害,がい,"injury,harm,evil influence,damage",N4
家事,かじ,"housework,domestic chores",N4
家具,かぐ,furniture,N4
家賃,やちん,rent,N4
容易,ようい,"easy,simple,plain",N4
宿,やど,"inn,lodging",N4
宿泊,しゅくはく,lodging,N4
寄付,きふ,"contribution,donation",N4
密,みつ,,N4
寧ろ,むしろ,"rather,better,instead",N4
審判,しんぱん,"refereeing,trial,judgement,umpire,referee",N4
対,たい,"pair,couple,set",N4
対する,たいする,"to face,to confront,to oppose",N4
対象,たいしょう,"target,object (of worship, study, etc),subject (of taxation, etc)",N4
専攻,せんこう,"major subject,special study",N4
尊敬,そんけい,"respect,esteem,reverence,honour",N4
尊重,そんちょう,"respect,esteem,regard",N4
小,しょう,,N4
小包,こづつみ,"parcel,package",N4
小屋,こや,"hut,cabin,shed,(animal) pen",N4
小麦,こむぎ,wheat,N4
少々,しょうしょう,"just a minute,small quantity",N4
少しも,すこしも,"anything of,not one bit",N4
少女,しょうじょ,"daughter,young lady,virgin,maiden,little girl",N4
少年,しょうねん,"boys,juveniles",N4
尤も,もっとも,"quite right,plausible,natural,but then,although",N4
就く,つく,"to settle in (place),to take (seat, position),to study (under teacher)",N4
就職,しゅうしょく,"finding employment,inauguration",N4
尻,しり,"buttocks,bottom",N4
局,きょく,"court lady,lady in waiting",N4
居眠り,いねむり,"dozing,nodding off",N4
居間,いま,living room (western style),N4
届く,とどく,to reach,N4
屋根,やね,roof,N4
履く,はく,"to wear,to put on (lower body)",N4
岩,いわ,"rock,crag",N4
岸,きし,"bank,coast,shore",N4
嵐,あらし,"storm,tempest",N4
川,かわ,river,N4
州,しゅう,sandbank,N4
巣,す,"nest,rookery,breeding place,beehive,cobweb",N4
工場,こうば,"factory,plant,mill,workshop",N4
左右,さゆう,"(N1) left and right,(N2) influence,control,domination",N4
巨大,きょだい,"huge,gigantic,enormous",N4
差,さ,"difference,variation",N4
差別,さべつ,"discrimination,distinction,differentiation",N4
市場,いちば,(the) market (as a concept),N4
布,ぬの,cloth,N4
希望,きぼう,"hope,wish,aspiration",N4
帯,おび,"band (e.g. conduction, valence)",N4
帰宅,きたく,returning home,N4
常に,つねに,"always,constantly",N4
常識,じょうしき,common sense,N4
幅,はば,"width,breadth",N4
幕,まく,"curtain,bunting,act (in play)",N4
平ら,たいら,"flatness,level,smooth,calm,plain",N4
平和,へいわ,"peace,harmony",N4
平均,へいきん,"equilibrium,balance,average,mean",N4
平等,びょうどう,"equality (a),impartiality,evenness",N4
年中,ねんじゅう,"whole year,always,everyday",N4
年代,ねんだい,"age,era,period,date",N4
年寄,としより,"old people,the aged",N4
年月,としつき,months and years,N4
年間,ねんかん,year,N4
年齢,ねんれい,"age,years",N4
幸い,さいわい,"happiness,blessedness",N4
幸せ,しあわせ,"happiness,good fortune,luck,blessing",N4
幸福,こうふく,"happiness,blessedness",N4
幸運,こううん,"good luck,fortune",N4
幼い,おさない,"very young,childish",N4
幾つ,いくつ,"how many?,how old?",N4
幾ら,いくら,"how much?,how many?",N4
広がる,ひろがる,"to spread (out),to extend,to stretch,to reach to,to get around",N4
広告,こうこく,advertisement,N4
床,ゆか,floor,N4
底,そこ,"bottom,sole",N4
度,たび,counter for occurrences,N4
座席,ざせき,seat,N4
延期,えんき,"postponement,adjournment",N4
建築,けんちく,"construction,architecture",N4
建設,けんせつ,"construction,establishment",N4
弁当,べんとう,box lunch,N4
式,しき,"equation,formula,ceremony",N4
引っ張る,ひっぱる,"(N1) to pull,to draw,to stretch,to drag,(N2) to pull the ball (baseball)",N4
引用,いんよう,"quotation,citation",N4
引退,いんたい,retire,N4
張る,はる,"to stick,to paste",N4
強力,きょうりょく,"herculean strength,mountain carrier-guide",N4
強盗,ごうとう,"robbery,burglary",N4
強調,きょうちょう,"emphasis,stress,stressed point",N4
弾,たま,"bullet,shot,shell",N4
当たる,あたる,"to be hit,to be successful,to be equivalent to",N4
当てる,あてる,"to hit,to apply a patch",N4
当時,とうじ,"at that time,in those days",N4
影,かげ,"shade,shadow,other side",N4
影響,えいきょう,"influence,effect",N4
役,やく,"use,service,role,position",N4
役割,やくわり,"part,assigning (allotment of) parts,role,duties",N4
彼等,かれら,they (usually male),N4
後者,こうしゃ,the latter,N4
徐々に,じょじょに,"slowly,little by little,gradually,steadily,quietly",N4
従う,したがう,"to abide (by the rules),to obey,to follow,to accompany",N4
従兄弟,いとこ,cousin (male),N4
得る,える,"to get,to gain,to win",N4
得意,とくい,"pride,triumph,prosperity",N4
御,お,honourable,N4
微妙,びみょう,"delicate,subtle",N4
微笑む,ほほえむ,to smile,N4
徹夜,てつや,"all night,all night vigil,sleepless night",N4
徹底,てってい,"thoroughness,completeness",N4
心理,しんり,mentality,N4
心臓,しんぞう,heart,N4
心配,しんぱい,"worry,concern,anxiety,care",N4
必ずしも,かならずしも,"(not) always,(not) necessarily,(not) all,(not) entirely",N4
必死,ひっし,"inevitable death,desperation,frantic,inevitable result",N4
応じる,おうじる,"to respond,to satisfy,to accept,to comply with,to apply for",N4
快適,かいてき,"pleasant,agreeable,comfortable",N4
思い出,おもいで,"memories,recollections,reminiscence",N4
思わず,おもわず,"unintentional,spontaneous",N4
思想,しそう,"thought,idea",N4
怠ける,なまける,"to be idle,to neglect",N4
急に,きゅうに,,N4
急激,きゅうげき,"sudden,precipitous,radical",N4
急速,きゅうそく,rapid (e.g. progress),N4
性,せい,"sex,gender",N4
性格,せいかく,"character,personality",N4
怪我,けが,"injury (to animate object),hurt",N4
恋,こい,"love,tender passion",N4
恋人,こいびと,"lover,sweetheart",N4
恐れる,おそれる,"to fear,to be afraid of",N4
恐ろしい,おそろしい,"terrible,dreadful",N4
恐怖,きょうふ,"be afraid,dread,dismay,terror",N4
恩,おん,"favour,obligation,debt of gratitude",N4
息,いき,"breath,tone",N4
患者,かんじゃ,a patient,N4
悩む,なやむ,"to be worried,to be troubled",N4
悪口,わるくち,"abuse,insult,slander,evil speaking",N4
悪魔,あくま,"devil,demon,evil spirit",N4
悲しむ,かなしむ,"to be sad,to mourn for,to regret",N4
悲劇,ひげき,tragedy,N4
情報,じょうほう,"information,(military) intelligence",N4
想像,そうぞう,"imagination,guess",N4
愉快,ゆかい,"pleasant,happy",N4
意外,いがい,"unexpected,surprising",N4
意志,いし,"will,volition",N4
意思,いし,"intention,purpose",N4
意識,いしき,"consciousness,senses",N4
愛,あい,love,N4
愛する,あいする,to love,N4
愛情,あいじょう,"love,affection",N4
感じ,かんじ,"feeling,sense,impression",N4
感じる,かんじる,"to feel,to sense,to experience",N4
感動,かんどう,"being deeply moved,excitement,impression,deep emotion",N4
感心,かんしん,"admiration,Well done!",N4
感情,かんじょう,"emotion(s),feeling(s),sentiment",N4
感覚,かんかく,"sense,sensation",N4
感謝,かんしゃ,"thanks,gratitude",N4
態度,たいど,"attitude,manner",N4
慎重,しんちょう,"discretion,prudence",N4
憲法,けんぽう,constitution,N4
成る,なる,to become,N4
成人,せいじん,adult,N4
成功,せいこう,"success,hit",N4
成績,せいせき,"results,record",N4
成長,せいちょう,"growth,grow to adulthood",N4
我々,われわれ,we,N4
我慢,がまん,"patience,endurance,perseverance",N4
或,ある,"a certain...,some...",N4
戦い,たたかい,"battle,fight,struggle,conflict",N4
戦う,たたかう,"to fight,to battle,to combat",N4
戻す,もどす,"to restore,to put back,to return",N4
所為,せい,"cause,reason,fault",N4
手伝い,てつだい,"help,helper,assistant",N4
手品,てじな,"sleight of hand,conjuring trick,magic,juggling",N4
手段,しゅだん,"means,way,measure",N4
手術,しゅじゅつ,surgical operation,N4
手間,てま,"time,labour",N4
才能,さいのう,"talent,ability",N4
打つ,ぶつ,"to hit,to strike",N4
扱う,あつかう,"to handle,to deal with,to treat",N4
批判,ひはん,"criticism,judgement,comment",N4
批評,ひひょう,"criticism,review,commentary",N4
承知,しょうち,"consent,acceptance,assent,admitting",N4
承認,しょうにん,"recognition,acknowledgement,approval,consent,agreement",N4
技師,ぎし,"engineer,technician",N4
投票,とうひょう,"voting,poll",N4
抜く,ぬく,"to extract,to omit,to surpass,to draw out,to unplug",N4
抜ける,ぬける,"to come out,to fall out,to be omitted",N4
抱える,かかえる,to hold or carry under or in the arms,N4
抱く,いだく,"(sl) to embrace,to hug,to harbour,to entertain",N4
抵抗,ていこう,"electrical resistance,resistance,opposition",N4
担当,たんとう,(in) charge,N4
拍手,はくしゅ,"clapping hands,applause",N4
招く,まねく,to invite,N4
招待,しょうたい,invitation,N4
拡大,かくだい,"magnification,enlargement",N4
持ち上げる,もちあげる,"to raise,to lift up,to flatter",N4
指す,さす,"to point,to put up umbrella,to play",N4
指導,しどう,"leadership,guidance,coaching",N4
挨拶,あいさつ,"greeting,salutation",N4
振る,ふる,"(N1) to wave,to shake,to swing,(N2) to sprinkle,(N3) to cast (actor),to allocate (work)",N4
捕まる,つかまる,"to be caught,to be arrested",N4
掛かる,かかる,"to take (e.g. time, money, etc),to hang",N4
推薦,すいせん,recommendation,N4
掲示,けいじ,"notice,bulletin",N4
掴む,つかむ,"to seize,to catch,to grasp",N4
描く,えがく,"to draw,to paint,to sketch,to depict,to describe",N4
提出,ていしゅつ,"presentation,submission,filing",N4
提案,ていあん,"proposal,proposition,suggestion",N4
換える,かえる,"to exchange,to interchange,to substitute,to replace",N4
握る,にぎる,"to grasp,to seize,to mould sushi",N4
握手,あくしゅ,handshake,N4
援助,えんじょ,"assistance,aid,support",N4
損,そん,"loss,disadvantage",N4
損害,そんがい,"damage,injury,loss",N4
撃つ,うつ,"to attack,to defeat,to destroy",N4
操作,そうさ,"operation,management,processing",N4
支える,ささえる,"to be blocked,to choke,to be obstructed",N4
支出,ししゅつ,"expenditure,expenses",N4
支店,してん,branch store (office),N4
支度,したく,preparation,N4
支払,しはらい,payment,N4
支払う,しはらう,to pay,N4
支給,しきゅう,"payment,allowance",N4
支配,しはい,"rule,control,direction",N4
改善,かいぜん,"betterment,improvement",N4
攻撃,こうげき,"attack,strike,offensive,criticism,censure",N4
放す,はなす,"to separate,to set free",N4
放送,ほうそう,"broadcast,broadcasting",N4
政府,せいふ,"government,administration",N4
故郷,こきょう,"home town,birthplace,old village,historic village",N4
故障,こしょう,"break-down,failure,accident,out of order",N4
救う,すくう,"to rescue from,to help out of",N4
救助,きゅうじょ,"relief,aid,rescue",N4
教師,きょうし,teacher (classroom),N4
教授,きょうじゅ,"teaching,instruction,professor",N4
教科書,きょうかしょ,text book,N4
敬意,けいい,"respect,honour",N4
数,すう,"number,figure",N4
数える,かぞえる,to count,N4
数字,すうじ,"numeral,figure",N4
整理,せいり,"sorting,arrangement,adjustment,regulation",N4
敵,てき,"enemy,rival",N4
文,ぶん,sentence,N4
文句,もんく,"phrase,complaint",N4
文字,もんじ,"letter (of alphabet),character",N4
文明,ぶんめい,"civilization,culture",N4
料金,りょうきん,"fee,charge,fare",N4
断る,ことわる,"to refuse,to decline,to dismiss",N4
新た,あらた,"new,fresh,novel",N4
新鮮,しんせん,fresh,N4
方々,かたがた,"persons,this and that,here and there,everywhere",N4
方向,ほうこう,"direction,course,way",N4
方法,ほうほう,"method,manner,way,means,technique",N4
旅,たび,"travel,trip,journey",N4
旗,はた,flag,N4
既に,すでに,"already,too late",N4
日,にち,"sun,sunshine,day",N4
日中,にっちゅう,"daytime,broad daylight",N4
日付,ひづけ,"date,dating",N4
日光,にっこう,sunlight,N4
日常,にちじょう,"ordinary,regular,everyday,usual",N4
日曜,にちよう,Sunday,N4
日本,にほん,Japan,N4
旧,きゅう,ex-,N4
昇る,のぼる,"to arise,to ascend,to go up",N4
明かり,あかり,"lamplight,light (in general),brightness",N4
明ける,あける,"to dawn,to become daylight",N4
明らか,あきらか,"obvious,evident,clear",N4
明後日,みょうごにち,day after tomorrow,N4
明確,めいかく,"clear up,clarify,define",N4
昨,さく,"last (year),yesterday",N4
是非,ぜひ,"certainly,without fail",N4
昼食,ちゅうしょく,"lunch,midday meal",N4
時,とき,"(N1) time,hour,(N2) occasion,moment",N4
時刻,じこく,"instant,time,moment",N4
時期,じき,"time,season,period",N4
普段,ふだん,"usually,habitually,ordinarily,always",N4
景気,けいき,"condition,state,business (condition)",N4
暗記,あんき,"memorization,learning by heart",N4
暮らし,くらし,"living,livelihood,subsistence,circumstances",N4
暮らす,くらす,"to live,to get along",N4
暮れ,くれ,"year end,sunset,nightfall,end",N4
曇,くもり,"cloudiness,cloudy weather,shadow",N4
曜日,ようび,day of the week,N4
更に,さらに,"furthermore,again,after all,more and more,moreover",N4
書斎,しょさい,study,N4
書物,しょもつ,books,N4
書類,しょるい,"documents,official papers",N4
替える,かえる,"to exchange,to interchange,to substitute,to replace",N4
最も,もっとも,"most,extremely",N4
最中,さいちゅう,in the middle of,N4
最低,さいてい,"least,lowest,worst",N4
最終,さいしゅう,"last,final,closing",N4
最高,さいこう,"highest,supreme,the most",N4
月,つき,"moon,month",N4
月曜,げつよう,Monday,N4
有る,ある,"to be,to have",N4
有利,ゆうり,"advantageous,better,profitable,lucrative",N4
有効,ゆうこう,"validity,availability,effectiveness",N4
有能,ゆうのう,"able,capable,efficient,skill",N4
服装,ふくそう,garments,N4
望み,のぞみ,"wish,desire,(a) hope",N4
望む,のぞむ,"to desire,to wish for,to see,to command (a view of)",N4
期待,きたい,"expectation,anticipation,hope",N4
期間,きかん,"period,term",N4
木曜,もくよう,Thursday,N4
未だ,まだ,"yet,still,more,besides",N4
未来,みらい,"future (life, tense)",N4
末,すえ,"the end of,powder",N4
本人,ほんにん,the person himself,N4
本当,ほんとう,"truth,reality",N4
本物,ほんもの,genuine article,N4
札,さつ,"(N1) token,label,(N2) ticket,(N3) charm",N4
材料,ざいりょう,"ingredients,material",N4
束,たば,"handbreadth,bundle",N4
条件,じょうけん,"conditions,terms",N4
来,らい,",for (N10 days),next (year)",N4
松,まつ,"(N1) pine tree,(N2) highest (of a three-tier ranking system)",N4
板,いた,"board,plank",N4
柄,え,"handle,grip",N4
栄養,えいよう,"nutrition,nourishment",N4
株,かぶ,"share,stock,stump (of tree)",N4
根,ね,root,N4
格好,かっこう,"shape,form,posture,suitability",N4
案,あん,"plan,suffix meaning draft",N4
案内,あんない,"information,guidance,leading",N4
桜,さくら,"cherry blossom,cherry tree",N4
梅,うめ,"plum,plum-tree,lowest (of a three-tier ranking system)",N4
梅雨,つゆ,"rainy season,rain during the rainy season",N4
棒,ぼう,"pole,rod,stick",N4
椅子,いす,chair,N4
植物,しょくぶつ,"plant,vegetation",N4
検査,けんさ,"inspection (e.g. customs, factory),examination",N4
検討,けんとう,"consideration,examination,investigation,study,scrutiny",N4
極,ごく,"quite,very",N4
楽,らく,"comfort,ease",N4
構う,かまう,"to mind,to care about,to be concerned about",N4
構成,こうせい,"organization,composition",N4
様,よう,"way,manner,kind",N4
様々,さまざま,"varied,various",N4
様子,ようす,"aspect,state,appearance",N4
模様,もよう,"pattern,figure,design",N4
権利,けんり,"right,privilege",N4
横切る,よこぎる,"to cross (e.g. arms),to traverse",N4
横断,おうだん,crossing,N4
機嫌,きげん,"humour,temper,mood",N4
機械,きかい,"machine,mechanism",N4
機能,きのう,"function,faculty",N4
機関,きかん,"organ,mechanism,facility,engine",N4
欠ける,かける,to be lacking,N4
欠席,けっせき,"absence,non-attendance",N4
欠点,けってん,"faults,defect,weakness",N4
欠陥,けっかん,"defect,fault,deficiency",N4
次々,つぎつぎ,"in succession,one by one",N4
次第,しだい,"(N1) order,precedence,(N2) circumstances,(N3) immediate(ly)",N4
歌手,かしゅ,singer,N4
歓迎,かんげい,"welcome,reception",N4
止す,よす,"to cease,to abolish,to resign,to give up",N4
正,せい,"(logical) true,regular",N4
正午,しょうご,"noon,mid-day",N4
正式,せいしき,"due form,official,formality",N4
正直,しょうじき,"honesty,integrity,frankness",N4
正確,せいかく,"accurate,punctuality,exactness,authenticity,veracity",N4
武器,ぶき,"weapon,arms,ordinance",N4
歩道,ほどう,"footpath,walkway,sidewalk",N4
死亡,しぼう,"death,mortality",N4
残す,のこす,"to leave (behind, over),to bequeath,to save,to reserve",N4
残り,のこり,"remnant,residue,remaining,left-over",N4
段,だん,"step,stair,flight of steps,grade,rank,level",N4
殺す,ころす,to kill,N4
母親,ははおや,mother,N4
毒,どく,"poison,toxicant",N4
比較,ひかく,comparison,N4
毛布,もうふ,blanket,N4
氏,し,"family name,lineage,birth",N4
気に入る,きにいる,"to be pleased with,to suit",N4
気の毒,きのどく,"pitiful,a pity",N4
気付く,きづく,"to notice,to recognize,to become aware of",N4
気候,きこう,climate,N4
気味,きみ,"-like,-looking,-looked",N4
気温,きおん,temperature,N4
水準,すいじゅん,"(N1) water level,(N2) level,standard",N4
氷,こおり,"ice,hail",N4
永久,えいきゅう,"eternity,perpetuity,immortality",N4
永遠,えいえん,"eternity,perpetuity,immortality,permanence",N4
求める,もとめる,"to seek,to request,to demand,to want,to wish for,to search for,to pursue (pleasure),to hunt (a job),",N4
汗,あせ,"sweat,perspiration",N4
汚染,おせん,"pollution,contamination",N4
決まり,きまり,"settlement,conclusion,regulation,rule",N4
決定,けってい,"decision,determination",N4
決心,けっしん,"determination,resolution",N4
沈む,しずむ,"to sink,to feel depressed",N4
沖,おき,open sea,N4
河,かわ,"river,stream",N4
油,あぶら,oil,N4
泉,いずみ,"spring,fountain",N4
法,ほう,Act (law: the X Act),N4
泡,あわ,"bubble,foam,froth,head on beer",N4
波,なみ,wave,N4
泥,どろ,mud,N4
注,ちゅう,"annotation,explanatory note",N4
注ぐ,そそぐ,"to pour (into),to irrigate,to pay,to fill,to feed (e.g. a fire)",N4
注文,ちゅうもん,"order,request",N4
注目,ちゅうもく,"notice,attention,observation",N4
泳ぎ,およぎ,swimming,N4
活動,かつどう,"action,activity",N4
活気,かっき,"energy,liveliness",N4
活用,かつよう,"conjugation,practical use",N4
流す,ながす,"to drain,to float,to shed (blood, tears),to cruise (e.g. taxi)",N4
流れ,ながれ,"stream,current",N4
流れる,ながれる,"to stream,to flow,to run (ink),to be washed away",N4
流行,りゅうこう,"fashionable,fad,in vogue,prevailing",N4
浴びる,あびる,"to bathe,to bask in the sun,to shower",N4
海外,かいがい,"foreign,abroad,overseas",N4
消費,しょうひ,"consumption,expenditure",N4
消防,しょうぼう,"fire fighting,fire department",N4
涙,なみだ,tear,N4
深刻,しんこく,serious,N4
混乱,こんらん,"disorder,chaos,confusion,mayhem",N4
混雑,こんざつ,"confusion,congestion",N4
清潔,せいけつ,clean,N4
済ませる,すませる,to be finished,N4
渋滞,じゅうたい,"congestion (e.g. traffic),delay,stagnation",N4
減らす,へらす,"to abate,to decrease,to diminish,to shorten",N4
減る,へる,"to decrease (in size or number),to diminish,to abate",N4
温度,おんど,temperature,N4
温暖,おんだん,warmth,N4
湾,わん,"bay,gulf,inlet",N4
満ちる,みちる,"to be full,to rise (tide),to mature,to expire",N4
満足,まんぞく,satisfaction,N4
準備,じゅんび,"preparation,arrangements,provision,reserve",N4
溺れる,おぼれる,"to be drowned,to indulge in",N4
滅多に,めったに,"rarely (with neg. verb),seldom",N4
滞在,たいざい,"stay,sojourn",N4
演奏,えんそう,musical performance,N4
演技,えんぎ,"acting,performance",N4
演説,えんぜつ,"speech,address",N4
激しい,はげしい,"violent,vehement,intense",N4
濃い,こい,"thick (as of color, liquid),dense,strong",N4
濠,ほり,moat,N4
濡れる,ぬれる,to get wet,N4
火曜,かよう,(abbr) Tuesday,N4
火災,かさい,"conflagration,fire",N4
灯,ひ,light,N4
灰,はい,ash,N4
炎,ほのお,flame,N4
為る,する,"to change,to be of use,to reach to",N4
無,ぶ,"nothing,naught,nil,zero",N4
無し,なし,without,N4
無事,ぶじ,"safety,peace,quietness",N4
無料,むりょう,"free,no charge",N4
無視,むし,"disregard,ignore",N4
無駄,むだ,"futility,uselessness",N4
煙,けむり,"smoke,fumes",N4
熱中,ねっちゅう,"nuts!,enthusiasm,zeal,mania",N4
熱帯,ねったい,tropics,N4
熱心,ねっしん,"zeal,enthusiasm",N4
燃える,もえる,to burn,N4
爆発,ばくはつ,"explosion,detonation,eruption",N4
父親,ちちおや,father,N4
牛,うし,"cattle,cow",N4
物事,ものごと,"things,everything",N4
物価,ぶっか,"prices of commodities,prices (in general)",N4
物理,ぶつり,physics,N4
物語,ものがたり,"tale,story,legend",N4
物質,ぶっしつ,"material,substance",N4
物音,ものおと,sounds,N4
特徴,とくちょう,"feature,characteristic",N4
犯人,はんにん,"offender,criminal",N4
犯罪,はんざい,crime,N4
状態,じょうたい,"condition,situation,circumstances,state",N4
状況,じょうきょう,"state of affairs,situation,circumstances",N4
狂う,くるう,"to go mad,to get out of order",N4
独り,ひとり,"alone,unmarried",N4
独特,どくとく,"peculiarity,uniqueness,characteristic",N4
独立,どくりつ,"independence (e.g. Ind. Day),self-support",N4
独身,どくしん,"bachelorhood,single,unmarried,celibate",N4
猿,さる,monkey,N4
率,りつ,"rate,ratio,proportion,percentage",N4
玉,たま,"ball,sphere,coin",N4
王,おう,"king,ruler,sovereign,monarch",N4
王子,おうじ,prince,N4
王様,おうさま,king,N4
現す,あらわす,"to show,to indicate,to display",N4
現れ,あらわれ,"embodiment,materialization",N4
現れる,あらわれる,"(N1) to appear,to come in sight,to become visible,(N2) to express oneself",N4
現代,げんだい,"nowadays,modern times,present-day",N4
現在,げんざい,"present,up to now,nowadays,modern times,current",N4
現場,げんば,"actual spot,scene,scene of the crime",N4
現実,げんじつ,reality,N4
現状,げんじょう,"present condition,existing state,status quo",N4
現象,げんしょう,phenomenon,N4
現金,げんきん,"cash,ready money,mercenary,self-interested",N4
球,たま,"globe,sphere,ball",N4
理想,りそう,ideal,N4
理解,りかい,"understanding,comprehension",N4
環境,かんきょう,"environment,circumstance",N4
瓶,びん,bottle,N4
生,なま,"(N1) draft (beer),(N2) raw,unprocessed",N4
生き物,いきもの,"living thing,animal",N4
生じる,しょうじる,"to produce,to yield,to result from,to arise,to be generated",N4
生まれ,うまれ,"birth,birth-place",N4
生命,せいめい,"life,existence",N4
生地,きじ,birthplace,N4
生物,せいぶつ,raw food,N4
生産,せいさん,"production,manufacture",N4
用いる,もちいる,"to use,to make use of",N4
用心,ようじん,"care,precaution,guarding,caution",N4
田,た,rice field,N4
申し訳,もうしわけ,"apology,excuse",N4
申し込む,もうしこむ,"to apply for,to make an application",N4
男の人,おとこのひと,man,N4
男子,だんし,"youth,young man",N4
画家,がか,"painter,artist",N4
畑,はたけ,field,N4
留める,とめる,"to fasten,to turn off,to detain",N4
留学,りゅうがく,studying abroad,N4
番,ばん,,N4
異なる,ことなる,"to differ,to vary,to disagree",N4
異常,いじょう,"strangeness,abnormality,disorder",N4
疑う,うたがう,"to doubt,to distrust,to be suspicious of,to suspect",N4
疑問,ぎもん,"question,problem,doubt,guess",N4
疲れ,つかれ,"tiredness,fatigue",N4
症状,しょうじょう,"symptoms,condition",N4
痛み,いたみ,"pain,ache,sore,grief,distress",N4
癖,くせ,"a habit (often a bad habit),peculiarity",N4
発展,はってん,"development,growth",N4
発明,はつめい,invention,N4
発行,はっこう,issue (publications),N4
発表,はっぴょう,"announcement,publication",N4
発見,はっけん,"discovery,detection,finding",N4
発車,はっしゃ,departure of a vehicle,N4
発達,はったつ,"development,growth",N4
登山,とざん,mountain-climbing,N4
皆,みんな,"all,everyone,everybody",N4
皮,かわ,"skin,hide,leather,fur,pelt,bark,shell",N4
皿,さら,"plate,dish",N4
盛り,さかり,"helping,serving",N4
監督,かんとく,"supervision,control,superintendence",N4
目標,もくひょう,"mark,objective,target",N4
目的,もくてき,"purpose,goal,aim,objective,intention",N4
直,じき,"earnestly,immediately,exactly",N4
直ちに,ただちに,"at once,immediately,directly,in person",N4
直に,じかに,"immediately,readily,directly",N4
直接,ちょくせつ,"direct,immediate,personal,firsthand",N4
相当,そうとう,"suitable,fair,tolerable,proper",N4
相手,あいて,"companion,partner,company",N4
相続,そうぞく,"succession,inheritance",N4
相談,そうだん,"consultation,discussion",N4
省く,はぶく,"to omit,to eliminate,to curtail,to economize",N4
県,けん,prefecture,N4
真っ直ぐ,まっすぐ,"straight (ahead),direct,upright",N4
真っ赤,まっか,"deep red,flushed (of face)",N4
真似,まね,"mimicry,imitation,behavior,pretense",N4
真剣,しんけん,"seriousness,earnestness",N4
真面目,まじめ,"diligent,serious,honest",N4
眺め,ながめ,"scene,view,prospect,outlook",N4
眺める,ながめる,"to view,to gaze at",N4
睡眠,すいみん,sleep,N4
瞬間,しゅんかん,"moment,second,instant",N4
知らせ,しらせ,notice,N4
知事,ちじ,prefectural governor,N4
知恵,ちえ,"wisdom,wit,sagacity,sense,intelligence,advice",N4
知能,ちのう,"intelligence,brains",N4
知識,ちしき,"knowledge,information",N4
石油,せきゆ,"oil,petroleum,kerosene",N4
石炭,せきたん,coal,N4
砂漠,さばく,desert,N4
破る,やぶる,"to tear,to violate,to defeat,to smash,to destroy",N4
破産,はさん,(personal) bankruptcy,N4
硬い,かたい,"solid,hard (esp. metal, stone),unpolished writing",N4
硬貨,こうか,coin,N4
確かめる,たしかめる,to ascertain,N4
確実,かくじつ,"certainty,reliability,soundness",N4
確認,かくにん,"affirmation,confirmation",N4
示す,しめす,"to denote,to show,to point out,to indicate",N4
礼,れい,expression of gratitude,N4
礼儀,れいぎ,"manners,courtesy,etiquette",N4
祝い,いわい,"celebration,festival",N4
祝う,いわう,"to congratulate,to celebrate",N4
神,かみ,god,N4
神経,しんけい,"nerve,sensitivity",N4
祭,まつり,"festival,feast",N4
禁止,きんし,"prohibition,ban",N4
禁煙,きんえん,No Smoking!,N4
科目,かもく,"(school) subject,curriculum,course",N4
秒,びょう,second (60th min),N4
秘密,ひみつ,"secret,secrecy",N4
移す,うつす,"to remove,to transfer,to infect",N4
移動,いどう,"removal,migration,movement",N4
程,ほど,"degree,extent,bounds,limit",N4
程度,ていど,"degree,amount,grade,standard,of the order of (following a number)",N4
税,ぜい,,N4
税金,ぜいきん,"tax,duty",N4
種,たね,"(N1) seed,(N2) material,(N3) cause,source",N4
種類,しゅるい,"variety,kind,type",N4
稲,いね,rice-plant,N4
稼ぐ,かせぐ,"to earn income,to labor",N4
穀物,こくもつ,"grain,cereal,corn",N4
積もる,つもる,to pile up,N4
積極的,せっきょくてき,"positive,active,proactive",N4
穏やか,おだやか,"calm,gentle,quiet",N4
穴,あな,hole,N4
空き,あき,"room,time to spare,emptiness",N4
空く,すく,"(N1) to open,to become empty,(N2) to be less crowded",N4
突然,とつぜん,"abruptly,suddenly,unexpectedly,all at once",N4
立ち上がる,たちあがる,to stand up,N4
立場,たちば,"standpoint,position,situation",N4
立派,りっぱ,"splendid,fine,handsome,elegant,imposing,prominent,legal,legitimate",N4
章,しょう,"(N1) chapter,section,(N2) medal",N4
端,はし,"end (e.g. of street),edge,tip,margin,point",N4
競技,きょうぎ,"game,match,contest",N4
笑い,わらい,"laugh,laughter,smile",N4
笑顔,えがお,smiling face,N4
笛,ふえ,"flute,pipe",N4
筆,ふで,writing brush,N4
等,など,"et cetera,etc.,and the like",N4
等しい,ひとしい,equal,N4
筋,すじ,"muscle,string,line",N4
筋肉,きんにく,"muscle,sinew",N4
答案,とうあん,"examination paper,examination script",N4
管,くだ,"pipe,tube",N4
管理,かんり,"control,management (e.g. of a business)",N4
節,ふし,"tune,tone,knot,knob,point",N4
節約,せつやく,"economising,saving",N4
範囲,はんい,"extent,scope,sphere,range",N4
籠,かご,"basket,cage",N4
粉,こな,"flour,meal,powder",N4
粗,あら,"defect,flaw,blemish,weak point",N4
粗末,そまつ,"crude,rough,plain,humble",N4
精々,せいぜい,"at the most,at best,to the utmost,as much (far) as possible",N4
精神,せいしん,"mind,soul,heart,spirit,intention",N4
約,やく,"approximately,about,some",N4
納得,なっとく,"consent,assent,understanding",N4
紐,ひも,"(N1) string,cord,(N2) pimp",N4
級,きゅう,"class, grade, rank,school class, grade",N4
素,もと,prime,N4
素晴らしい,すばらしい,"wonderful,splendid,magnificent",N4
終,おわり,the end,N4
終える,おえる,to finish,N4
組,くみ,"class,group,team,set",N4
組む,くむ,to put together,N4
組合,くみあい,"association,union",N4
組織,そしき,"(N1) organization,(N2) structure,construction,(N3) tissue,(N4) system",N4
経つ,たつ,"to pass,to lapse",N4
経営,けいえい,"management,administration",N4
経由,けいゆ,"go by the way,via",N4
経験,けいけん,experience,N4
結ぶ,むすぶ,"to tie,to bind,to link",N4
結局,けっきょく,"after all,eventually",N4
結果,けっか,"result,consequence",N4
結論,けつろん,conclusion,N4
給料,きゅうりょう,"salary,wages",N4
絵画,かいが,picture,N4
絶対,ぜったい,"absolute,unconditional,absoluteness",N4
絶滅,ぜつめつ,"destruction,extinction",N4
続き,つづき,"sequel,continuation",N4
維持,いじ,"maintenance,preservation",N4
綿,わた,"cotton,padding",N4
緊張,きんちょう,"tension,mental strain,nervousness",N4
縁,ふち,"a means, e.g. of living",N4
縄,なわ,"rope,hemp",N4
縦,たて,"length,height",N4
繋ぐ,つなぐ,"to tie,to fasten,to connect,to transfer (phone call)",N4
繰り返す,くりかえす,"to repeat,to do something over again",N4
缶,かん,"can,tin",N4
罪,つみ,"crime,fault,indiscretion",N4
罰する,ばっする,"to punish,to penalize",N4
署名,しょめい,signature,N4
罹る,かかる,to suffer from,N4
美人,びじん,beautiful person (woman),N4
義務,ぎむ,"duty,obligation,responsibility",N4
羽,はね,"counter for birds,counter for rabbits",N4
翼,つばさ,wings,N4
老い,おい,"old age,old person,the old,the aged",N4
老人,ろうじん,"the aged,old person",N4
考え,かんがえ,"thinking,thought,ideas,intention",N4
考慮,こうりょ,"consideration,taking into account",N4
者,もの,person,N4
職,しょく,employment,N4
職業,しょくぎょう,"occupation,business",N4
肌,はだ,skin,N4
肩,かた,shoulder,N4
育つ,そだつ,"to raise (child),to be brought up,to grow (up)",N4
胃,い,stomach,N4
胸,むね,"breast,chest",N4
能,のう,"being skilled in,nicely,properly",N4
能力,のうりょく,"ability,faculty",N4
脇,わき,side,N4
腐る,くさる,"to rot,to go bad",N4
腰,こし,hip,N4
腹,はら,"abdomen,belly,stomach",N4
膝,ひざ,"knee,lap",N4
自動,じどう,"automatic,self-motion",N4
自慢,じまん,"pride,boast",N4
自殺,じさつ,suicide,N4
自然,しぜん,"nature,spontaneous",N4
自身,じしん,"by oneself,personally",N4
臭い,くさい,"odour,scent,smell,stench",N4
至る,いたる,"to come,to arrive",N4
舌,した,tongue,N4
舞台,ぶたい,stage (theatre),N4
航空,こうくう,"aviation,flying",N4
船,ふね,"ship,boat,watercraft,shipping,vessel,steamship",N4
芝居,しばい,"play,drama",N4
芝生,しばふ,lawn,N4
芸術,げいじゅつ,"(fine) art,the arts",N4
芽,め,sprout,N4
苦しい,くるしい,"painful,difficult",N4
苦しむ,くるしむ,"to suffer,to groan,to be worried",N4
苦労,くろう,"troubles,hardships",N4
苦手,にがて,"poor (at),weak (in),dislike (of)",N4
苦痛,くつう,"pain,agony",N4
茶,ちゃ,tea,N4
莫大,ばくだい,"enormous,vast",N4
菓子,かし,pastry,N4
著者,ちょしゃ,"author,writer",N4
虎,とら,tiger,N4
虫歯,むしば,"cavity,tooth decay,decayed tooth,caries",N4
行き,ゆき,going,N4
行儀,ぎょうぎ,manners,N4
行動,こうどう,"action,conduct,behaviour,mobilization",N4
街,まち,"(N1) town,(N2) street,road",N4
衛星,えいせい,satellite,N4
衝突,しょうとつ,"collision,conflict",N4
衣服,いふく,clothes,N4
表,ひょう,"table (e.g. Tab N1),chart,list",N4
表す,あらわす,"to express,to show,to reveal",N4
表情,ひょうじょう,facial expression,N4
表現,ひょうげん,"expression,presentation,representation (math)",N4
表面,ひょうめん,"surface,outside,face,appearance",N4
袋,ふくろ,"bag,sack",N4
袖,そで,sleeve,N4
被る,かぶる,to suffer,N4
被害,ひがい,damage,N4
裁判,さいばん,"trial,judgement",N4
装置,そうち,"equipment,installation,apparatus",N4
裏切る,うらぎる,"to betray,to turn traitor to,to double-cross",N4
裸,はだか,"naked,nude",N4
製品,せいひん,"manufactured goods,finished goods",N4
製造,せいぞう,"manufacture,production",N4
褒める,ほめる,"to praise,to admire,to speak well",N4
要するに,ようするに,"in a word,after all,the point is ..,in short ..",N4
要求,ようきゅう,"request,demand,requisition",N4
要点,ようてん,"gist,main point",N4
要素,ようそ,element,N4
覆う,おおう,"to cover,to hide,to conceal,to wrap,to disguise",N4
見る,みる,"to see,to watch",N4
見事,みごと,"splendid,magnificent,beautiful,admirable",N4
見当,けんとう,"be found,aim,estimate,guess,approx",N4
見舞い,みまい,"enquiry,expression of sympathy,expression of concern",N4
見解,けんかい,"opinion,point of view",N4
見送り,みおくり,"seeing one off,farewell,escort",N4
覚ます,さます,to awaken,N4
覚める,さめる,"to wake,to wake up",N4
覚悟,かくご,"resolution,resignation,readiness,preparedness",N4
親しい,したしい,"intimate,close (e.g. friend)",N4
親友,しんゆう,"close friend,buddy",N4
親戚,しんせき,relative,N4
観光,かんこう,sightseeing,N4
観客,かんきゃく,"audience,spectator(s)",N4
観察,かんさつ,"observation,survey",N4
解く,とく,to unfasten,N4
解ける,とける,"to come untied,to come apart",N4
解決,かいけつ,"settlement,solution,resolution",N4
解釈,かいしゃく,"explanation,interpretation",N4
触れる,ふれる,"to touch,to be touched,to touch on a subject,to feel,to violate (law, copyright, etc.),to perceive,t",N4
言わば,いわば,so to speak,N4
言語,げんご,language,N4
計,けい,plan,N4
計る,はかる,"to measure,to weigh,to survey",N4
計画,けいかく,"plan,project,schedule,scheme,program",N4
計算,けいさん,"calculation,reckoning",N4
訓,くん,native Japanese reading of a Chinese character,N4
訓練,くんれん,"practice,training",N4
記事,きじ,"article,news story,report,account",N4
記入,きにゅう,"entry,filling in of forms",N4
記念,きねん,"commemoration,memory",N4
記憶,きおく,"memory,recollection,remembrance",N4
記者,きしゃ,reporter,N4
記録,きろく,"record,minutes,document",N4
訪問,ほうもん,"call,visit",N4
設備,せつび,"equipment,device,facilities,installation",N4
設計,せっけい,"plan,design",N4
許す,ゆるす,"to permit,to allow,to approve",N4
許可,きょか,"permission,approval",N4
訳,やく,"meaning,reason,circumstances,can be deduced,situation",N4
訴える,うったえる,"to sue (a person),to resort to,to appeal to",N4
診察,しんさつ,medical examination,N4
証明,しょうめい,"proof,verification",N4
評価,ひょうか,"valuation,estimation,assessment,evaluation",N4
評判,ひょうばん,"fame,reputation,popularity,arrant",N4
試し,ためし,"trial,test",N4
試す,ためす,"to attempt,to test",N4
詩,し,"poem,verse of poetry",N4
詩人,しじん,poet,N4
詰める,つめる,"to pack,to shorten,to work out (details)",N4
話し合う,はなしあう,"to discuss,to talk together",N4
話題,わだい,"topic,subject",N4
詳しい,くわしい,"knowing very well,detailed,full,accurate",N4
誇り,ほこり,pride,N4
認める,みとめる,"to recognize,to appreciate,to approve,to admit,to notice",N4
誕生,たんじょう,birth,N4
誘う,さそう,"(N1) to invite,to ask,(N2) to tempt,to lure,to induce",N4
語,ご,"language,word",N4
語る,かたる,"to talk,to tell,to recite",N4
語学,ごがく,language study,N4
誤り,あやまり,error,N4
誤解,ごかい,misunderstanding,N4
説,せつ,theory,N4
読み,よみ,reading,N4
読書,どくしょ,reading,N4
誰か,だれか,"someone,somebody",N4
課,か,counter for chapters (of a book),N4
調子,ちょうし,"tune,tone,key",N4
調査,ちょうさ,"investigation,examination,inquiry,survey",N4
請求,せいきゅう,"claim,demand,application,request",N4
論じる,ろんじる,"to argue,to discuss,to debate",N4
論争,ろんそう,"controversy,dispute",N4
論文,ろんぶん,"thesis,essay,treatise,paper",N4
諦める,あきらめる,"to give up,to abandon",N4
諺,ことわざ,"proverb,maxim",N4
謎,なぞ,"riddle,puzzle,enigma",N4
講演,こうえん,"lecture,address",N4
警告,けいこく,"warning,advice",N4
議会,ぎかい,"Diet,congress,parliament",N4
議員,ぎいん,"member of the Diet, congress or parliament",N4
議論,ぎろん,"argument,discussion,dispute",N4
議長,ぎちょう,chairman,N4
譲る,ゆずる,"to turn over,to assign,to hand over",N4
谷,たに,valley,N4
豆,まめ,"beans,peas",N4
豊か,ゆたか,"abundant,wealthy,plentiful,rich",N4
豊富,ほうふ,"abundance,wealth,plenty,bounty",N4
象,ぞう,elephant,N4
豪華,ごうか,"wonderful,gorgeous,splendor,pomp,extravagance",N4
負け,まけ,"defeat,loss,losing (a game)",N4
財産,ざいさん,"property,fortune,assets",N4
貢献,こうけん,"contribution,services",N4
貧しい,まずしい,"poor,needy",N4
販売,はんばい,"sale,selling,marketing",N4
責める,せめる,"to condemn,to blame,to criticize",N4
責任,せきにん,"duty,responsibility",N4
貯金,ちょきん,(bank) savings,N4
貰う,もらう,to receive,N4
貴重,きちょう,"precious,valuable",N4
貸し,かし,"loan,lending",N4
費用,ひよう,"cost,expense",N4
資本,しほん,"funds,capital",N4
資源,しげん,resources,N4
賛成,Uӣ[い,"approval,agreement,support,favour",N4
賞,しょう,"prize,award",N4
賢い,かしこい,"wise,clever,smart",N4
質,しつ,"quality,nature (of person)",N4
贅沢,ぜいたく,"luxury,extravagance",N4
贈る,おくる,"to send,to give to,to award to,to confer on",N4
起こる,おこる,"to occur,to happen",N4
越える,こえる,"to exceed,to cross over,to cross",N4
越す,こす,to go over (e.g. with audience),N4
跡,あと,"(N1) trace,tracks,mark,sign,(N2) remains,ruins,(N3) scar",N4
身,み,"body,main part,oneself,sword",N4
身体,しんたい,the body,N4
身長,しんちょう,"height (of body),stature",N4
軍,ぐん,"army,force,troops",N4
軍隊,ぐんたい,"army,troops",N4
軒,のき,eaves,N4
転ぶ,ころぶ,"to fall down,to fall over",N4
輝く,かがやく,"to shine,to glitter,to sparkle",N4
輪,わ,"ring,hoop,circle",N4
輸入,ゆにゅう,"importation,import,introduction",N4
輸出,ゆしゅつ,export,N4
轢く,ひく,"to run somebody over (with vehicle),to knock someone down",N4
辞める,やめる,to retire,N4
農家,のうか,"farmer,farm family",N4
農業,のうぎょう,agriculture,N4
農民,のうみん,"farmers,peasants",N4
辺り,あたり,"vicinity,nearby",N4
迎え,むかえ,"meeting,person sent to pick up an arrival",N4
近代,きんだい,present day,N4
近頃,ちかごろ,"lately,recently,nowadays",N4
述べる,のべる,"to state,to express,to mention",N4
迷子,まいご,lost (stray) child,N4
迷惑,めいわく,"trouble,bother,annoyance",N4
追い付く,おいつく,"to overtake,to catch up (with)",N4
追う,おう,"to chase,to run after",N4
退屈,たいくつ,"tedium,boredom",N4
逆,ぎゃく,"reverse,opposite",N4
逆らう,さからう,"to go against,to oppose,to disobey,to defy",N4
途端,とたん,"just (now, at the moment, etc.)",N4
通じる,つうじる,"to run to,to lead to,to communicate,to understand",N4
通す,とおす,"to let pass,to overlook,to continue",N4
通り,とおり,"in accordance with ~,following ~,~ Street,~ Avenue",N4
通り過ぎる,とおりすぎる,"to pass,to pass through",N4
通信,つうしん,"correspondence,communication,news,signal",N4
通学,つうがく,commuting to school,N4
通行,つうこう,"passage,passing",N4
通過,つうか,"passage through,passing",N4
速度,そくど,"speed,velocity,rate",N4
連れ,つれ,"companion,company",N4
連想,れんそう,"association (of ideas),suggestion",N4
連続,れんぞく,"serial,consecutive,continuity,continuing",N4
逮捕,たいほ,"arrest,apprehension,capture",N4
週,しゅう,week,N4
週間,しゅうかん,"week,weekly",N4
進める,すすめる,"to advance,to promote,to hasten",N4
進学,しんがく,going on to university,N4
進歩,しんぽ,"progress,development",N4
遂に,ついに,"finally,at last",N4
遅刻,ちこく,"lateness,late coming",N4
運,うん,"fortune,luck",N4
運動,うんどう,"motion,exercise",N4
運転,うんてん,"operation,motion,driving",N4
過ごす,すごす,"to pass,to spend,to go through,to tide over",N4
過去,かこ,"the past,bygone days,the previous",N4
道徳,どうとく,morals,N4
道路,どうろ,"road,highway",N4
達する,たっする,"to reach,to get to",N4
違い,ちがい,"difference,discrepancy",N4
違いない,ちがいない,"(phrase) sure,no mistaking it,for certain",N4
違反,いはん,"violation (of law),transgression,infringement,breach",N4
遠慮,えんりょ,"diffidence,restraint,reserve",N4
適する,てきする,"to fit,to suit",N4
適切,てきせつ,"pertinent,appropriate,adequate,relevance",N4
適度,てきど,moderate,N4
適用,てきよう,applying,N4
選手,せんしゅ,"(N1) player (in game),(N2) team",N4
選択,せんたく,"selection,choice",N4
避ける,さける,"(N1) to avoid (physical contact ),(N2) to ward off,to avert",N4
邪魔,じゃま,"hindrance,intrusion",N4
部分,ぶぶん,"portion,section,part",N4
郵便,ゆうびん,"mail,postal service",N4
都,みやこ,capital,N4
都会,とかい,city,N4
都市,とし,"town,city,municipal,urban",N4
配達,はいたつ,"delivery,distribution",N4
酒,さけ,"alcohol,sake",N4
酔う,よう,"to get drunk,to become intoxicated",N4
酸素,さんそ,oxygen,N4
重大,じゅうだい,"serious,important,grave,weighty",N4
重要,じゅうよう,"important,momentous,essential,principal,major",N4
重視,じゅうし,"importance,stress,serious consideration",N4
野,の,field,N4
量,りょう,"quantity,amount,volume,portion (of food)",N4
金,かね,"(N1) gold,(N2) gold general (shogi) (abbr)",N4
金属,きんぞく,metal,N4
金庫,きんこ,"safe,vault,treasury,provider of funds",N4
金持ち,かねもち,rich man,N4
金曜,きんよう,(abbr) Friday,N4
金融,きんゆう,"monetary circulation,credit situation",N4
金銭,きんせん,"money,cash",N4
金額,きんがく,amount of money,N4
針,はり,"needle,hand (e.g. clock)",N4
釣,つり,,N4
鉄,てつ,iron,N4
鉄道,てつどう,railroad,N4
銀,ぎん,"(N1) silver,silver coin,silver paint",N4
銃,じゅう,gun,N4
鋭い,するどい,"pointed,sharp",N4
鍋,なべ,"saucepan,pot",N4
鍵,かぎ,key,N4
鎖,くさり,chain,N4
長期,ちょうき,long time period,N4
閉じる,とじる,"to close (e.g. book, eyes),to shut",N4
開始,かいし,"start,commencement,beginning",N4
間,ま,"space,room,time,pause",N4
間違い,まちがい,mistake,N4
関する,かんする,"to concern,to be related",N4
関心,かんしん,"concern,interest",N4
関連,かんれん,"relation,connection,relevance",N4
防ぐ,ふせぐ,"to defend (against),to protect,to prevent",N4
降ろす,おろす,"to take down,to launch,to drop",N4
限る,かぎる,"to restrict,to limit,to confine",N4
限界,げんかい,"limit,bound",N4
除く,のぞく,"to remove,to exclude,to except",N4
陰,かげ,"shade,shadow,other side",N4
陸,りく,six (used in legal documents),N4
陽気,ようき,"season,weather,cheerfulness",N4
随分,ずいぶん,extremely,N4
際,さい,"on the occasion of,circumstances",N4
障害,しょうがい,"obstacle,impediment (fault),damage",N4
隠す,かくす,"to hide,to conceal",N4
隠れる,かくれる,"to hide,to be hidden,to conceal oneself,to disappear",N4
集まり,あつまり,"gathering,meeting,assembly,collection",N4
集中,しゅうちゅう,"concentration,focusing the mind",N4
集団,しゅうだん,"group,mass",N4
雇う,やとう,"to employ,to hire",N4
離す,はなす,"to part,divide,separate",N4
離れる,はなれる,"to be separated from,to leave,to go away,to be a long way off",N4
離婚,りこん,divorce,N4
雰囲気,ふんいき,"atmosphere (e.g. musical),mood,ambience",N4
雷,かみなり,thunder,N4
電子,でんし,electron,N4
需要,じゅよう,"demand,request",N4
震える,ふるえる,"to shiver,to shake,to quake",N4
霜,しも,frost,N4
霧,きり,"fog,mist",N4
青年,せいねん,"youth,young man",N4
非常,ひじょう,"emergency,extraordinary,unusual",N4
面,めん,"face,mug,surface,facial features,mask,face guard,side or facet,corner,page",N4
面倒,めんどう,"trouble,difficulty,care,attention",N4
革,かわ,leather,N4
音,おん,"sound,note",N4
頂く,いただく,"to receive,to take food or drink (hum)",N4
頂上,ちょうじょう,"top,summit,peak",N4
頃,ころ,"time,about,toward,approximately (time)",N4
順,じゅん,"order,turn",N4
順番,じゅんばん,"turn (in line),order of things",N4
順調,じゅんちょう,"favourable,doing well,O.K.,all right",N4
預ける,あずける,"to give into custody,to entrust,to deposit",N4
頬,ほほ,cheek (of face),N4
頭痛,ずつう,headache,N4
頼る,たよる,"to rely on,to have recourse to,to depend on",N4
題,だい,"title,subject,theme,topic",N4
額,がく,"forehead,brow",N4
願い,ねがい,"desire,wish,request",N4
願う,ねがう,"to desire,to wish,to request",N4
風呂,ふろ,bath,N4
風景,ふうけい,scenery,N4
飛ばす,とばす,"to skip over,to omit",N4
飛び出す,とびだす,"to jump out,to rush out,to fly out",N4
飛行,ひこう,aviation,N4
食う,くう,(male) (vulg) to eat,N4
食事,しょくじ,meal,N4
食卓,しょくたく,dining table,N4
食品,しょくひん,"commodity,foodstuff",N4
食料,しょくりょう,food,N4
食欲,しょくよく,appetite (for food),N4
食物,しょくもつ,"food,foodstuff",N4
食糧,しょくりょう,"provisions,rations",N4
飯,めし,"(sl) meals,food",N4
飼う,かう,"to keep,to raise,to feed",N4
飽きる,あきる,"to get tired of,to lose interest in,to have enough",N4
餌,えさ,"feed,bait",N4
首相,しゅしょう,Prime Minister,N4
首都,しゅと,capital city,N4
香り,かおり,"aroma,fragrance,scent,smell",N4
馬,うま,"(N1) horse,(N2) promoted bishop (shogi)",N4
馬鹿,ばか,"fool,idiot,trivial matter,folly",N4
駄目,だめ,"useless,no good,hopeless",N4
駐車,ちゅうしゃ,parking (e.g. car),N4
騒ぎ,さわぎ,"uproar,disturbance",N4
騒音,そうおん,noise,N4
骨,ほね,bone,N4
骨折,こっせつ,bone fracture,N4
高価,こうか,high price,N4
高速,こうそく,"high speed,high gear",N4
髪の毛,かみのけ,hair (head),N4
鬼,おに,"ogre,demon,it (i.e., in a game of tag)",N4
魅力,みりょく,"charm,fascination,glamour",N4
黒板,こくばん,blackboard,N4
黙る,だまる,to be silent,N4
鼠,ねずみ,"(N1) mouse,rat,(N2) dark gray,slate color",N4
立,たいりつ,"confrontation,opposition,antagonism",N2
お代わり,おかわり,"second helping,another cup",N2
お参り,おまいり,"worship,shrine visit",N2
お帰り,おかえり,"return,welcome",N2
お手伝いさん,おてつだいさん,maid,N2
けれど/けれども,,"but,however",N2
こうして,こうして,thus,N2
しいんと,（する）,"silent (as the grave),(deathly) quiet",N2
じゅうたん,（カーペット）,carpet,N2
だいいち,（副）,"first,foremost,# N1",N2
ミリ,（メートル）,"milli-,N10^-N3",N2
一休み,ひとやすみ,a rest,N2
一定,いってい,"fixed,settled,definite",N2
一応,いちおう,"once,tentatively,in outline,for the time being",N2
一斉,いっせい,"simultaneous,all at once",N2
一旦,いったん,"once,for a moment,one morning,temporarily",N2
一段と,いちだんと,"greater,more,further,still more",N2
一流,いちりゅう,"first class,top grade,foremost,top-notch",N2
一通り,ひととおり,"ordinary,usual,in general,briefly",N2
万歳,ばんざい,"hurrah, cheers",N2
三日月,みかづき,"new moon,crescent moon",N2
三角,さんかく,"triangle,triangular",N2
上り,のぼり,"up-train (going to Tokyo),ascent",N2
上る,のぼる,"to ascend,to go up,to climb",N2
上下,じょうげ,"high and low,up and down,unloading and loading,praising and blaming",N2
上旬,じょうじゅん,first N10 days of month,N2
上級,じょうきゅう,"advanced level,high grade,senior",N2
下る,くだる,"to get down,to descend",N2
下品,げひん,"vulgarity,meanness,indecency,coarseness",N2
下旬,げじゅん,month (last third of),N2
下書き,したがき,"rough copy,draft",N2
下水,げすい,"drainage,sewage,ditch,gutter,sewerage",N2
下町,したまち,"Shitamachi,lower parts of town",N2
下線,かせん,"underline,underscore",N2
下車,げしゃ,"alighting,getting off",N2
下降,かこう,"downward,descent,fall,drop,subsidence",N2
下駄,げた,"geta (Japanese footwear),wooden clogs",N2
不潔,ふけつ,"unclean,dirty,filthy,impure",N2
不規則,ふきそく,"irregularity,unsteadiness,disorderly",N2
不通,ふつう,"suspension,interruption,stoppage,tie-up,cessation",N2
不運,ふうん,"unlucky,misfortune,bad luck,fate",N2
両側,りょうがわ,both sides,N2
並木,なみき,"roadside tree,row of trees",N2
並行,へいこう,"(going) side by side,concurrent,abreast,at the same time",N2
中世,ちゅうせい,"Middle Ages,mediaeval times",N2
中味,なかみ,"contents,interior,substance,filling,(sword) blade",N2
中年,ちゅうねん,middle-aged,N2
中性,ちゅうせい,"neuter gender,neutral (chem.),indifference,sterility",N2
中指,なかゆび,middle finger,N2
中旬,ちゅうじゅん,second third of a month,N2
中身,なかみ,"contents,interior,substance,filling,(sword) blade",N2
中途,ちゅうと,"in the middle,half-way",N2
中間,ちゅうかん,"middle,midway,interim",N2
主役,しゅやく,"leading part,leading actor (actress)",N2
主語,しゅご,(gram) subject,N2
丼,どんぶり,"porcelain bowl,bowl of rice with food on top",N2
乗換,のりかえ,"(n) transfer (trains, buses, etc.)",N2
乗車,じょうしゃ,"taking a train,entraining",N2
乱暴,らんぼう,"rude,violent,rough,lawless,unreasonable,reckless",N2
乾かす,かわかす,"to dry (clothes, etc.),to desiccate",N2
乾杯,かんぱい,toast (drink),N2
乾燥,かんそう,"dry,arid,insipid,dehydrated",N2
乾電池,かんでんち,"dry cell,battery",N2
予備,よび,"preparation,preliminaries,reserve,spare",N2
争う,あらそう,"to dispute,to argue,to be at variance,to compete",N2
五十音,ごじゅうおん,the Japanese syllabary,N2
井戸,いど,water well,N2
亡くす,なくす,"to lose someone, wife, child, etc",N2
交ざる,まざる,"to be mixed,to be blended with,to associate with,to mingle with,to join",N2
交じる,まじる,"to be mixed,to be blended with,to associate with",N2
交ぜる,まぜる,"to be mixed,to be blended with",N2
交差,こうさ,cross,N2
交替,こうたい,"alternation,change,relief,relay,shift",N2
交流,こうりゅう,"alternating current,intercourse,(cultural) exchange,intermingling",N2
交通機関,こうつうきかん,transportation facilities,N2
人命,じんめい,(human) life,N2
人差指,ひとさしゆび,index finger,N2
人文科学,じんぶんかがく,"social sciences,humanities",N2
人通り,ひとどおり,pedestrian traffic,N2
人造,じんぞう,"man-made,synthetic,artificial",N2
仕上がる,しあがる,to be finished,N2
付合う,つきあう,"to associate with,to keep company with,to get on with",N2
付近,ふきん,"neighbourhood,vicinity,environs",N2
代える,かえる,"to exchange,to interchange,to substitute,to replace",N2
代る,かわる,"(vN5r,vi) to take the place of,to relieve,to be substituted for",N2
代名詞,だいめいし,pronoun,N2
以後,いご,"after this,from now on,hereafter,thereafter",N2
以降,いこう,"on and after,hereafter,thereafter",N2
仮名,かな,"(n) alias,pseudonym,pen name",N2
仮名遣い,かなづかい,"kana orthography,syllabary spelling",N2
仮定,かてい,"assumption,supposition,hypothesis",N2
仲直り,なかなおり,"reconciliation,make peace with",N2
仲良し,なかよし,"intimate friend,bosom buddy,chum",N2
休息,きゅうそく,"rest,relief,relaxation",N2
休業,きゅうぎょう,"closed (e.g. store),business suspended,shutdown,holiday",N2
休講,きゅうこう,lecture cancelled,N2
休養,きゅうよう,"rest,break,recreation",N2
会館,かいかん,"meeting hall,assembly hall",N2
伝わる,つたわる,"to be handed down,to be introduced,to be transmitted",N2
伝染,でんせん,contagion,N2
伝記,でんき,"biography,life story",N2
伯母さん,おばさん,(hon) aunt,N2
伯父さん,おじさん,"middle-aged gentleman,uncle",N2
但し,ただし,"but,however,provided that",N2
低下,ていか,"fall,decline,lowering,deterioration",N2
住まい,すまい,"dwelling,house,residence,address",N2
住居,じゅうきょ,"dwelling,house,residence,address",N2
体制,たいせい,"order,system,structure,set-up,organization",N2
体操,たいそう,"gymnastics,physical exercises,calisthenics",N2
体積,たいせき,"capacity,volume",N2
体系,たいけい,"system,organization",N2
何々,なになに,"such and such,What?",N2
何分,なにぶん,"what minute?,how many minutes?",N2
余る,あまる,"to remain,to be left over,to be in excess,to be too many",N2
余所,よそ,"another place,somewhere else,strange parts",N2
余計,よけい,"too much,unnecessary,abundance,surplus,excess,superfluity",N2
佚,いつ,"be lost,peace,hide,mistake,beautiful,in turn",N2
作る/造る,つくる,"to make,to create",N2
作成,さくせい,"frame,draw up,make,producing",N2
作者,さくしゃ,"author,authoress",N2
作製,さくせい,manufacture,N2
例える,たとえる,"to compare,to liken,to speak figuratively,to illustrate,to use a simile",N2
例外,れいがい,exception,N2
侵入,しんにゅう,"penetration,invasion,raid,aggression,trespass",N2
便所,べんじょ,"toilet,lavatory,rest room,latrine,comfort station",N2
便箋,びんせん,"writing paper,stationery",N2
係わる,かかわる,"to concern oneself in,to have to do with,to affect,to influence,to stick to (opinions)",N2
俄,にわか,"sudden,abrupt,unexpected,improvised,offhand",N2
保健,ほけん,"health preservation,hygiene,sanitation",N2
信ずる,しんずる,"to believe,to believe in,to place trust in",N2
修繕,しゅうぜん,"repair,mending",N2
俳句,はいく,haiku poetry,N2
倉庫,そうこ,"storehouse,warehouse,godown",N2
個体,こたい,an individual,N2
個所,かしょ,"passage,place,point,part",N2
倣う,ならう,"to imitate,to follow,to emulate",N2
偉い,えらい,"great,celebrated,eminent,terrible,awful,famous,remarkable,excellent",N2
停止,ていし,"suspension,interruption,stoppage,ban",N2
停車,ていしゃ,stopping (e.g. train),N2
停電,ていでん,failure of electricity,N2
偶数,ぐうすう,even number,N2
傑作,けっさく,"masterpiece,best work,boner,blunder",N2
催し,もよおし,"event,festivities,function",N2
催促,さいそく,"request,demand,claim,urge (action),press for",N2
傾く,かたむく,"to incline toward,to slant,to lurch",N2
儀式,ぎしき,"ceremony,rite,ritual,service",N2
儲かる,もうかる,"to be profitable,to yield a profit",N2
儲ける,もうける,"to get,to earn,to gain,to have (bear, beget) a child",N2
元々,もともと,"originally,by nature,from the start",N2
先々月,せんせんげつ,month before last,N2
先祖,せんぞ,ancestor,N2
先程,さきほど,some time ago,N2
先端,せんたん,"pointed end,tip,fine point",N2
先頭,せんとう,"head,lead,vanguard,first",N2
光線,こうせん,"beam,light ray",N2
免税,めんぜい,"tax exemption,duty exemption",N2
児童,じどう,"children,juvenile",N2
入れ物,いれもの,"container,case,receptacle",N2
入社,にゅうしゃ,entry to a company,N2
全般,ぜんぱん,"(the) whole,universal,wholly,general",N2
全身,ぜんしん,"the whole body,full-length (portrait)",N2
全集,ぜんしゅう,complete works,N2
公共,こうきょう,"public,community,public service,society,communal",N2
公務,こうむ,"official business,public business",N2
公害,こうがい,"public nuisance,pollution",N2
公式,こうしき,"formula,formality,official",N2
公正,こうせい,"justice,fairness,impartiality",N2
公衆,こうしゅう,the public,N2
公表,こうひょう,"official announcement,proclamation",N2
兵隊,へいたい,"soldier,sailor",N2
具える,そなえる,to be furnished with,N2
兼ねる,かねる,"to hold (position),to serve,to be unable",N2
内科,ないか,"internist clinic,internal medicine",N2
内線,ないせん,"phone extension,indoor wiring,inner line",N2
円い,まるい,"round,circular,spherical",N2
円周,えんしゅう,circumference,N2
再三,さいさん,"again and again,repeatedly",N2
再来年,さらいねん,year after next,N2
再来月,さらいげつ,month after next,N2
再来週,さらいしゅう,week after next,N2
写る,うつる,"to be photographed,to be projected",N2
写生,しゃせい,"sketching,drawing from nature",N2
冠,かんむり,"crown,diadem,first,best",N2
冷ます,さます,"to cool,to dampen,to let cool",N2
冷める,さめる,"to become cool,to wear off,to abate,to subside",N2
冷やす,ひやす,"to cool,to refrigerate",N2
冷凍,れいとう,"freezing,cold storage,refrigeration",N2
凍える,こごえる,"to freeze,to be chilled,to be frozen",N2
凸凹,でこぼこ,"unevenness,roughness,ruggedness",N2
凹む,へこむ,"to be dented,to be indented,to yield to,to give,to sink,to collapse,to cave in,to be snubbed",N2
出入り,でいり,"in and out,coming and going,free association,income and expenditure,debits and credit",N2
出入口,でいりぐち,exit and entrance,N2
出勤,しゅっきん,"going to work,at work",N2
出合い,であい,an encounter,N2
出張,しゅっちょう,"official tour,business trip",N2
出掛ける,でかける,"to depart,to set out,to start,to be going out",N2
出来上がり,できあがり,"be finished,ready,made for,cut out",N2
出来上がる,できあがる,"(N1) to be finished,to be ready,by definition,(N2) to be very drunk",N2
出迎え,でむかえ,"meeting,reception",N2
出迎える,でむかえる,"to meet,to greet",N2
分かれる,わかれる,"to branch off,to diverge from,to fork,to split,to dispense,to scatter,to divide into",N2
分る,わかる,to be understood,N2
分布,ぶんぷ,distribution,N2
分数,ぶんすう,fraction (in math),N2
分解,ぶんかい,"analysis,disassembly",N2
分量,ぶんりょう,"amount,quantity",N2
分類,ぶんるい,classification,N2
列島,れっとう,chain of islands,N2
初旬,しょじゅん,first N10 days of the month,N2
初級,しょきゅう,elementary level,N2
判事,はんじ,"judge,judiciary",N2
判子,はんこ,seal (used for signature),N2
別々,べつべつ,"separately,individually",N2
別荘,べっそう,"holiday house,villa",N2
利害,りがい,"advantages and disadvantages,interest",N2
制作,せいさく,"work (film, book)",N2
刷る,する,to print,N2
刺さる,ささる,"to stick,to be stuck",N2
刺す,さす,"to pierce,to stab,to prick,to thrust",N2
刺身,さしみ,sliced raw fish,N2
刻む,きざむ,"to mince,to carve,to engrave",N2
剃る,そる,to shave,N2
剃刀,かみそり,razor,N2
削る,けずる,"to cut down little by little,to take a percentage",N2
削除,さくじょ,"elimination,cancellation,deletion,erasure",N2
前後,ぜんご,"around,throughout,front and back,before and behind,before and after",N2
剥く,むく,"to peel,to skin,to pare,to hull",N2
剥す,はがす,"(vN5s) to tear off,to peel off,to rip off",N2
副詞,ふくし,adverb,N2
割と,わりと,"relatively, comparitively",N2
割引,わりびき,"discount,reduction,rebate",N2
割算,わりざん,division (math),N2
創作,そうさく,"production,literary creation,work",N2
力強い,ちからづよい,"reassuring,emboldened",N2
功績,こうせき,"achievements,merit,meritorious service,meritorious deed",N2
加熱,かねつ,heating,N2
加速,かそく,acceleration,N2
加速度,かそくど,acceleration,N2
助かる,たすかる,"to be saved,to be rescued,to survive,to be helpful",N2
助教授,じょきょうじゅ,assistant professor,N2
努める,つとめる,"(N1) to serve,to fill a post,to serve under,to work (for)",N2
効力,こうりょく,"effect,efficacy,validity,potency",N2
勇ましい,いさましい,"brave,valiant,gallant,courageous",N2
動作,どうさ,"action,movements,motions,bearing,behaviour,manners",N2
勘違い,かんちがい,"misunderstanding,wrong guess",N2
務める,つとめる,"(N1) to serve,to fill a post,to serve under,to work (for)",N2
勝敗,しょうはい,"victory or defeat,issue (of battle)",N2
勝負,しょうぶ,"victory or defeat,match,contest,game,bout",N2
募集,ぼしゅう,"recruiting,taking applications",N2
匂う,におう,"to be fragrant,to smell,to stink",N2
包帯,ほうたい,"bandage,dressing",N2
包装,ほうそう,"packing,wrapping",N2
北極,ほっきょく,North Pole,N2
匙,さじ,spoon,N2
区分,くぶん,"division,section,classification",N2
区切る,くぎる,"to punctuate,to cut off,to mark off,to stop,to put an end to",N2
区域,くいき,"limits,boundary,domain,zone,sphere,territory",N2
半島,はんとう,peninsula,N2
半径,はんけい,radius,N2
卑怯,ひきょう,"cowardice,meanness,unfairness",N2
卒直,そっちょく,"frankness,candour,openheartedness",N2
南北,なんぼく,south and north,N2
南極,なんきょく,"south pole,Antarctic",N2
南米,なんべい,South America,N2
単数,たんすう,singular (number),N2
占う,うらなう,"to forecast,to predict",N2
危うい,あやうい,"dangerous,critical,grave",N2
却って,かえって,"on the contrary,rather,all the more,instead",N2
卸す,おろす,"to sell wholesale,grated (vegetables)",N2
厚かましい,あつかましい,"impudent,shameless,brazen",N2
原始,げんし,"origin,primeval",N2
原料,げんりょう,raw materials,N2
原理,げんり,"principle,theory,fundamental truth",N2
原産,げんさん,"place of origin,habitat",N2
原稿,げんこう,"manuscript,copy",N2
厳重,げんじゅう,"strict,rigour,severe,firm",N2
又は,または,"or,otherwise",N2
友好,ゆうこう,friendship,N2
反る,かえる,"to warp,to be warped,to curve",N2
反映,はんえい,"reflection,influence",N2
反省,はんせい,"reflection,reconsideration,introspection,meditation,contemplation",N2
叔母さん,おばさん,"(N1) aunt,(N2) middle-aged lady",N2
叔父さん,おじさん,"middle-aged gentleman,uncle",N2
取り入れる,とりいれる,"to harvest,to take in,to adopt",N2
取り出す,とりだす,"to take out,to produce,to pick out",N2
取り消す,とりけす,to cancel,N2
受け持つ,うけもつ,to take (be in) charge of,N2
受取,うけとり,receipt,N2
受話器,じゅわき,(telephone) receiver,N2
受験,じゅけん,taking an examination,N2
口実,こうじつ,excuse,N2
口紅,くちべに,lipstick,N2
古典,こてん,"old book,classics,classic",N2
句読点,くとうてん,punctuation marks,N2
只,ただ,"free of charge,mere,sole,only,usual,common",N2
可決,かけつ,"approval,adoption (e.g. motion, bill),passage",N2
司会,しかい,chairmanship,N2
各々,おのおの,"each,every,either,respectively,severally",N2
各地,かくち,"every place,various places",N2
各自,かくじ,"individual,each",N2
合同,ごうどう,"combination,incorporation,union,amalgamation",N2
合流,ごうりゅう,"confluence,union,linking up,merge",N2
合理,ごうり,rational,N2
吊す,つるす,to hang,N2
吊る,つる,to hang,N2
同格,どうかく,"the same rank,equality,apposition",N2
名作,めいさく,masterpiece,N2
名刺,めいし,business card,N2
名字,みょうじ,"surname,family name",N2
名所,めいしょ,famous place,N2
名物,めいぶつ,"famous product,special product,speciality",N2
名詞,めいし,noun,N2
吐き気,はきけ,"nausea,sickness in the stomach",N2
向う,むかう,"(vN5u) to face,to go towards",N2
含める,ふくめる,"to include,to instruct,to make one understand",N2
吹雪,ふぶき,snow storm,N2
呑気,のんき,"carefree,optimistic,careless,reckless,heedless",N2
周辺,しゅうへん,"circumference,outskirts,environs,(computer) peripheral",N2
味わう,あじわう,"to taste,to savor,to relish",N2
呼び出す,よびだす,"to summon,to call (e.g. phone)",N2
呼び掛ける,よびかける,"to call out to,to accost,to address (crowd),to appeal",N2
命ずる,めいずる,"to command,to appoint",N2
和服,わふく,Japanese clothes,N2
和英,わえい,Japanese-English,N2
唇,くちびる,lips,N2
商店,しょうてん,"shop,business firm",N2
商業,しょうぎょう,"commerce,trade,business",N2
商社,しょうしゃ,"trading company,firm",N2
問い合わせ,といあわせ,"enquiry,ENQ",N2
問答,もんどう,"questions and answers,dialogue",N2
嗅ぐ,かぐ,"to sniff,to smell",N2
器具,きぐ,utensil,N2
器械,きかい,instrument,N2
噴水,ふんすい,water fountain,N2
噴火,ふんか,eruption,N2
囁く,ささやく,"to whisper,to murmur",N2
四つ角,よつかど,"four corners,crossroads",N2
四季,しき,four seasons,N2
四捨五入,ししゃごにゅう,rounding up (fractions),N2
四角,しかく,square,N2
四角い,しかくい,square,N2
回り道,まわりみち,detour,N2
回数,かいすう,"number of times,frequency",N2
回数券,かいすうけん,book of tickets,N2
回答,かいとう,"reply,answer",N2
回転,かいてん,"rotation,revolution,turning",N2
因る,よる,to come from,N2
団地,だんち,multi-unit apartments,N2
図形,ずけい,figure,N2
図表,ずひょう,"chart,diagram,graph",N2
図鑑,ずかん,picture book,N2
固い,かたい,"stubborn,firm (not viscous or easily moved)",N2
固まる,かたまる,"to harden,to solidify,to become firm,to become certain",N2
国王,こくおう,king,N2
国立,こくりつ,national,N2
国籍,こくせき,nationality,N2
園芸,えんげい,"horticulture,gardening",N2
圧縮,あっしゅく,"compression,condensation,pressure",N2
在る,ある,"to live,to be",N2
在学,ざいがく,(enrolled) in school,N2
地下水,ちかすい,underground water,N2
地名,ちめい,place name,N2
地味,じみ,"plain,simple",N2
地帯,ちたい,"area,zone",N2
地点,ちてん,"site,point on a map",N2
地盤,じばん,(the) ground,N2
地質,ちしつ,geological features,N2
坊さん,ぼうさん,"Buddhist priest,monk",N2
坊っちゃん,ぼっちゃん,son (of others),N2
坊や,ぼうや,boy,N2
垂直,すいちょく,"vertical,perpendicular",N2
垣根,かきね,hedge,N2
埋める,うめる,"to bury,to fill up,to fill (a seat, a vacant position)",N2
執筆,しっぴつ,writing,N2
基地,きち,base,N2
基準,きじゅん,"standard,basis,criteria,norm",N2
基盤,きばん,"foundation,basis",N2
基礎,きそ,"foundation,basis",N2
堀,ほり,"moat,canal",N2
堅い,かたい,"hard (esp. wood),steadfast,honorable,stuffy writing",N2
塊,かたまり,"lump,mass,clod,cluster",N2
塞がる,ふさがる,"to be plugged up,to be shut up",N2
塞ぐ,ふさぐ,"to stop up,to close up,to block (up)",N2
塩辛い,しおからい,salty (taste),N2
塵紙,ちりがみ,"tissue paper,toilet paper",N2
塵芥,ごみ,"trash,rubbish",N2
境界,きょうかい,boundary,N2
増やす,ふやす,"to increase,to add to,to augment",N2
増大,ぞうだい,enlargement,N2
増減,ぞうげん,"increase and decrease,fluctuation",N2
墨,すみ,ink,N2
売り切れ,うりきれ,sold-out,N2
売り切れる,うりきれる,to be sold out,N2
売上,うりあげ,"amount sold,proceeds",N2
売店,ばいてん,"shop,stand",N2
売行き,うれゆき,sales,N2
売買,ばいばい,"trade,buying and selling",N2
夕刊,ゆうかん,evening paper,N2
夕日,ゆうひ,"(in) the evening sun,setting sun",N2
夕立,ゆうだち,(sudden) evening shower (rain),N2
外れる,はずれる,"to be disconnected,to get out of place,to be off,to be out (e.g. of gear)",N2
外科,げか,surgical department,N2
外部,がいぶ,"the outside,external",N2
夜行,やこう,"walking around at night,night train,night travel",N2
夜間,やかん,"at night,nighttime",N2
大して,たいして,"(not so) much,(not) very",N2
大凡,おおよそ,"about,roughly,as a rule,approximately",N2
大分,だいぶん,"considerably,greatly,a lot",N2
大学院,だいがくいん,graduate school,N2
大小,だいしょう,size,N2
大層,たいそう,"very much,exaggerated,very fine",N2
大工,だいく,carpenter,N2
大木,たいぼく,large tree,N2
大通り,おおどおり,main street,N2
天皇,てんのう,Emperor of Japan,N2
太鼓,たいこ,"drum,tambourine",N2
夫妻,ふさい,"man and wife,married couple",N2
失恋,しつれん,"disappointed love,broken heart,unrequited love,be lovelorn",N2
女の人,おんなのひと,woman,N2
女房,にょうぼう,wife,N2
好き好き,すきずき,matter of taste,N2
好き嫌い,すききらい,"likes and dislikes,taste",N2
妥当,だとう,"valid,proper,right,appropriate",N2
妨げる,さまたげる,"to disturb,to prevent",N2
始めに,はじめに,"to begin with,first of all",N2
始終,しじゅう,"continuously,from beginning to end",N2
姓,せい,"surname,family name",N2
姪,めい,niece,N2
姿勢,しせい,"attitude,posture",N2
威張る,いばる,"to be proud,to swagger",N2
娯楽,ごらく,"pleasure,amusement",N2
嫌がる,いやがる,"to hate,to dislike",N2
子孫,しそん,"descendants,posterity,offspring",N2
存じる,ぞんじる,(hum) to know,N2
孝行,こうこう,filial piety,N2
学会,がっかい,"scientific society,academic meeting",N2
学力,がくりょく,"scholarship,knowledge,literary ability",N2
学年,がくねん,"year in school,grade in school",N2
学科,がっか,"study subject,course of study",N2
学級,がっきゅう,grade in school,N2
学術,がくじゅつ,"science,learning,scholarship",N2
学部,がくぶ,"department of a university,undergraduate",N2
安易,あんい,easy-going,N2
官庁,かんちょう,"government office,authorities",N2
定休日,ていきゅうび,regular holiday,N2
定価,ていか,established price,N2
定員,ていいん,"fixed number of regular personnel,capacity (of boat, etc.)",N2
定期券,ていきけん,"commuter pass,season ticket",N2
定規,じょうぎ,(measuring) ruler,N2
宛名,あてな,"address,direction",N2
実る,みのる,"to bear fruit,to ripen",N2
実例,じつれい,"example,illustration",N2
実力,じつりょく,"merit,efficiency,arms,force",N2
実感,じっかん,"feelings (actual, true)",N2
実物,じつぶつ,"real thing,original",N2
実用,じつよう,"practical use,utility",N2
実績,じっせき,"achievements,actual results",N2
実習,じっしゅう,"practice,training",N2
客席,きゃくせき,guest seating,N2
客間,きゃくま,"parlor,guest room",N2
宣伝,せんでん,"propaganda,publicity",N2
宴会,えんかい,"party,banquet",N2
家主,やぬし,landlord,N2
家屋,かおく,"house,building",N2
容器,ようき,"container,vessel",N2
容積,ようせき,"capacity,volume",N2
寄せる,よせる,"to collect,to gather,to add,to put aside",N2
寒帯,かんたい,frigid zone,N2
寝台,しんだい,"bed,couch",N2
寝巻,ねまき,"sleep-wear,nightclothes,pyjamas,nightgown,nightdress",N2
寝間着,ねまき,"sleep-wear,nightclothes,pyjamas,nightgown,nightdress",N2
寮,りょう,"hostel,dormitory",N2
寸法,すんぽう,"measurement,size,dimension",N2
寺院,じいん,temple,N2
対照,たいしょう,"contrast,antithesis,comparison",N2
対策,たいさく,"counter-plan,counter-measure",N2
寿命,じゅみょう,life span,N2
専制,せんせい,"despotism,autocracy",N2
射す,さす,"to shine,to strike",N2
将棋,しょうぎ,Japanese chess,N2
小便,しょうべん,"(col) urine,piss",N2
小学生,しょうがくせい,grade school student,N2
小指,こゆび,little finger,N2
小数,しょうすう,"fraction (part of),decimal",N2
小父さん,おじさん,"middle-aged gentleman,uncle",N2
小遣い,こづかい,"personal expenses,pocket money,spending money,incidental expenses,allowance",N2
尖る,とがる,"to taper to a point,to become sharp,to be sour,to look displeased",N2
就任,しゅうにん,"inauguration,assumption of office",N2
屋外,おくがい,outdoors,N2
屑,くず,"waste,scrap",N2
展開,てんかい,"develop,expansion (opposite of compression)",N2
属する,ぞくする,"to belong to,to come under,to be affiliated with,to be subject to",N2
山林,さんりん,"mountain forest,mountains and forest",N2
岬,みさき,cape (on coast),N2
峠,とうげ,"ridge,(mountain) pass,difficult part",N2
崩す,くずす,"to destroy,to pull down,to make change (money)",N2
崩れる,くずれる,"to collapse,to crumble",N2
巡る,めぐる,to go around,N2
巡査,じゅんさ,"police,policeman",N2
工事,こうじ,construction work,N2
工員,こういん,factory worker,N2
工夫,くふう,"labourer,worker",N2
工芸,こうげい,industrial arts,N2
差し引き,さしひき,"deduction,subtraction,balance,ebb and flow,rise and fall",N2
差し支え,さしつかえ,"hindrance,impediment",N2
巻く,まく,"to wind,to coil,to roll",N2
帰す,かえす,to send back,N2
干す,ほす,"to air,to dry,to desiccate,to drain (off),to drink up",N2
平仮名,ひらがな,"hiragana,N47 syllables,the cursive syllabary",N2
平凡,へいぼん,"common,commonplace,ordinary,mediocre",N2
平日,へいじつ,"weekday,ordinary days",N2
平気,へいき,"coolness,calmness,composure,unconcern",N2
平野,へいや,"plain,open field",N2
年度,ねんど,"year,fiscal year,school year,term",N2
幼児,ようじ,"infant,baby,child",N2
幼稚,ようち,"infancy,childish,infantile",N2
幼稚園,ようちえん,kindergarten,N2
幾分,いくぶん,somewhat,N2
広々,ひろびろ,"extensive,spacious",N2
広げる,ひろげる,"to spread,to extend,to expand,to enlarge",N2
広さ,ひろさ,extent,N2
広める,ひろめる,"to broaden,to propagate",N2
広場,ひろば,plaza,N2
床の間,とこのま,alcove,N2
床屋,とこや,barber,N2
庖丁,ほうちょう,"kitchen knife,carving knife",N2
店屋,みせや,"store,shop",N2
座布団,ざぶとん,cushion (Japanese),N2
座敷,ざしき,tatami room,N2
延ばす,のばす,"to lengthen,to stretch,to reach out,to grow (beard)",N2
延びる,のびる,to be prolonged,N2
延長,えんちょう,"extension,elongation,prolongation,lengthening",N2
建つ,たつ,"to erect,to be erected,to be built",N2
引き止める,ひきとめる,"to detain,to check,to restrain",N2
引っ掛かる,ひっかかる,"to be caught in,to be stuck in,to be cheated",N2
引っ繰り返す,ひっくりかえす,"to turn over,to overturn,to knock over,to upset,to turn inside out",N2
引っ繰り返る,ひっくりかえる,"to be overturned,to be upset,to topple over,to be reversed",N2
引っ込む,ひっこむ,"to draw back,to sink,to cave in",N2
引出す,ひきだす,"to pull out,to take out,to draw out,to withdraw",N2
引分け,ひきわけ,"a draw (in competition),tie game",N2
引力,いんりょく,gravity,N2
引受る,ひきうける,"to undertake,to take up,to take over",N2
引算,ひきざん,subtraction,N2
引越し,ひっこし,"moving (dwelling etc.),changing residence",N2
引返す,ひきかえす,"to repeat,to send back,to bring back",N2
弱点,じゃくてん,"weak point,weakness",N2
張り切る,はりきる,"to be in high spirits,to be full of vigor",N2
強化,きょうか,"strengthen,intensify,reinforce,solidify",N2
強引,ごういん,"overbearing,coercive,pushy,forcible,high-handed",N2
強気,つよき,"firm,strong",N2
当日,とうじつ,"appointed day,very day",N2
当番,とうばん,being on duty,N2
形容動詞,けいようどうし,"adjectival noun,quasi-adjective",N2
形容詞,けいようし,true adjective,N2
形式,けいしき,"form,formality,format,math expression",N2
彫る,ほる,"to carve,to engrave,to sculpture,to chisel",N2
彫刻,ちょうこく,"carving,engraving,sculpture",N2
役人,やくにん,government official,N2
役所,やくしょ,"government office,public office",N2
役目,やくめ,"duty,business",N2
役者,やくしゃ,"actor,actress",N2
往復,おうふく,"(col) round trip,coming and going,return ticket",N2
待ち合わせる,まちあわせる,"to rendezvous,to meet at a prearranged place and time",N2
待合室,まちあいしつ,waiting room,N2
後輩,こうはい,junior (at work or school),N2
従姉妹,いとこ,cousin (female),N2
御中,おんちゅう,"and Company,Messrs.",N2
御免,ごめん,"your pardon,declining (something),dismissal,permission",N2
御手洗,おてあらい,font of purifying water placed at entrance of shrine,N2
御無沙汰,ごぶさた,not writing or contacting for a while,N2
御覧,ごらん,"(hon) look,inspection,try",N2
御辞儀,おじぎ,bow,N2
御馳走,ごちそう,"feast,treating (someone)",N2
循環,じゅんかん,"circulation,rotation,cycle",N2
心当たり,こころあたり,"having some knowledge of,happening to know",N2
心得る,こころえる,"to be informed,to have thorough knowledge",N2
心身,しんしん,mind and body,N2
必需品,ひつじゅひん,"necessities,necessary article,requisite,essential",N2
応ずる,おうずる,"to answer,to respond,to meet,to satisfy,to accept",N2
応対,おうたい,"receiving,dealing with",N2
応接,おうせつ,reception,N2
応援,おうえん,"aid,assistance,help,reinforcement",N2
応用,おうよう,"application,put to practical use",N2
快晴,かいせい,good weather,N2
思い付く,おもいつく,"to think of,to hit upon",N2
思い掛けない,おもいがけない,"unexpected,casual",N2
思い込む,おもいこむ,"to be under impression that,to be convinced that",N2
怠る,おこたる,"to neglect,to be off guard,to be feeling better",N2
性別,せいべつ,"distinction by sex,sex,gender",N2
性能,せいのう,"ability,efficiency",N2
性質,せいしつ,"nature,property,disposition",N2
怪しい,あやしい,"suspicious,dubious,doubtful",N2
恋しい,こいしい,"(N1) dear,beloved,darling,(N2) yearned for",N2
恐縮,きょうしゅく,"shame,very kind of you,sorry to trouble",N2
恨み,うらみ,resentment,N2
恨む,うらむ,"to curse,to feel bitter",N2
恩恵,おんけい,"grace,favor,blessing,benefit",N2
恵まれる,めぐまれる,"to be blessed with,to be rich in",N2
悔しい,くやしい,"regrettable,mortifying,vexing",N2
悔やむ,くやむ,to mourn,N2
悠々,ゆうゆう,"quiet,calm,leisurely",N2
惜しい,おしい,"regrettable,disappointing,precious",N2
意地悪,いじわる,"malicious,ill-tempered,unkind",N2
意義,いぎ,"meaning,significance",N2
感ずる,かんずる,"to feel,to sense",N2
感想,かんそう,"impressions,thoughts",N2
感激,かんげき,"deep emotion,impression,inspiration",N2
慰める,なぐさめる,"to comfort,to console",N2
慶び,よろこび,"(n) (a) joy,(a) delight,rapture,pleasure,gratification,rejoicing,congratulations,felicitations",N2
憎い,にくい,"hateful,abominable,poor-looking,detestable",N2
憎む,にくむ,"to hate,to detest",N2
憎らしい,にくらしい,"odious,hateful",N2
憧れる,あこがれる,"to long for,to yearn after,to admire",N2
懐かしい,なつかしい,"dear,desired,missed",N2
成分,せいぶん,"ingredient,component,composition",N2
成立,せいりつ,"coming into existence,arrangements,establishment,completion",N2
戸棚,とだな,"cupboard,locker,closet,wardrobe",N2
所々,ところどころ,"here and there,some parts (of something)",N2
扇ぐ,あおぐ,"to fan,to flap",N2
扇子,せんす,folding fan,N2
扇風機,せんぷうき,electric fan,N2
手入れ,ていれ,"repairs,maintenance",N2
手前,てまえ,"before,this side,we,you",N2
手帳,てちょう,notebook,N2
手拭い,てぬぐい,(hand) towel,N2
手洗い,てあらい,"restroom,lavatory,hand-washing",N2
手続き,てつづき,"procedure,(legal) process,formalities",N2
手頃,てごろ,"moderate,handy",N2
手首,てくび,wrist,N2
打ち消す,うちけす,"to deny,to negate,to contradict",N2
打合せ,うちあわせ,"business meeting,previous arrangement,appointment",N2
払い戻す,はらいもどす,"to repay,to pay back",N2
払い込む,はらいこむ,"to deposit,to pay in",N2
承る,うけたまわる,"(hum) to hear,to be told,to know",N2
投書,とうしょ,"letter to the editor,letter from a reader,contribution",N2
折角,せっかく,"with trouble,at great pains,long-awaited",N2
押える,おさえる,"to stop,to restrain,to seize,to repress,to suppress,to press down",N2
抽象,ちゅうしょう,abstract,N2
担ぐ,かつぐ,"to shoulder,to carry on shoulder",N2
拝む,おがむ,"to worship,to beg,to make a supplication",N2
拝見,はいけん,"(hum) (pol) seeing,look at",N2
拡充,かくじゅう,expansion,N2
拡張,かくちょう,"expansion,extension,enlargement,escape (ESC)",N2
括弧,かっこ,"parenthesis,brackets",N2
拭く,ふく,"to wipe,to dry",N2
持参,じさん,"bringing,taking,carrying",N2
指定,してい,"designation,specification,assignment,pointing at",N2
挙げる,あげる,"to raise,to fly",N2
挟まる,はさまる,"to get between,to be caught in",N2
挟む,はさむ,"to interpose,to hold between,to insert",N2
振り仮名,ふりがな,",pronunciation key",N2
振舞う,ふるまう,"to behave,to conduct oneself,to entertain (vt)",N2
挿す,さす,"to insert,to put in,to graft,to wear in belt",N2
捕える,とらえる,"to seize,to grasp,to capture,to arrest",N2
捕る,とる,"to take,to catch (fish),to capture",N2
捜す,さがす,"to search,to seek,to look for",N2
捩る,ねじる,to twist,N2
捻る,ひねる,"to turn (a switch) on or off,to twist,to puzzle over",N2
掃く,はく,"to sweep,to brush,to gather up",N2
掏摸,すり,pickpocket,N2
掘る,ほる,"to dig,to excavate",N2
掛け算,かけざん,multiplication,N2
採る,とる,"(N1) to adopt (measure, proposal),(N2) to pick (fruit)",N2
採点,さいてん,"marking,grading,looking over",N2
探る,さぐる,"to search,to look for,to sound out",N2
接する,せっする,"to come in contact with,to connect,to attend,to receive",N2
接続,せつぞく,"(N1) connection,union,join,link,(N2) changing trains",N2
接近,せっきん,"getting closer,drawing nearer,approaching",N2
推定,すいてい,"presumption,assumption,estimation",N2
掻く,かく,"to scratch,to perspire",N2
揃う,そろう,"to become complete,to be equal,to be all present,to gather",N2
揃える,そろえる,"to put things in order,to arrange,to make uniform,to get something ready",N2
揉む,もむ,"to rub,to crumple (up),to wrinkle",N2
揚げる,あげる,"to lift,to fry",N2
換気,かんき,ventilation,N2
損得,そんとく,"loss and gain,advantage and disadvantage",N2
摩擦,まさつ,"friction,rubbing,rubdown,chafe",N2
撒く,まく,"to scatter,to sprinkle,to sow",N2
撫でる,なでる,"to brush gently,to stroke",N2
撮影,さつえい,photographing,N2
擦る,こする,"to rub,to chafe,to file,to frost (glass),to strike (match)",N2
改めて,あらためて,"another time,again,over again,anew,formally",N2
改める,あらためる,"to change,to alter,to reform,to revise",N2
改札,かいさつ,examination of tickets,N2
改正,かいせい,"revision,amendment,alteration",N2
改造,かいぞう,"(N1) remodeling,(N2) modding (comp)",N2
攻める,せめる,"to attack,to assault",N2
放る,ほうる,to let go,N2
放れる,はなれる,"to leave,to get free,to cut oneself off",N2
政党,せいとう,(member of) political party,N2
教わる,おそわる,to be taught,N2
教養,きょうよう,"culture,education,refinement,cultivation",N2
散らかす,ちらかす,"to scatter around,to leave untidy",N2
散らかる,ちらかる,"to be in disorder,to lie scattered around",N2
散らす,ちらす,"to scatter,to disperse,to distribute",N2
散る,ちる,"to fall,to scatter (e.g. blossoms)",N2
敬う,うやまう,"to show respect,to honour",N2
敬語,けいご,"honorific,term of respect",N2
整う,ととのう,"to be prepared,to be in order,to be put in order,to be arranged",N2
整備,せいび,"adjustment,completion,consolidation",N2
整数,せいすう,integer,N2
敷く,しく,"to spread out,to lay out",N2
敷地,しきち,site,N2
文体,ぶんたい,literary style,N2
文房具,ぶんぼうぐ,stationery,N2
文献,ぶんけん,"literature,books (reference)",N2
文脈,ぶんみゃく,context,N2
文芸,ぶんげい,"literature,art and literature,belles-lettres",N2
斜め,ななめ,obliqueness,N2
斬る,きる,"(vN5r) to behead,to murder",N2
断定,だんてい,"conclusion,decision",N2
断水,だんすい,water outage,N2
新幹線,しんかんせん,"bullet train (very high speed),shinkansen",N2
方程式,ほうていしき,equation,N2
方角,ほうがく,"direction,way,compass point",N2
方言,ほうげん,dialect,N2
方針,ほうしん,"objective,plan,policy",N2
方面,ほうめん,"direction,district,field (e.g., of study)",N2
日の入り,ひのいり,sunset,N2
日の出,ひので,sunrise,N2
日帰り,ひがえり,day trip,N2
日当たり,ひあたり,"exposure to the sun,sunny place",N2
日日,ひにち,"every day,daily,day after day",N2
日時,にちじ,date and time,N2
日用品,にちようひん,daily necessities,N2
日程,にってい,agenda,N2
日課,にっか,"daily lesson,daily work,daily routine",N2
日陰,ひかげ,shadow,N2
早口,はやくち,fast-talking,N2
早速,さっそく,"at once,immediately,without delay,promptly",N2
明き,あき,"room,time to spare,emptiness",N2
明け方,あけがた,dawn,N2
映す,うつす,"to project,to reflect,to cast (shadow)",N2
映る,うつる,"to be reflected,to harmonize with,to come out (photo)",N2
昼寝,ひるね,"nap (at home),siesta",N2
時速,じそく,speed (per hour),N2
時間割,じかんわり,"timetable,schedule",N2
普及,ふきゅう,"diffusion,spread",N2
暖まる,あたたまる,"to warm up,to get warm",N2
暖める,あたためる,"to warm,to heat",N2
暴れる,あばれる,"to act violently,to rage,to struggle,to be riotous",N2
曲げる,まげる,"to bend,to crook,to lean",N2
曲線,きょくせん,curve,N2
更ける,ふける,"to get late,to advance,to wear on",N2
書取,かきとり,dictation,N2
書店,しょてん,bookshop,N2
書留,かきとめ,"writing down,putting on record,recording,making a note of,registration (of mail)",N2
書籍,しょせき,"book,publication",N2
書道,しょどう,calligraphy,N2
月日,つきひ,"time,years,days",N2
月末,げつまつ,end of the month,N2
月給,げっきゅう,monthly salary,N2
有料,ゆうりょう,"admission-paid,toll",N2
有無,うむ,"yes or no,existence,flag indicator (comp),presence or absence marker",N2
有難い,ありがたい,"grateful,thankful,welcome,appreciated,evoking gratitude",N2
朗らか,ほがらか,"brightness,cheerfulness,melodious",N2
望遠鏡,ぼうえんきょう,telescope,N2
期限,きげん,"term,period",N2
木材,もくざい,"lumber,timber,wood",N2
未満,みまん,"less than,insufficient",N2
末っ子,すえっこ,youngest child,N2
本来,ほんらい,"essentially,naturally,by nature",N2
本部,ほんぶ,headquarters,N2
杉,すぎ,Japanese cedar,N2
材木,ざいもく,"lumber,timber",N2
来日,らいにち,"arrival in Japan,coming to Japan,visit to Japan",N2
東洋,とうよう,Orient,N2
東西,とうざい,"East and West,whole country",N2
枕,まくら,"pillow,bolster",N2
枚数,まいすう,the number of flat things,N2
果して,はたして,"as was expected,really",N2
果実,かじつ,"fruit,nut,berry.",N2
枯れる,かれる,"to wither,to die (plant),to be blasted (plant)",N2
架空,かくう,"aerial,overhead,fiction,fanciful",N2
栓,せん,"stopper,cork,stopcock",N2
校庭,こうてい,campus,N2
校舎,こうしゃ,school building,N2
格別,かくべつ,exceptional,N2
桁,けた,"column,beam,digit",N2
案外,あんがい,unexpectedly,N2
梯子,はしご,"ladder,stairs",N2
森林,しんりん,"forest,woods",N2
椀,わん,"Japanese soup bowl,wooden bowl",N2
植木,うえき,"garden shrubs,trees,potted plant",N2
楕円,だえん,ellipse,N2
楽器,がっき,musical instrument,N2
概論,がいろん,"intro,outline,general remarks",N2
構造,こうぞう,"structure,construction",N2
標本,ひょうほん,"example,specimen",N2
標準,ひょうじゅん,"standard,level",N2
標識,ひょうしき,"sign,mark",N2
機関車,きかんしゃ,"locomotive,engine",N2
櫛,くし,comb,N2
欄,らん,column of text (e.g. as in a newspaper),N2
次ぐ,つぐ,"to rank next to,to come after",N2
欧米,おうべい,"Europe and America,the West",N2
欲張り,よくばり,"avarice,covetousness,greed",N2
歌謡,かよう,"song,ballad",N2
正味,しょうみ,net (weight),N2
正方形,せいほうけい,square,N2
正門,せいもん,"main gate,main entrance",N2
正面,しょうめん,"the front,honesty",N2
武士,ぶし,"warrior,samurai",N2
歯磨き,はみがき,"dentifrice,toothpaste",N2
歯車,はぐるま,"gear,cog-wheel",N2
死体,したい,corpse,N2
残らず,のこらず,"all,entirely,completely,without exception",N2
殖える,ふえる,"to increase,to multiply",N2
殖やす,ふやす,"to increase,to add to,to augment",N2
段階,だんかい,"gradation,grade,stage",N2
殻,から,"shell,husk,hull,chaff",N2
毎度,まいど,"each time,common service-sector greeting",N2
比較的,ひかくてき,"comparatively,relatively",N2
毛皮,けがわ,"fur,skin,pelt",N2
毛糸,けいと,knitting wool,N2
氏名,しめい,"full name,identity",N2
民謡,みんよう,"folk song,popular song",N2
民間,みんかん,"private,civilian,civil,popular,folk,unofficial",N2
気を付ける,きをつける,"to be careful,to pay attention,to take care",N2
気体,きたい,"vapour,gas",N2
気圧,きあつ,atmospheric pressure,N2
気配,けはい,"indication,market trend,worry",N2
水分,すいぶん,moisture,N2
水平,すいへい,"water level,horizon",N2
水平線,すいへいせん,horizon,N2
水曜,すいよう,Wednesday,N2
水滴,すいてき,drop of water,N2
水産,すいさん,"marine products,fisheries",N2
水筒,すいとう,"canteen,flask,water bottle",N2
水素,すいそ,hydrogen,N2
水蒸気,すいじょうき,"water vapour,steam",N2
永い,ながい,"long,lengthy",N2
汁,しる,"juice,sap,soup,broth",N2
汚す,よごす,"(N1) to disgrace,to dishonour,(N2) to pollute,to contaminate,to soil,to make dirty,to stain",N2
汲む,くむ,"(N1) to draw (water),to dip,to scoop,to pump",N2
油断,ゆだん,"negligence,unpreparedness",N2
治す,なおす,"to cure,to heal,to fix,to correct,to repair",N2
治める,おさめる,"(N1) to govern,to manage,(N2) to subdue",N2
泊める,とめる,"to give shelter to,to lodge",N2
法則,ほうそく,"law,rule",N2
注す,さす,"to pour (drink),to serve (drinks)",N2
洋品店,ようひんてん,shop which handles Western-style apparel and accessories,N2
洒落,しゃれ,"joke,pun,witticism",N2
洗剤,せんざい,"detergent,washing material",N2
活力,かつりょく,"vitality,energy",N2
活字,かつじ,printing type,N2
活躍,かつやく,activity,N2
派手,はで,"showy,loud,gay,flashy,gaudy",N2
流域,りゅういき,(river) basin,N2
流石,さすが,"clever,adept,good,expectations,as one would expect",N2
流行る,はやる,"to flourish,to thrive,to be popular,to come into fashion",N2
浮かべる,うかべる,"to float,to express,to look (sad, glad)",N2
浮く,うく,"to float,to become merry,to become loose",N2
浮ぶ,うかぶ,"to float,to rise to surface,to come to mind",N2
浴衣,ゆかた,"bathrobe,informal summer kimono,yukata",N2
海水浴,かいすいよく,"sea bathing,seawater bath",N2
海洋,かいよう,ocean,N2
浸ける,つける,"to dip in,to soak",N2
消化,しょうか,digestion,N2
消極的,しょうきょくてき,passive,N2
消毒,しょうどく,"disinfection,sterilization",N2
消耗,しょうもう,"exhaustion,consumption",N2
消防署,しょうぼうしょ,fire station,N2
液体,えきたい,"liquid,fluid",N2
涼む,すずむ,"to cool oneself,to cool off,to enjoy evening cool",N2
淡水,たんすい,fresh water,N2
深まる,ふかまる,"to deepen,to heighten,to intensify",N2
深夜,しんや,late at night,N2
混ざる,まざる,"to be mixed,to be blended with,to associate with,to mingle with,to join",N2
混じる,まじる,"to be mixed,to be blended with,to associate with",N2
混ぜる,まぜる,"to mix,to stir",N2
混合,こんごう,"mixing,mixture",N2
清い,きよい,"clear,pure,noble",N2
清掃,せいそう,cleaning,N2
清書,せいしょ,clean copy,N2
渇く,かわく,to be thirsty,N2
温室,おんしつ,greenhouse,N2
温帯,おんたい,temperate zone,N2
温泉,おんせん,"spa,hot spring,onsen",N2
測る,はかる,"to measure,to weigh,to survey",N2
測定,そくてい,measurement,N2
測量,そくりょう,"measurement,surveying",N2
湧く,わく,"to boil,to grow hot,to get excited,to gush forth",N2
湯気,ゆげ,"steam,vapour",N2
湯飲み,ゆのみ,teacup,N2
湿る,しめる,"to be wet,to become wet,to be damp",N2
湿度,しつど,level of humidity,N2
湿気,しっけ,"moisture,humidity,dampness",N2
満員,まんいん,"full house,no vacancy,sold out",N2
満点,まんてん,perfect score,N2
溜まる,たまる,"to collect,to gather,to save",N2
溜める,ためる,"to amass,to accumulate",N2
溜息,ためいき,a sigh,N2
溶かす,とかす,"to melt,to dissolve",N2
溶く,とく,to dissolve (paint),N2
溶ける,とける,"to melt,to thaw,to fuse,to dissolve",N2
溶け込む,とけこむ,to melt into,N2
溶岩,ようがん,lava,N2
滝,たき,waterfall,N2
漁師,りょうし,fisherman,N2
漁業,ぎょぎょう,fishing (industry),N2
演劇,えんげき,play (theatrical),N2
漢和,かんわ,Chinese Character-Japanese (e.g. dictionary),N2
漸く,ようやく,"gradually,finally,hardly",N2
潜る,もぐる,"(N1) to drive,to pass through,(N2) to evade,to hide,(N3) to dive (into or under water),to go undergroun",N2
潰す,つぶす,"to smash,to waste",N2
潰れる,つぶれる,"to be smashed,to go bankrupt",N2
澄む,すむ,"to clear (e.g. weather),to become transparent",N2
激増,げきぞう,sudden increase,N2
濁る,にごる,"to become muddy,to get impure",N2
濃度,のうど,"concentration,brightness",N2
濡らす,ぬらす,"to wet,to soak,to dip",N2
瀬戸物,せともの,"earthenware,crockery,china",N2
火傷,やけど,"burn,scald",N2
火口,かこう,"a burner,origin of a fire",N2
火山,かざん,volcano,N2
灯台,とうだい,lighthouse,N2
灯油,とうゆ,"lamp oil,kerosene",N2
灰色,はいいろ,"grey,gray,ashen",N2
災難,さいなん,"calamity,misfortune",N2
炊く,たく,"to boil,to cook",N2
炊事,すいじ,"cooking,culinary arts",N2
炭鉱,たんこう,"coal mine,coal pit",N2
点々,てんてん,"here and there,little by little",N2
点く,つく,"to catch fire,(electricity) comes on",N2
点ける,つける,"to turn on,to switch on,to light up",N2
点数,てんすう,"marks,points,score,runs",N2
為す,なす,"to accomplish,to do",N2
為替,かわせ,"money order,exchange",N2
焚く,たく,"to burn,to kindle,to build a fire",N2
無地,むじ,"plain,unfigured",N2
無数,むすう,"countless number,infinite number",N2
無沙汰,ぶさた,neglecting to stay in contact,N2
無限,むげん,infinite,N2
焦がす,こがす,"to burn,to scorch,to singe,to char",N2
焦げる,こげる,"to burn,to be burned",N2
焦点,しょうてん,"focus,point",N2
煉瓦,れんが,brick,N2
煎る,いる,"to parch,to fry",N2
煙い,けむい,smoky,N2
煙突,えんとつ,chimney,N2
照らす,てらす,"to shine on,to illuminate",N2
照る,てる,to shine,N2
煮える,にえる,"to boil,to cook,to be cooked",N2
煮る,にる,"to boil,to cook",N2
熟語,じゅくご,"idiom,idiomatic phrase,kanji compound",N2
熱する,ねっする,to heat,N2
燃やす,もやす,to burn,N2
爪,つめ,"fingernail or toenail,claw,talon,hoof",N2
父母,ふぼ,"father and mother,parents",N2
片付く,かたづく,"to put in order,to dispose of,to solve",N2
片仮名,かたかな,katakana,N2
片寄る,かたよる,"to be one-sided,to incline,to be partial",N2
片道,かたみち,one-way (trip),N2
牧場,ぼくじょう,"(N1) farm (livestock),(N2) pasture land,meadow,grazing land",N2
牧畜,ぼくちく,stock-farming,N2
物凄い,ものすごい,"earth-shattering,staggering,to a very great extent",N2
物差し,ものさし,"ruler,measure",N2
物置,ものおき,storage room,N2
物語る,ものがたる,"to tell,to indicate",N2
物騒,ぶっそう,"dangerous,disturbed,insecure",N2
特売,とくばい,special sale,N2
特定,とくてい,"specific,special,particular",N2
特殊,とくしゅ,"special,unique",N2
特色,とくしょく,"characteristic,feature",N2
特長,とくちょう,"forte,merit",N2
狙い,ねらい,aim,N2
狙う,ねらう,to aim at,N2
狡い,ずるい,"sly,cunning",N2
独り言,ひとりごと,"a soliloquy,a monologue,speaking to oneself",N2
献立,こんだて,"menu,program,schedule",N2
王女,おうじょ,princess,N2
現に,げんに,"actually,really",N2
理科,りか,science,N2
琴,こと,Koto (Japanese harp),N2
瓦,かわら,roof tile,N2
瓶詰,びんづめ,"bottling,bottled",N2
甘やかす,あまやかす,"to pamper,to spoil",N2
甚だしい,はなはだしい,"extreme,excessive,terrible",N2
生える,はえる,"(N1) to grow,to spring up,(N2) to cut (teeth)",N2
生き生き,いきいき,"vividly,lively",N2
生け花,いけばな,(N1) flower arrangement,N2
生ずる,しょうずる,"to cause,to arise,to be generated",N2
生る,なる,to bear fruit,N2
生存,せいぞん,"existence,being,survival",N2
生年月日,せいねんがっぴ,birth date,N2
生意気,なまいき,"impertinent,saucy,cheeky,conceit,audacious,brazen",N2
生長,せいちょう,"growth,increment",N2
産地,さんち,producing area,N2
用語,ようご,"term,terminology",N2
用途,ようと,"use,usefulness",N2
田ぼ,たんぼ,"paddy field,farm",N2
田植え,たうえ,rice planting,N2
申し訳ない,もうしわけない,inexcusable,N2
申請,しんせい,"application,request,petition",N2
留まる,とどまる,"(N1) to be fixed,(N2) to abide,to stay (in the one place)",N2
留守番,るすばん,"care-taking,caretaker,house-watching",N2
略す,りゃくす,to abbreviate,N2
番地,ばんち,"house number,address",N2
畳む,たたむ,to fold (clothes),N2
発つ,たつ,"to depart (on a plane, train, etc.)",N2
発売,はつばい,sale,N2
発射,はっしゃ,"firing,shooting,discharge,catapult",N2
発想,はっそう,"expression (music),conceptualization",N2
発揮,はっき,"exhibition,demonstration,utilization,display",N2
発電,はつでん,generation (e.g. power),N2
登場,とうじょう,entry (on stage),N2
白髪,しらが,"white or grey hair,trendy hair bleaching",N2
的確,てきかく,"precise,accurate",N2
皮肉,ひにく,"cynicism,sarcasm",N2
皮膚,ひふ,skin,N2
盆,ぼん,"Lantern Festival,Festival of the Dead,tray",N2
盆地,ぼんち,basin (e.g. between mountains),N2
盗難,とうなん,"theft,robbery",N2
盛る,もる,"(N1) to serve (food, etc.),(N2) to fill up,(N3) to prescribe",N2
目上,めうえ,"superior(s),senior",N2
目下,めした,"at present,now",N2
目印,めじるし,"mark,sign,landmark",N2
目安,めやす,"criterion,aim",N2
目指す,めざす,"to aim at,to have an eye on",N2
目次,もくじ,table of contents,N2
目立つ,めだつ,"to be conspicuous,to stand out",N2
目覚し,めざまし,(abbr) alarm-clock,N2
直前,ちょくぜん,just before,N2
直径,ちょっけい,diameter,N2
直後,ちょくご,immediately following,N2
直流,ちょくりゅう,direct current,N2
直線,ちょくせん,straight line,N2
直角,ちょっかく,right angle,N2
直通,ちょくつう,direct communication,N2
相互,そうご,"mutual,reciprocal",N2
相撲,すもう,sumo wrestling,N2
相違,そうい,"difference,discrepancy,variation",N2
省略,しょうりゃく,"omission,abbreviation,abridgment",N2
看板,かんばん,"sign,signboard,doorplate,poster",N2
看病,かんびょう,nursing (a patient),N2
県庁,けんちょう,prefectural office,N2
真っ先,まっさき,"the head,the foremost,beginning",N2
真っ暗,まっくら,"total darkness,shortsightedness,pitch dark",N2
真っ白,まっしろ,pure white,N2
真っ青,まっさお,"deep blue,ghastly pale",N2
真っ黒,まっくろ,pitch black,N2
真似る,まねる,"to mimic,to imitate",N2
真空,しんくう,"vacuum,hollow,empty",N2
着々,ちゃくちゃく,steadily,N2
着ける,つける,"(N1) to attach,to join,to add,to append",N2
着せる,きせる,to put on clothes,N2
着替え,きがえ,"changing clothes,change of clothes",N2
睨む,にらむ,"to glare at,to scowl at,to keep an eye on",N2
瞳,ひとみ,pupil (of eye),N2
矛盾,むじゅん,"contradiction,inconsistency",N2
矢印,やじるし,directing arrow,N2
知人,ちじん,"friend,acquaintance",N2
知合い,しりあい,acquaintance,N2
短所,たんしょ,"(N1) defect,demerit,weak point,(N2) disadvantage",N2
短期,たんき,short term,N2
短編,たんぺん,"short (e.g. story, film)",N2
石鹸,せっけん,soap,N2
研修,けんしゅう,training,N2
砕く,くだく,"to break,to smash",N2
砕ける,くだける,"to break,to be broken",N2
破れる,やぶれる,"to get torn,to wear out",N2
破片,はへん,"fragment,splinter,broken piece",N2
碁,ご,Go (board game of capturing territory),N2
碗,わん,bowl,N2
確率,かくりつ,probability,N2
磁石,じしゃく,magnet,N2
社会科学,しゃかいかがく,social science,N2
社説,しゃせつ,"editorial,leading article",N2
祖先,そせん,ancestor,N2
祝日,しゅくじつ,national holiday,N2
神様,かみさま,god,N2
神話,しんわ,"myth,legend",N2
祭る,まつる,"to deify,to enshrine",N2
祭日,さいじつ,"national holiday,festival day",N2
私立,しりつ,private (establishment),N2
私鉄,してつ,private railway,N2
秤,はかり,"scales,weighing machine",N2
移転,いてん,"moving,transfer,demise",N2
稀,まれ,"rare,seldom",N2
税関,ぜいかん,customs house,N2
稽古,けいこ,"practice,training,study",N2
積む,つむ,"to pile up,to stack",N2
空っぽ,からっぽ,"empty,vacant,hollow",N2
空中,くうちゅう,"sky,air",N2
空想,くうそう,"daydream,fantasy,fancy,vision",N2
突き当たり,つきあたり,end (e.g. of street),N2
突き当たる,つきあたる,"to run into,to collide with",N2
突く,つく,"(N1) to thrust,to strike,(N2) to poke",N2
突っ込む,つっこむ,"to plunge into,to go into deeply",N2
窓口,まどぐち,ticket window,N2
立ち止まる,たちどまる,"to stop,to halt,to stand still",N2
童話,どうわ,fairy tale,N2
競馬,けいば,horse racing,N2
竹,たけ,"bamboo,middle (of a three-tier ranking system)",N2
符号,ふごう,"sign,mark,symbol",N2
筆者,ひっしゃ,"writer,author",N2
筆記,ひっき,"(taking) notes,copying",N2
等分,とうぶん,division into equal parts,N2
箒,ほうき,(n) broom,N2
算数,さんすう,arithmetic,N2
算盤,そろばん,abacus,N2
箸,はし,chopsticks,N2
粒,つぶ,grain,N2
粗い,あらい,"coarse,rough",N2
糊,のり,"paste,starch",N2
系統,けいとう,"system,family line,geological formation",N2
紅葉,もみじ,(N1) (Japanese) maple,N2
納める,おさめる,"to obtain,to reap,to pay,to supply,to accept",N2
純情,じゅんじょう,"pure heart,naivete,self-sacrificing devotion",N2
純粋,じゅんすい,"pure,true,genuine,unmixed",N2
紙屑,かみくず,wastepaper,N2
紙幣,しへい,"paper money,notes,bills",N2
素人,しろうと,"amateur,novice",N2
素直,すなお,"obedient,meek,docile,unaffected",N2
素質,そしつ,"character,qualities,genius",N2
索引,さくいん,"index,indices",N2
紫,むらさき,"purple colour,violet",N2
紺,こん,"navy blue,deep blue",N2
終了,しゅうりょう,"end,close,termination",N2
終点,しゅうてん,"terminus,last stop (e.g train)",N2
組み立てる,くみたてる,"to assemble,to set up,to construct",N2
組合せ,くみあわせ,combination,N2
経度,けいど,longitude,N2
絞る,しぼる,"to press,to wring,to squeeze",N2
給与,きゅうよ,"allowance,grant,supply",N2
統一,とういつ,"unity,consolidation,uniformity",N2
統計,とうけい,"scattering,a scatter,dispersion",N2
絵の具,えのぐ,"colors,paints",N2
絶えず,たえず,constantly,N2
継続,けいぞく,continuation,N2
続々,ぞくぞく,"successively,one after another",N2
綱,つな,rope,N2
総理大臣,そうりだいじん,Prime Minister,N2
線路,せんろ,"line,track,roadbed",N2
締め切る,しめきる,to shut up,N2
締切,しめきり,"closing,cut-off,end,deadline,Closed,No Entrance",N2
編む,あむ,to knit,N2
編物,あみもの,"knitting,web",N2
編集,へんしゅう,"editing,compilation,editorial (e.g. committee)",N2
緩い,ゆるい,"loose,lenient,slow",N2
緯度,いど,latitude (nav.),N2
縛る,しばる,"to tie,to bind",N2
縞,しま,stripe,N2
縫う,ぬう,to sew,N2
縮む,ちぢむ,"to shrink,to be contracted",N2
縮める,ちぢめる,"to shorten,to reduce,to boil down,to shrink",N2
縮れる,ちぢれる,"to be wavy,to be curled",N2
縮小,しゅくしょう,"reduction,curtailment",N2
繋がり,つながり,"connection,link,relationship",N2
繋がる,つながる,"to be tied together,to be connected to,to be related to",N2
繋げる,つなげる,to connect,N2
纏まる,まとまる,"to be collected,to be settled,to be in order",N2
纏める,まとめる,"to put in order,to collect,to bring to a conclusion",N2
缶詰,かんづめ,"packing (in cans),canning,canned goods,tin can",N2
羊毛,ようもう,wool,N2
美容,びよう,beauty of figure or form,N2
群れ,むれ,"group,crowd,flock,herd",N2
羨ましい,うらやましい,"envious,enviable",N2
羨む,うらやむ,to envy,N2
羽根,はね,shuttlecock,N2
習字,しゅうじ,penmanship,N2
耕す,たがやす,"to till,to plow,to cultivate",N2
耕地,こうち,arable land,N2
職人,しょくにん,"worker,mechanic,artisan,craftsman",N2
肌着,はだぎ,underwear,N2
肘,ひじ,elbow,N2
肯定,こうてい,"positive,affirmation",N2
育児,いくじ,"childcare,nursing,upbringing",N2
背負う,せおう,"to be burdened with,to carry on back or shoulder",N2
胡椒,こしょう,pepper,N2
能率,のうりつ,efficiency,N2
脂,あぶら,"fat,tallow,lard",N2
脱線,だっせん,"derailment,digression",N2
腰掛け,こしかけ,"seat,bench",N2
腰掛ける,こしかける,to sit (down),N2
膨らます,ふくらます,"to swell,to expand,to inflate,to bulge",N2
膨らむ,ふくらむ,"to expand,to swell (out),to get big,to become inflated",N2
膨大,ぼうだい,"huge,bulky,enormous,extensive,swelling,expansion",N2
臨時,りんじ,"temporary,special,extraordinary",N2
自治,じち,"self-government,autonomy",N2
自然科学,しぜんかがく,natural science,N2
自習,じしゅう,self-study,N2
自衛,じえい,self-defense,N2
至急,しきゅう,"urgent,pressing",N2
船便,ふなびん,surface mail (ship),N2
艶,つや,"gloss,glaze",N2
芯,しん,"core,heart,wick,marrow",N2
花嫁,はなよめ,bride,N2
花火,はなび,fireworks,N2
芸能,げいのう,"public entertainment,accomplishments,attainments",N2
若々しい,わかわかしい,"youthful,young",N2
苦心,くしん,"pain,trouble",N2
苦情,くじょう,"complaint,troubles,objection",N2
英和,えいわ,English-Japanese (e.g. dictionary),N2
英文,えいぶん,sentence in English,N2
茂る,しげる,"to grow thick,to luxuriate,to be luxurious",N2
茶碗,ちゃわん,"rice bowl,tea cup,teacup",N2
草履,ぞうり,"zoori (Japanese footwear),sandals",N2
荒い,あらい,"rough,rude,wild",N2
落し物,おとしもの,lost property,N2
落着く,おちつく,"to calm down,to settle down",N2
落第,らくだい,"failure,dropping out of a class",N2
著す,あらわす,"to write,to publish",N2
葬式,そうしき,funeral,N2
蒔く,まく,to sow (seeds),N2
蒸し暑い,むしあつい,"humid,sultry",N2
蒸す,むす,"to steam,to poultice,to be sultry",N2
蒸気,じょうき,"steam,vapour",N2
蒸発,じょうはつ,"evaporation,unexplained disappearance",N2
蓄える,たくわえる,"to store,to lay in stock",N2
蓋,ふた,"cover,lid,cap",N2
蕎麦,そば,soba (buckwheat noodles),N2
薄める,うすめる,"to dilute,to water down",N2
薄暗い,うすぐらい,"dim,gloomy",N2
薬品,やくひん,"medicine(s),chemical(s)",N2
薬局,やっきょく,"pharmacy,drugstore",N2
薬指,くすりゆび,ring finger,N2
薬缶,やかん,kettle,N2
蘇る,よみがえる,"to be resurrected,to be revived,to be resuscitated,to be rehabilitated",N2
虹,にじ,rainbow,N2
蚊,か,mosquito,N2
蛇口,じゃぐち,"faucet,tap",N2
蛍光灯,けいこうとう,"fluorescent lamp,person who is slow to react",N2
蝋燭,ろうそく,candle,N2
血圧,けつあつ,blood pressure,N2
血液,けつえき,blood,N2
行事,ぎょうじ,"event,function",N2
行列,ぎょうれつ,"(N1) line,procession,(N2) matrix (math)",N2
街角,まちかど,street corner,N2
衣食住,いしょくじゅう,"necessities of life (food, clothing, etc.)",N2
表紙,ひょうし,"front cover,binding",N2
被せる,かぶせる,to cover (with something),N2
裁縫,さいほう,sewing,N2
裂く,さく,"to tear,to split",N2
裏口,うらぐち,"backdoor,rear entrance",N2
裏返す,うらがえす,"to turn inside out,to turn (something) over",N2
補う,おぎなう,to compensate for,N2
製作,せいさく,"manufacture,production",N2
複写,ふくしゃ,"copy,duplicate",N2
複数,ふくすう,"plural,multiple",N2
襖,ふすま,sliding screen,N2
西暦,せいれき,"Christian Era,anno domini (A.D.)",N2
要旨,ようし,"gist,essentials,summary,fundamentals",N2
要領,ようりょう,"point,gist,essentials,outline",N2
見下ろす,みおろす,"to overlook,to command a view of,to look down on something",N2
見付かる,みつかる,"to be found,to be discovered",N2
見付ける,みつける,"to be familiar,to discover,to detect",N2
見出し,みだし,"heading,caption,subtitle,index",N2
見学,けんがく,"inspection,study by observation,field trip",N2
見慣れる,みなれる,"to become used to seeing,to be familiar with",N2
見掛け,みかけ,outward appearance,N2
見本,みほん,sample,N2
見直す,みなおす,"to look again,to get a better opinion of",N2
見舞う,みまう,"to ask after (health),to visit",N2
見送る,みおくる,"(N1) to see off,to farewell,(N2) to escort,(N3) to let pass",N2
規律,きりつ,"order,rules,law",N2
規準,きじゅん,"standard,basis,criteria,norm",N2
覗く,のぞく,"to peep in,to look in,to peek in,to stick out",N2
親指,おやゆび,thumb,N2
親類,しんるい,"relation,kin",N2
観念,かんねん,"(N1) idea,notion,conception,(N2) sense (e.g. of duty)",N2
観測,かんそく,observation,N2
角度,かくど,angle,N2
解放,かいほう,"release,liberation,emancipation",N2
解散,かいさん,"breakup,dissolution",N2
解答,かいとう,"answer,solution",N2
解説,かいせつ,"explanation,commentary",N2
言い付ける,いいつける,"to tell,to tell on (someone),to order",N2
言い出す,いいだす,"to start talking,to speak,to tell,to propose,to suggest,to break the ice",N2
言付ける,ことづける,"to send word,to send a message",N2
言葉遣い,ことばづかい,"speech,expression,wording",N2
討つ,うつ,"to attack,to avenge",N2
記号,きごう,"symbol,code",N2
訳す,やくす,to translate,N2
診る,みる,to examine (medical),N2
診断,しんだん,diagnosis,N2
評論,ひょうろん,"criticism,critique",N2
詫びる,わびる,to apologize,N2
詰まる,つまる,"to be blocked,to be packed",N2
話し掛ける,はなしかける,"to accost a person,to talk (to someone)",N2
話中,はなしちゅう,"while talking,the line is busy",N2
話合い,はなしあい,"discussion,conference",N2
誓う,ちかう,"to swear,to vow,to take an oath,to pledge",N2
課程,かてい,"course,curriculum",N2
課税,かぜい,taxation,N2
調味料,ちょうみりょう,"condiment,seasoning",N2
調整,ちょうせい,"regulation,adjustment,tuning",N2
調節,ちょうせつ,"regulation,adjustment,control",N2
請う,こう,"to ask,to request",N2
論ずる,ろんずる,"to argue,to discuss,to debate",N2
謎謎,なぞなぞ,"riddle,puzzle,enigma",N2
謙虚,けんきょ,"modesty,humility",N2
謙遜,けんそん,"humble,humility,modesty",N2
講師,こうし,lecturer,N2
警備,けいび,"defense,guard,policing,security",N2
貝,かい,"shell,shellfish",N2
貨物,かもつ,"cargo,freight",N2
貯蔵,ちょぞう,"storage,preservation",N2
貸し出し,かしだし,"lending,loaning",N2
貸家,かしや,house for rent,N2
貸間,かしま,room to let,N2
資料,しりょう,"materials,data",N2
賞品,しょうひん,"prize,trophy",N2
賞金,しょうきん,"prize,monetary award",N2
赤道,せきどう,equator,N2
起床,きしょう,"rising,getting out of bed",N2
超える,こえる,"to exceed,to cross over,to cross",N2
超す,こす,"to cross,to pass,to tide over",N2
超過,ちょうか,"excess,being more than",N2
足る,たる,"to be sufficient,to be enough",N2
足袋,たび,"tabi,Japanese socks (with split toe)",N2
足跡,あしあと,footprints,N2
跳ねる,はねる,"to jump,to leap",N2
跳ぶ,とぶ,"to jump,to fly,to leap",N2
踏切,ふみきり,"railway crossing,level crossing,starting line,scratch,crossover",N2
蹴る,ける,to kick,N2
身分,みぶん,"social position,social status",N2
車庫,しゃこ,"garage,car shed",N2
車掌,しゃしょう,(train) conductor,N2
車輪,しゃりん,(car) wheel,N2
軟らかい,やわらかい,"soft,tender,limp",N2
転がす,ころがす,to roll,N2
転がる,ころがる,"to roll,to tumble",N2
載せる,のせる,"to place on (something),to take on board,to give a ride",N2
載る,のる,"to appear (in print),to be recorded",N2
輸血,ゆけつ,blood transfusion,N2
輸送,ゆそう,"transport,transportation",N2
農村,のうそん,"agricultural community,farm village,rural",N2
農産物,のうさんぶつ,agricultural produce,N2
農薬,のうやく,agricultural chemicals,N2
近々,ちかぢか,"nearness,before long",N2
近付ける,ちかづける,"to bring near,to put close,to let come near,to associate with",N2
近寄る,ちかよる,"to approach,to draw near",N2
迫る,せまる,"to draw near,to press",N2
述語,じゅつご,predicate,N2
迷信,めいしん,superstition,N2
追い掛ける,おいかける,"to chase or run after someone,to run down,to pursue",N2
追い越す,おいこす,"to pass (e.g. car),to outdistance,to outstrip",N2
追加,ついか,"addition,supplement,appendix",N2
退く,どく,"(N1) to retreat,to recede,to withdraw",N2
退ける,どける,"to remove,to take away,to dislodge,to put something out of the way",N2
退院,たいいん,leaving hospital,N2
送り仮名,おくりがな,part of word written in kana,N2
送別,そうべつ,"farewell,send-off",N2
送料,そうりょう,"postage,carriage",N2
逃がす,にがす,"to let loose,to set free,to let escape",N2
逆さ,さかさ,"reverse,inversion,upside down",N2
逆様,さかさま,"inversion,upside down",N2
透き通る,すきとおる,to be(come) transparent,N2
透明,とうめい,"transparency,cleanness",N2
這う,はう,"to creep,to crawl",N2
通り掛かる,とおりかかる,to happen to pass by,N2
通勤,つうきん,commuting to work,N2
通帳,つうちょう,passbook,N2
通用,つうよう,"popular use,circulation",N2
通知,つうち,"notice,notification",N2
通訳,つうやく,interpretation,N2
通貨,つうか,currency,N2
通路,つうろ,"passage,pathway",N2
速力,そくりょく,speed,N2
速達,そくたつ,"express,special delivery",N2
造船,ぞうせん,shipbuilding,N2
連合,れんごう,"union,alliance",N2
逸れる,それる,"to stray (turn) from subject,to get lost,to go astray",N2
遊園地,ゆうえんち,amusement park,N2
運河,うんが,"canal,waterway",N2
過剰,かじょう,"excess,over-",N2
過半数,かはんすう,majority,N2
過失,かしつ,"error,blunder,accident",N2
過程,かてい,process,N2
道順,みちじゅん,"itinerary,route",N2
遠足,えんそく,"trip,hike,picnic",N2
遡る,さかのぼる,"to go back,to go upstream,to make retroactive",N2
適確,てきかく,"precise,accurate",N2
遭う,あう,"to meet,to encounter (undesirable nuance)",N2
郡,ぐん,"country,district",N2
部品,ぶひん,"parts,accessories",N2
部首,ぶしゅ,radical (of a kanji character),N2
郵送,ゆうそう,mailing,N2
都心,としん,heart (of city),N2
酌む,くむ,to serve sake,N2
配る,くばる,"to distribute,to deliver",N2
酒場,さかば,"bar,bar-room",N2
酔っ払い,よっぱらい,drunkard,N2
酢,す,vinegar,N2
酸性,さんせい,acidity,N2
醜い,みにくい,ugly,N2
醤油,しょうゆ,soy sauce,N2
重たい,おもたい,"heavy,massive,serious",N2
重なる,かさなる,"to be piled up,lie on top of one another,overlap each other",N2
重ねる,かさねる,"to pile up,to put something on another,to heap up,to add,to repeat",N2
重体,じゅうたい,"seriously ill,serious condition,critical state",N2
重力,じゅうりょく,gravity,N2
重役,じゅうやく,"director,high executive",N2
重点,じゅうてん,"important point,lay stress on,colon,emphasis",N2
重量,じゅうりょう,"(N1) weight,(N2) heavyweight boxer",N2
量る,はかる,"to measure,to weigh,to survey",N2
金魚,きんぎょ,goldfish,N2
釘,くぎ,nail,N2
釜,かま,"iron pot,kettle",N2
針路,しんろ,"course,direction,compass bearing",N2
針金,はりがね,wire,N2
釣り合う,つりあう,"to balance,to be in harmony,to suit",N2
鈍い,のろい,"dull (e.g. a knife),thickheaded,slow (opposite of fast),stupid",N2
鈴,すず,bell,N2
鉄橋,てっきょう,"railway bridge,iron bridge",N2
鉄砲,てっぽう,gun,N2
鉢,はち,"a bowl,a pot",N2
鉱物,こうぶつ,mineral,N2
銅,どう,copper,N2
銘々,めいめい,"each,individual",N2
錆,さび,rust (colour),N2
錆びる,さびる,"to rust,to become rusty",N2
録音,ろくおん,(audio) recording,N2
鐘,かね,"bell,chime",N2
鑑賞,かんしょう,appreciation,N2
長女,ちょうじょ,eldest daughter,N2
長引く,ながびく,"to be prolonged,to drag on",N2
長所,ちょうしょ,"(N1) strong point,merit,(N2) advantage",N2
長方形,ちょうほうけい,"rectangle,oblong",N2
長男,ちょうなん,eldest son,N2
長短,ちょうたん,"length,long and short,+-",N2
閉会,へいかい,closure,N2
開会,かいかい,opening of a meeting,N2
開放,かいほう,"open,throw open,liberalization",N2
開通,かいつう,"opening,open",N2
間も無く,まもなく,"soon,before long,in a short time",N2
間接,かんせつ,"indirection,indirectness",N2
間隔,かんかく,"space,interval,SPC",N2
関東,かんとう,"eastern half of Japan, including Tokyo",N2
防止,ぼうし,"prevention,check",N2
防犯,ぼうはん,prevention of crime,N2
附属,ふぞく,"attached,belonging,affiliated",N2
限度,げんど,"limit,bounds",N2
険しい,けわしい,"inaccessible place,sharp eyes",N2
陽射,ひざし,"sunlight,rays of the sun",N2
随筆,ずいひつ,"essays,miscellaneous writings",N2
隔てる,へだてる,to be shut out,N2
隙間,すきま,"crevice,crack,gap,opening",N2
障子,しょうじ,paper sliding door,N2
集会,しゅうかい,"meeting,assembly",N2
集合,しゅうごう,"gathering,assembly,meeting,set (math)",N2
集金,しゅうきん,money collection,N2
雑巾,ぞうきん,"house-cloth,dust cloth",N2
雑音,ざつおん,"noise (jarring, grating)",N2
雨戸,あまど,sliding storm door,N2
零点,れいてん,"zero,no marks",N2
電力,でんりょく,electric power,N2
電柱,でんちゅう,"telephone pole,telegraph pole,lightpole",N2
電池,でんち,battery,N2
電波,でんぱ,electro-magnetic wave,N2
電流,でんりゅう,electric current,N2
電球,でんきゅう,light bulb,N2
青少年,せいしょうねん,"youth,young person",N2
青白い,あおじろい,"pale,pallid",N2
静まる,しずまる,"to quieten down,to calm down,to subside",N2
面倒臭い,めんどうくさい,"bother to do,tiresome",N2
面接,めんせつ,interview,N2
面積,めんせき,area,N2
響き,ひびき,"echo,sound,reverberation,noise",N2
響く,ひびく,to resound,N2
頂点,ちょうてん,"top,summit",N2
項目,こうもく,item,N2
順々,じゅんじゅん,"in order,in turn",N2
順序,じゅんじょ,"order,sequence,procedure",N2
預かる,あずかる,"to keep in custody,to receive on deposit,to take charge of",N2
領事,りょうじ,consul,N2
領収,りょうしゅう,"receipt,voucher",N2
頭脳,ずのう,"head,brains,intellect",N2
頼もしい,たのもしい,"reliable,trustworthy,hopeful,promising",N2
題名,だいめい,title,N2
顕微鏡,けんびきょう,microscope,N2
風呂敷,ふろしき,"wrapping cloth,cloth wrapper",N2
風船,ふうせん,balloon,N2
飛び込む,とびこむ,"to jump in,to leap in,to plunge into,to dive",N2
食器,しょっき,tableware,N2
食塩,しょくえん,table salt,N2
飢える,うえる,to starve,N2
飢饉,ききん,famine,N2
飽くまで,あくまで,"to the end,to the last,stubbornly",N2
飾り,かざり,decoration,N2
餅,もち,sticky rice cake,N2
養分,ようぶん,"nourishment,nutrient",N2
香水,こうすい,perfume,N2
馴れる,なれる,"to become domesticated,to become tame",N2
騒々しい,そうぞうしい,"noisy,boisterous",N2
騒がしい,さわがしい,noisy,N2
驚かす,おどろかす,"to surprise,to frighten,to create a stir",N2
高める,たかめる,"to raise,to lift,to boost",N2
高層,こうそう,upper,N2
高度,こうど,"altitude,height,advanced",N2
高等,こうとう,"high class,high grade",N2
高級,こうきゅう,"high class,high grade",N2
髭,ひげ,"moustache,beard,whiskers",N2
鳴らす,ならす,"to ring,to sound,to chime,to beat,to snort (nose)",N2
麓,ふもと,"the foot,the bottom,the base (of a mountain)",N2
あざ笑う,あざわらう,"to sneer at, to ridicule",N1
いい加減,いいかげん,"moderate, right, random, not thorough, vague, irresponsible, halfhearted",N1
お世辞,おせじ,"flattery, compliment",N1
お休み,おやすみ,"holiday, absence, rest, Good night",N1
お使い,おつかい,errand,N1
お供,おとも,"attendant, companion",N1
お先に,おさきに,"before, ahead, previously",N1
お八,おやつ,"N1. (uk) between meal snack, afternoon refreshment, afternoon tea, N2. mid-day snack",N1
お出でになる,おいでになる,to be,N1
お喋り,おしゃべり,"chattering, talk, idle talk, chat, chitchat, gossip, chatty, talkative, chatterbox, blabbermouth",N1
お大事に,おだいじに,Take care of yourself,N1
お宮,おみや,Shinto shrine,N1
お巡りさん,おまわりさん,policeman (friendly term),N1
お手上げ,おてあげ,"all over, given in, given up hope, bring to knees",N1
お早う,おはよう,Good morning,N1
お洒落,おしゃれ,"smartly dressed, someone smartly dressed, fashion-conscious",N1
お産,おさん,(giving) birth,N1
お目出度う,おめでとう,"(ateji) (int) (uk) Congratulations!, an auspicious occasion!",N1
お祖母さん,おばあさん,"grandmother, female senior-citizen",N1
お祖父さん,おじいさん,"grandfather, male senior-citizen",N1
お菜,おかず,"side dish, accompaniment for rice dishes",N1
お蔭,おかげ,"(your) backing, assistance",N1
お蔭様で,おかげさまで,"Thanks to god, thanks to you",N1
お襁褓,おむつ,"diaper, nappy",N1
お邪魔します,おじゃまします,Excuse me for disturbing (interrupting) you,N1
お願いします,おねがいします,please,N1
かも知れない,かもしれない,"may, might, perhaps, may be, possibly",N1
くっ付く,くっつく,"to adhere to, to keep close to",N1
くっ付ける,くっつける,to attach,N1
ヶ月,かげつ,month,N1
この間,このあいだ,"the other day, lately, recently",N1
この頃,このごろ,recently,N1
ご座います,ございます,"to be (polite), to exist",N1
ご無沙汰,ごぶさた,not writing or contacting for a while,N1
ご苦労様,ごくろうさま,Thank you very much for your....,N1
ご馳走,ごちそう,"feast, treating (someone)",N1
ご馳走さま,ごちそうさま,feast,N1
じゃん拳,じゃんけん,rock-scissors-paper game,N1
ずぶ濡れ,ずぶぬれ,"soaked, dripping wet",N1
すれ違う,すれちがう,"to pass by one another, to disagree, to miss each other",N1
その上,そのうえ,"in addition, furthermore",N1
その内,そのうち,"eventually, sooner or later, of the previously mentioned",N1
その外,そのほか,"besides, in addition, the rest",N1
その為,そのため,"hence, for that reason",N1
どうぞ宜しく,どうぞよろしく,pleased to meet you,N1
にも拘らず,にもかかわらず,"in spite of, nevertheless",N1
ねじ回し,ねじまわし,screwdriver,N1
ぶら下げる,ぶらさげる,"to hang, to suspend, to dangle, to swing",N1
やっ付ける,やっつける,to beat,N1
やり遂げる,やりとげる,to accomplish,N1
ローマ字,ローマじ,"romanization, Roman letters",N1
一々,いちいち,"one by one, separately",N1
一まず,ひとまず,"for the present, once, in outline",N1
一人でに,ひとりでに,"by itself, automatically, naturally",N1
一切,いっさい,"all, everything, without exception, the whole, entirely, absolutely",N1
一別,いちべつ,parting,N1
一同,いちどう,"all present, all concerned, all of us",N1
一向,ひたすら,earnestly,N1
一変,いっぺん,"complete change, about-face",N1
一寸,ちょっと,"(ateji) (adv int) (uk) just a minute, a short time, a while, just a little, somewhat, easily, readily, rath",N1
一帯,いったい,"a region, a zone, the whole place",N1
一律,いちりつ,"evenness, uniformity, monotony, equality",N1
一心,いっしん,"one mind, wholeheartedness, the whole heart",N1
一息,ひといき,"puffy, a breath, a pause, an effort",N1
一括,いっかつ,"all together, batch, one lump, one bundle, summing up",N1
一挙に,いっきょに,"at a stroke, with a single swoop",N1
一敗,いっぱい,one defeat,N1
一昨昨日,さきおととい,two days before yesterday,N1
一概に,いちがいに,"unconditionally, as a rule",N1
一様,いちよう,"uniformity, evenness, similarity, equality, impartiality",N1
一気,いっき,drink!(said repeatedly as a party cheer),N1
一目,いちもく,"a glance, a look, a glimpse",N1
一筋,ひとすき,"a line, earnestly, blindly, straightforwardly",N1
一見,いちげん,"unfamiliar, never before met",N1
一連,いちれん,"a series, a chain, a ream (of paper)",N1
一部,いちぶ,"N1. one copy e.g. of a document, N2. a part, partly, some",N1
一部分,いちぶぶん,a part,N1
一面,いちめん,"one side, one phase, front page, the other hand, the whole surface",N1
一頃,ひところ,"once, some time ago",N1
丁々,とうとう,"clashing of swords, felling of trees, ringing of an ax",N1
丁目,ちょうめ,"district of a town, city block (of irregular size)",N1
万人,ばんじん,"all people, everybody, N10000 people",N1
万能,ばんのう,"all-purpose, almighty, omnipotent",N1
丈,たけ,"height, stature, length, measure, all (one has)",N1
三味線,さみせん,"three-stringed Japanese guitar, shamisen",N1
上がり,あがり,"N1. slope, advance income, crop yield, ascent, rise, advance, death, spinning, completion, stop, finish, after",N1
上がる,あがる,"to enter, to go up, to rise, to climb up, to advance, to appreciate, to be promoted, to improve, to call on,",N1
上位,じょうい,"superior (rank not class), higher order (e.g. byte), host computer (of connected device)",N1
上司,じょうし,"superior authorities, boss",N1
上回る,うわまわる,to exceed,N1
上昇,じょうしょう,"rising, ascending, climbing",N1
上演,じょうえん,performance (e.g. music),N1
上空,じょうくう,"sky, the skies, high-altitude sky, upper air",N1
上陸,じょうりく,"landing, disembarkation",N1
下がる,さがる,"to hang down, to abate, to retire, to fall, to step back",N1
下らない,くだらない,"good-for-nothing, stupid, trivial, worthless",N1
下位,かい,"low rank, subordinate, lower order (e.g. byte)",N1
下取り,したどり,"trade in, part exchange",N1
下吏,かり,lower official,N1
下地,したじ,"groundwork, foundation, inclination, aptitude, elementary knowledge of, grounding in, prearrangement, spade",N1
下心,したごころ,"secret intention, motive",N1
下火,したび,"burning low, waning, declining",N1
下番,かばん,going off duty,N1
下痢,げり,diarrhoea,N1
下調べ,したしらべ,"preliminary investigation, preparation",N1
不便,ふびん,"pity, compassion",N1
不動産,ふどうさん,real estate,N1
不可欠,ふかけつ,"indispensable, essential",N1
不吉,ふきつ,"ominous, sinister, bad luck, ill omen, inauspiciousness",N1
不味い,まずい,"unappetising, unpleasant (taste appearance situation), ugly, unskilful, awkward, bungling, unwise, untime",N1
不図,ふと,"suddenly, casually, accidentally, incidentally, unexpectedly, unintentionally",N1
不在,ふざい,absence,N1
不審,ふしん,"incomplete understanding, doubt, question, distrust, suspicion, strangeness, infidelity",N1
不山戯る,ふざける,"to romp, to gambol, to frolic, to joke, to make fun of, to flirt",N1
不当,ふとう,"injustice, impropriety, unreasonableness, undeservedness, unfair, invalid",N1
不意,ふい,"sudden, abrupt, unexpected, unforeseen",N1
不振,ふしん,"dullness, depression, slump, stagnation",N1
不明,ふめい,"unknown, obscure, indistinct, uncertain, ambiguous, ignorant, lack of wisdom, anonymous, unidentified",N1
不景気,ふけいき,"business recession, hard times, depression, gloom, sullenness, cheerlessness",N1
不服,ふふく,"dissatisfaction, discontent, disapproval, objection, complaint, protest, disagreement",N1
不況,ふきょう,"recession, depression, slump",N1
不良,ふりょう,"badness, delinquent, inferiority, failure",N1
不評,ふひょう,"bad reputation, disgrace, unpopularity",N1
不調,ふちょう,"bad condition, not to work out (ie a deal), disagreement, break-off, disorder, slump, out of form",N1
不順,ふじゅん,"irregularity, unseasonableness",N1
与党,よとう,"government party, (ruling) party in power, government",N1
且つ,かつ,"yet, and",N1
世,よ,"world, society, age, generation",N1
世代,せだい,"generation, the world, the age",N1
世帯,せたい,household,N1
世論,せろん,public opinion,N1
世辞,せじ,"flattery, compliment",N1
丘陵,きゅうりょう,hill,N1
両極,りょうきょく,"both extremities, north and south poles, positive and negative poles",N1
両立,りょうりつ,"compatibility, coexistence, standing together",N1
並びに,ならびに,and,N1
並み,なみ,"average, medium, common, ordinary",N1
並列,へいれつ,"arrangement, parallel, abreast",N1
中傷,ちゅうしょう,"slander, libel, defamation",N1
中和,ちゅうわ,"neutralize, counteract",N1
中断,ちゅうだん,"interruption, suspension, break",N1
中枢,ちゅうすう,"centre, pivot, mainstay, nucleus, backbone, central figure, pillar, key man",N1
中毒,ちゅうどく,poisoning,N1
中程,なかほど,"middle, midway",N1
中立,ちゅうりつ,neutrality,N1
中継,ちゅうけい,"relay, hook-up",N1
中腹,ちゅうっぱら,"irritated, offended",N1
丸々,まるまる,completely,N1
丸ごと,まるごと,"in its entirety, whole, wholly",N1
丸っきり,まるっきり,"completely, perfectly, just as if",N1
丸で,まるで,"quite, entirely, completely, at all, as if, as though, so to speak",N1
丸める,まるめる,"to make round, to round off, to roll up, to curl up, to seduce, to cajole, to explain away",N1
主人公,しゅじんこう,"protagonist, main character, hero(ine) (of a story), head of household",N1
主任,しゅにん,"person in charge, responsible official",N1
主体,しゅたい,"subject, main constituent",N1
主催,しゅさい,"organization, sponsorship",N1
主導,しゅどう,main leadership,N1
主権,しゅけん,"sovereignty, supremacy, dominion",N1
主演,しゅえん,"starring, playing the leading part",N1
主観,しゅかん,"subjectivity, subject, ego",N1
主題,しゅだい,"subject, theme, motif",N1
主食,しゅしょく,staple food,N1
乃至,ないし,"from...to, between...and, or",N1
久しい,ひさしい,"long, long-continued, old (story)",N1
久し振り,ひさしぶり,after a long time,N1
乏しい,とぼしい,"meagre, scarce, limited, destitute, hard up, scanty, poor",N1
乗っ取る,のっとる,"to capture, to occupy, to usurp",N1
乗り換え,のりかえ,transfer (trains buses etc.),N1
乗り込む,のりこむ,"to board, to embark on, to get into (a car), to ship (passengers), to man (a ship), to help (someone) int",N1
乙,おつ,"N1. strange, quaint, stylish, chic, spicy, queer, witty, tasty, romantic, N2. N2nd in rank, second sign of the",N1
乱す,みだす,"to throw out of order, to disarrange, to disturb",N1
乱れる,みだれる,"to get confused, to be disordered, to be disturbed",N1
乳,ちち,"milk, breast, loop",N1
乾,かん,"heaven, emperor",N1
了,りょう,"finish, completion, understanding",N1
了承,りょうしょう,"acknowledgement, understanding (e.g. please be understanding of the mess during our renovation)",N1
了解,りょうかい,"comprehension, consent, understanding, roger (on the radio)",N1
予め,あらかじめ,"beforehand, in advance, previously",N1
予想,よそう,"expectation, anticipation, prediction, forecast",N1
予感,よかん,"presentiment, premonition",N1
予言,かねごと,"prediction, promise, prognostication",N1
争い,あらそい,"dispute, strife, quarrel, dissension, conflict, rivalry, contest",N1
事によると,ことによると,depending on the circumstances,N1
事前,じぜん,"prior, beforehand, in advance",N1
事柄,ことがら,"matter, thing, affair, circumstance",N1
事業,じぎょう,"project, enterprise, business, industry, operations",N1
事項,じこう,"matter, item, facts",N1
云々,うんぬん,"and so on, and so forth, comment",N1
五月蝿い,うるさい,"noisy, loud, fussy",N1
些とも,ちっとも,not at all (neg. verb),N1
些事,さじ,"something small or petty, trifle",N1
亜科,あか,"suborder, subfamily",N1
交える,まじえる,"to mix, to converse with, to cross (swords)",N1
交わす,かわす,"to exchange (messages), to dodge, to parry, to avoid, to turn aside",N1
交わる,まじわる,"to cross, to intersect, to associate with, to mingle with, to interest, to join",N1
交互,こうご,"mutual, reciprocal, alternate",N1
交付,こうふ,"delivering, furnishing (with copies)",N1
交易,こうえき,"trade, commerce",N1
交渉,こうしょう,"negotiations, discussions, connection",N1
享受,きょうじゅ,"reception, acceptance, enjoyment, being given",N1
人体,じんたい,human body,N1
人情,にんじょう,"humanity, empathy, kindness, sympathy, human nature, common sense, customs and manners",N1
人材,じんざい,man of talent,N1
人柄,ひとがら,"personality, character, personal appearance, gentility",N1
人格,じんかく,"personality, character, individuality",N1
人民,じんみん,"people, public",N1
人目,じんもく,"glimpse, public gaze",N1
人質,ひとじち,"hostage, prisoner",N1
今日は,こんにちは,"hello, good day (daytime greeting id)",N1
今晩は,こんばんは,good evening,N1
今更,いまさら,"now, at this late hour",N1
介入,かいにゅう,intervention,N1
介抱,かいほう,"nursing, looking after",N1
介護,かいご,nursing,N1
仏像,ぶつぞう,Buddhist image (statue),N1
仕える,つかえる,"to serve, to work for",N1
仕上がり,しあがり,"finish, end, completion",N1
仕上げ,しあげ,"end, finishing touches, being finished",N1
仕上げる,しあげる,"to finish up, to complete",N1
仕付ける,しつける,"to be used to a job, to begin to do, to baste, to tack, to plant",N1
仕入れる,しいれる,"to lay in stock, to replenish stock, to procure",N1
仕切る,しきる,"to partition, to divide, to mark off, to settle accounts, to toe the mark",N1
仕掛け,しかけ,"device, trick, mechanism, gadget, (small) scale, half finished, commencement, set up, challenge",N1
仕掛ける,しかける,"to commence, to lay (mines), to set (traps), to wage (war), to challenge",N1
仕様,しよう,"way, method, resource, remedy, (technical) specification",N1
仕立てる,したてる,"to tailor, to make, to prepare, to train, to send (a messenger)",N1
仕組み,しくみ,"devising, plan, plot, contrivance, construction, arrangement",N1
仕舞,しまい,"end, termination, informal (Noh play)",N1
仕舞う,しまう,"to finish, to close, to do something completely, to put away, to put an end to",N1
他動詞,たどうし,transitive verb (direct obj),N1
他意,たい,"ill will, malice, another intention, secret purpose, ulterior motive, fickleness, double-mindedness",N1
他方,たほう,"another side, different direction, (on) the other hand",N1
付き,つき,"attached to, impression, sociality, appearance, furnished with, under, to",N1
付き合う,つきあう,"to associate with, to keep company with, to get on with",N1
付け加える,つけくわえる,to add one thing to another,N1
付属,ふぞく,"attached, belonging, affiliated, annexed, associated, subordinate, incidental, dependent, auxiliary",N1
付録,ふろく,"appendix, supplement",N1
仙,せん,"hermit, wizard",N1
代,しろ,"price, materials, substitution",N1
代わる,かわる,"to take the place of, to relieve, to be substituted for, to be exchanged, to change places with, to take",N1
代わる代わる,かわるがわる,alternately,N1
代弁,だいべん,"pay by proxy, act for another, speak for another",N1
代用,だいよう,substitution,N1
以て,もって,"with, by, by means of, because, in view of",N1
仮,か,"tentative, provisional",N1
仮令,たとえ,"example, even if, if, though, although",N1
仰ぐ,あおぐ,"to look up (to), to respect, to depend on, to ask for, to seek, to revere, to drink, to take",N1
仰っしゃる,おっしゃる,"to say, to speak, to tell, to talk",N1
仲人,ちゅうにん,"go-between, matchmaker",N1
件,くだん,"example, precedent, the usual, the said, the above-mentioned, (man) in question",N1
任す,まかす,"to entrust, to leave to a person",N1
任務,にんむ,"duty, function, office, mission, task",N1
任命,にんめい,"appointment, nomination, ordination, commission, designation",N1
企画,きかく,"planning, project",N1
伊井,いい,"that one, Italy",N1
伐,ばつ,"strike, attack, punish",N1
休める,やすめる,"to rest, to suspend, to give relief",N1
休学,きゅうがく,"temporary absence from school, suspension",N1
休戦,きゅうせん,"truce, armistice",N1
会見,かいけん,"interview, audience",N1
会談,かいだん,"conversation, conference, discussion, interview",N1
伜,せがれ,"son, my son",N1
伝来,でんらい,"ancestral, hereditary, imported, transmitted, handed down",N1
伝言,つてごと,"verbal message, rumor, word",N1
伝説,でんせつ,"tradition, legend, folklore",N1
伝達,でんたつ,"transmission (e.g. news), communication, delivery",N1
伴う,ともなう,"to accompany, to bring with, to be accompanied by, to be involved in",N1
似通う,にかよう,to resemble closely,N1
位地,いち,"place, situation, position, location",N1
住,じゅう,"dwelling, living",N1
佐,さ,help,N1
体付き,からだつき,"body build, figure",N1
体力,たいりょく,physical strength,N1
体格,たいかく,"physique, constitution",N1
体裁,ていさい,"decency, style, form, appearance, show, get-up, format",N1
体験,たいけん,personal experience,N1
何しろ,なにしろ,"at any rate, anyhow, anyway, in any case",N1
何だか,なんだか,"a little, somewhat, somehow",N1
何て,なんて,"how...!, what...!",N1
何と,なんと,"what, how, whatever",N1
何となく,なんとなく,"somehow or other, for some reason or another",N1
何とも,なんとも,"nothing (with neg. verb), quite, not a bit",N1
何なり,なんなり,"any, anything, whatever",N1
何の,どの,"which, what",N1
何も,なにも,nothing,N1
何より,なにより,"most, best",N1
何れ,いずれ,"where, which, who, anyway, anyhow, at any rate",N1
何処,どこ,"where, what place",N1
何処か,どこか,"somewhere, anywhere, in some respects",N1
何卒,なにとぞ,please,N1
何故,なぜ,"why, how",N1
何故なら,なぜなら,because,N1
何方,どちら,"which, who",N1
何時,いつ,"when, how soon",N1
何時か,いつか,"sometime, someday, one day, some time or other, the other day, in due course, in time",N1
何時でも,いつでも,"(at) any time, always, at all times, never (neg), whenever",N1
何時の間にか,いつのまにか,"before one knows, unnoticed, unawares",N1
何時までも,いつまでも,"forever, for good, eternally, as long as one likes, indefinitely",N1
何時も,いつも,"always, usually, every time, never (with neg. verb)",N1
何気ない,なにげない,"casual, unconcerned",N1
余地,よち,"place, room, margin, scope",N1
余所見,よそみ,"looking away, looking aside",N1
余暇,よか,"leisure, leisure time, spare time",N1
余程,よっぽど,"very, greatly, much, to a large extent, quite",N1
余興,よきょう,"side show, entertainment",N1
作,さく,"a work, a harvest",N1
作り,つくり,"make-up, sliced raw fish",N1
作戦,さくせん,"military or naval operations, tactics, strategy",N1
作用,さよう,"action, operation, effect, function",N1
佳句,かく,beautiful passage of literature,N1
使い道,つかいみち,use,N1
使命,しめい,"mission, errand, message",N1
使用人,しようにん,"employee, servant",N1
例え,たとえ,"example, even if, if, though, although",N1
侍,さむらい,"Samurai, warrior",N1
供,きょう,"offer, present, submit, serve (a meal), supply",N1
依,い,depending on,N1
依って,よって,"therefore, consequently, accordingly, because of",N1
依存,いそん,"dependence, dependent, reliance",N1
依然,いぜん,"still, as yet",N1
侮辱,ぶじょく,"insult, contempt, slight",N1
侵す,おかす,"to invade, to raid, to trespass, to violate, to intrude on",N1
侵略,しんりゃく,"aggression, invasion, raid",N1
便宜,べんぎ,"convenience, accommodation, advantage, expedience",N1
係り,かかり,"official, duty, person in charge",N1
促す,うながす,"to urge, to press, to suggest, to demand, to stimulate, to quicken, to incite, to invite (attention to)",N1
促進,そくしん,"promotion, acceleration, encouragement, facilitation, spurring on",N1
俄か,にわか,"sudden, abrupt, unexpected, improvised, offhand",N1
保つ,たもつ,"to keep, to preserve, to hold, to retain, to maintain, to support, to sustain, to last, to endure, to keep we",N1
保守,ほしゅ,"conservative, maintaining",N1
保母,ほぼ,day care worker in a kindergarten nursery school etc.,N1
保温,ほおん,"retaining warmth, keeping heat in, heat insulation",N1
保管,ほかん,"charge, custody, safekeeping, deposit, storage",N1
保育,ほいく,"nursing, nurturing, rearing, lactation, suckling",N1
保護,ほご,"care, protection, shelter, guardianship, favor, patronage",N1
保険,ほけん,"insurance, guarantee",N1
保障,ほしょう,"guarantee, security, assurance, pledge, warranty",N1
保養,ほよう,"health preservation, recuperation, recreation",N1
信任,しんにん,"trust, confidence, credence",N1
信者,しんじゃ,"believer, adherent, devotee, Christian",N1
修了,しゅうりょう,completion (of a course),N1
修士,しゅうし,Masters degree program,N1
修学,しゅうがく,learning,N1
修行,しゅうぎょう,"pursuit of knowledge, studying, learning, training, ascetic practice, discipline",N1
修飾,しゅうしょく,"ornamentation, embellishment, decoration, adornment, polish up (writing), modification (gram)",N1
俺,おれ,I (ego) (boastful first-person pronoun),N1
個,か,article counter,N1
個々,ここ,"individual, one by one",N1
個別,こべつ,particular case,N1
個性,こせい,"individuality, personality, idiosyncrasy",N1
倍率,ばいりつ,"diameter, magnification",N1
倒産,とうさん,"(corporate) bankruptcy, insolvency",N1
借り,かり,"borrowing, debt, loan",N1
倣,ほう,"imitate, follow, emulate",N1
値する,あたいする,"to be worth, to deserve, to merit",N1
値引き,ねびき,"price reduction, discount",N1
値打ち,ねうち,"value, worth, price, dignity",N1
倹約,けんやく,"thrift, economy, frugality",N1
偏,へん,"side, left radical of a character, inclining, inclining toward, biased",N1
偏る,かたよる,"to be one-sided, to incline, to be partial, to be prejudiced, to lean, to be biased",N1
偏見,へんけん,"prejudice, narrow view",N1
偖,さて,"well, now, then",N1
停滞,ていたい,"stagnation, tie-up, congestion, retention, accumulation, falling into arrears",N1
健やか,すこやか,"vigorous, healthy, sound",N1
健全,けんぜん,"health, soundness, wholesome",N1
健在,けんざい,"in good health, well",N1
側面,そくめん,"side, flank, sidelight, lateral",N1
偶に,たまに,"occasionally, once in a while",N1
偽造,ぎぞう,"forgery, falsification, fabrication, counterfeiting",N1
傍ら,かたわら,"beside(s), while, nearby",N1
傑,けつ,excellence,N1
備え付ける,そなえつける,"to provide, to furnish, to equip, to install",N1
備わる,そなわる,"to be furnished with, to be endowed with, to possess, to be among, to be one of, to be possessed of",N1
催す,もよおす,"to hold (a meeting), to give (a dinner), to feel, to show signs of, to develop symptoms of, to feel (sick",N1
傲る,おごる,to be proud,N1
傷付く,きずつく,"to be hurt, to be wounded, to get injured",N1
傾,けい,"lean, incline",N1
傾ける,かたむける,"to incline, to list, to bend, to lean, to tip, to tilt, to slant, to concentrate on, to ruin (a country), to",N1
傾斜,けいしゃ,"inclination, slant, slope, bevel, list, dip",N1
僅,きん,"a little, small quantity",N1
働,どう,"work, labor",N1
像,ぞう,"statue, image, figure, picture, portrait",N1
僕,しもべ,"manservant, servant (of God)",N1
僧,そう,"monk, priest",N1
優,やさ,"gentle, affectionate",N1
優位,ゆうい,"predominance, ascendancy, superiority",N1
優先,ゆうせん,"preference, priority",N1
優勢,ゆうせい,"superiority, superior power, predominance, preponderance",N1
優美,ゆうび,"grace, refinement, elegance",N1
優越,ゆうえつ,"supremacy, predominance, being superior to",N1
元年,がんねん,first year (of a specific reign),N1
元来,がんらい,"originally, primarily, essentially, logically, naturally",N1
元素,げんそ,chemical element,N1
元首,げんしゅ,"ruler, sovereign",N1
充実,じゅうじつ,"fullness, completion, perfection, substantiality, enrichment",N1
兆,きざし,"signs, omen, symptoms",N1
兆し,きざし,"signs, omen, symptoms",N1
先だって,せんだって,"recently, the other day",N1
先に,さきに,"before, earlier than, ahead, beyond, away, previously, recently",N1
先代,せんだい,"family predecessor, previous age, previous generation",N1
先先月,せんせんげつ,month before last,N1
先先週,せんせんしゅう,week before last,N1
先天的,せんてんてき,"a priori, inborn, innate, inherent, congenital, hereditary",N1
先着,せんちゃく,first arrival,N1
先行,せんこう,"preceding, going first",N1
光沢,こうたく,"brilliance, polish, lustre, glossy finish (of photographs)",N1
光熱費,こうねつひ,cost of fuel and light,N1
免れる,まぬかれる,"to escape from, to be rescued from, to avoid, to evade, to avert, to elude, to be exempted, to be relieved",N1
免除,めんじょ,"exemption, exoneration, discharge",N1
兎に角,とにかく,"anyhow, at any rate, anyway, somehow or other, generally speaking, in any case",N1
兎も角,ともかく,"anyhow, anyway, somehow or other, generally speaking, in any case",N1
兎角,とかく,"anyhow, anyway, somehow or other, generally speaking, in any case, this and that, many, be apt to",N1
児,こ,"child, the young of animals",N1
入手,にゅうしゅ,"obtaining, coming to hand",N1
入浴,にゅうよく,"bathe, bathing",N1
入賞,にゅうしょう,winning a prize or place (in a contest),N1
全快,ぜんかい,complete recovery of health,N1
全滅,ぜんめつ,annihilation,N1
全盛,ぜんせい,height of prosperity,N1
公,おおやけ,"official, public, formal, open, governmental",N1
公募,こうぼ,"public appeal, public contribution",N1
公団,こうだん,public corporation,N1
公演,こうえん,public performance,N1
公然,こうぜん,"open (e.g. secret), public, official",N1
公用,こうよう,"government business, public use, public expense",N1
公立,こうりつ,public (institution),N1
公認,こうにん,"official recognition, authorization, licence, accreditation",N1
公開,こうかい,presenting to the public,N1
共,きょう,"both, neither (neg), all, and, as well as, including, with, together with, plural ending",N1
共働き,ともばたらき,dual income,N1
共和,きょうわ,"republicanism, cooperation",N1
共存,きょうそん,coexistence,N1
共学,きょうがく,coeducation,N1
共感,きょうかん,"sympathy, response",N1
共産,きょうさん,communism,N1
共稼ぎ,ともかせぎ,"working together, (husband and wife) earning a living together",N1
共鳴,きょうめい,"resonance, sympathy",N1
兵器,へいき,"arms, weapons, ordinance",N1
兵士,へいし,soldier,N1
其の儘,そのまま,"without change, as it is (i.e. now)",N1
其れ,それ,"it, that",N1
其れから,それから,"and then, after that",N1
其れで,それで,"and (conj), thereupon, because of that",N1
其れでは,それでは,"in that situation, well then ...",N1
其れでも,それでも,"but (still), and yet, nevertheless, even so, notwithstanding",N1
其れに,それに,"besides, moreover",N1
其れ共,それとも,"or, or else",N1
其れ故,それゆえ,"therefore, for that reason, so",N1
其れ程,それほど,"to that degree, extent",N1
其処,そこ,"that place, there",N1
其処で,そこで,"so (conj), accordingly, now, then, thereupon",N1
其処ら,そこら,"everywhere, somewhere, approximately, that area, around there",N1
其方,そちら,"over there, the other",N1
兼ねて,かねて,simultaneously,N1
兼業,けんぎょう,"side line, second business",N1
兼用,けんよう,"multi-use, combined use, combination, serving two purposes",N1
内乱,ないらん,"civil war, insurrection, rebellion, domestic conflict",N1
内臓,ないぞう,"internal organs, intestines, viscera",N1
内訳,うちわけ,"the items, breakdown, classification",N1
内部,ないぶ,"interior, inside, internal",N1
内閣,ないかく,"cabinet, (government) ministry",N1
内陸,ないりく,inland,N1
円満,えんまん,"perfection, harmony, peace, smoothness, completeness, satisfaction, integrity",N1
円滑,えんかつ,"harmony, smoothness",N1
冊,さつ,counter for books,N1
再,さい,"re-, again, repeated",N1
再会,さいかい,"another meeting, meeting again, reunion",N1
再建,さいけん,"rebuilding, reconstruction, rehabilitation",N1
再現,さいげん,"reappearance, reproduction, return, revival",N1
再生,さいせい,"playback, regeneration, resuscitation, return to life, rebirth, reincarnation, narrow escape, reclamation, r",N1
再発,さいはつ,"return, relapse, reoccurrence",N1
冒頭,ぼうとう,"beginning, start, outset",N1
写し,うつし,"copy, duplicate, facsimile, transcript",N1
冬眠,とうみん,"hibernation, winter sleep",N1
冴える,さえる,"to be clear, to be serene, to be cold, to be skillful",N1
冷やかす,ひやかす,"to banter, to make fun of, to jeer at, to cool, to refrigerate",N1
冷淡,れいたん,"coolness, indifference",N1
冷蔵,れいぞう,"cold storage, refrigeration",N1
冷酷,れいこく,"cruelty, coldheartedness, relentless, ruthless",N1
凌ぐ,しのぐ,"to outdo, to surpass, to endure, to keep out (rain), to stave off, to tide over, to pull through, to defy, t",N1
凝らす,こごらす,"to freeze, to congeal",N1
凝る,こごる,"to congeal, to freeze",N1
几帳面,きちょうめん,"methodical, punctual, steady",N1
凡そ,およそ,"about, roughly, as a rule, approximately",N1
凡ゆる,あらゆる,"all, every",N1
処分,しょぶん,"disposal, dealing, punishment",N1
処置,しょち,treatment,N1
処罰,しょばつ,punishment,N1
凭れる,もたれる,"to lean against, to lean on, to recline on, to lie heavy (on the stomach)",N1
凶作,きょうさく,"bad harvest, poor crop",N1
出くわす,でくわす,"to happen to meet, to come across",N1
出世,しゅっせ,"promotion, successful career, eminence",N1
出入り口,でいりぐち,exit and entrance,N1
出切る,できる,"to be out of, to have no more at hand",N1
出動,しゅつどう,"sailing, marching, going out",N1
出合う,であう,"to meet by chance, to come across, to happen to encounter, to hold a rendezvous, to have a date",N1
出品,しゅっぴん,"exhibit, display",N1
出来物,できもの,"able man, tumour, growth, boil, ulcer, abcess, rash, pimple",N1
出演,しゅつえん,"performance, stage appearance",N1
出生,しゅっしょう,birth,N1
出産,しゅっさん,"(child)birth, delivery, production (of goods)",N1
出直し,でなおし,"adjustment, touch up",N1
出社,しゅっしゃ,arrival (in a country at work etc.),N1
出血,しゅっけつ,"bleeding, haemorrhage",N1
出費,しゅっぴ,"expenses, disbursements",N1
出題,しゅつだい,proposing a question,N1
出鱈目,でたらめ,"irresponsible utterance, nonsense, nonsensical, random, haphazard, unsystematic",N1
刃,は,edge (of a sword),N1
分子,ぶんし,"numerator, molecule",N1
分担,ぶんたん,"apportionment, sharing",N1
分散,ぶんさん,"dispersion, decentralization, variance (statistics)",N1
分業,ぶんぎょう,"division of labor, specialization, assembly-line production",N1
分母,ぶんぼ,denominator,N1
分裂,ぶんれつ,"split, division, break up",N1
分配,ぶんぱい,"division, sharing",N1
分離,ぶんり,"separation, detachment, segregation, isolation",N1
切っ掛け,きっかけ,"chance, start, cue, excuse, motive, impetus, occasion",N1
切ない,せつない,"painful, trying, oppressive, suffocating",N1
切り,きり,"limits, end, bounds, period, place to leave off, closing sentence, all there is, only, since",N1
切り替える,きりかえる,"to change, to exchange, to convert, to renew, to throw a switch, to replace, to switch over",N1
切れ目,きれめ,"break, pause, gap, end, rift, interruption, cut, section, notch, incision, end (of a task)",N1
切実,せつじつ,"compelling, serious, severe, acute, earnest, pressing, urgent",N1
切開,せっかい,"clearing (land), opening up, cutting through",N1
刊行,かんこう,"publication, issue",N1
刑,けい,"penalty, sentence, punishment",N1
刑罰,けいばつ,"judgement, penalty, punishment",N1
初,はつ,"first, new",N1
初版,しょはん,first edition,N1
初耳,はつみみ,something heard for the first time,N1
判,ばん,size (of paper or books),N1
判定,はんてい,"judgement, decision, award, verdict",N1
判決,はんけつ,"judicial decision, judgement, sentence, decree",N1
利子,りし,interest (bank),N1
利息,りそく,interest (bank),N1
利根,りこん,intelligence,N1
利潤,りじゅん,"profit, returns",N1
利点,りてん,"advantage, point in favor",N1
到底,とうてい,(cannot) possibly,N1
到達,とうたつ,"reaching, attaining, arrival",N1
制,せい,"system, organization, imperial command, laws, regulation, control, government, suppression, restraint, holdin",N1
制する,せいする,"to control, to command, to get the better of",N1
制定,せいてい,"enactment, establishment, creation",N1
制服,せいふく,uniform,N1
制約,せいやく,"limitation, restriction, condition, constraints",N1
制裁,せいさい,"restraint, sanctions, punishment",N1
刷り,すり,printing,N1
刺,とげ,"thorn, splinter, spine, biting words",N1
刺繍,ししゅう,embroidery,N1
削減,さくげん,"cut, reduction, curtailment",N1
前もって,まえもって,"in advance, beforehand, previously",N1
前例,ぜんれい,precedent,N1
前売り,まえうり,"advance sale, booking",N1
前提,ぜんてい,"preamble, premise, reason, prerequisite",N1
前置き,まえおき,"preface, introduction",N1
前途,ぜんと,"future prospects, outlook, the journey ahead",N1
剥がす,はがす,"to tear off, to peel off, to rip off, to strip off, to skin, to flay, to disrobe, to deprive of, to detach, t",N1
剥ぐ,はぐ,"to tear off, to peel off, to rip off, to strip off, to skin, to flay, to disrobe, to deprive of",N1
剥げる,はげる,"to come off, to be worn off, to fade, to discolor",N1
副,とりわけ,"especially, above all",N1
割,かつ,"divide, cut, halve, separate, split, rip, break, crack, smash, dilute",N1
割り当て,わりあて,"allotment, assignment, allocation, quota, rationing",N1
割り算,わりざん,division (math),N1
割り込む,わりこむ,"to cut in, to thrust oneself into, to wedge oneself in, to muscle in on, to interrupt, to disturb",N1
割合に,わりあいに,comparatively,N1
割引き,わりびき,"discount, reduction, rebate, tenths discounted",N1
創刊,そうかん,"launching (e.g. newspaper), first issue",N1
創立,そうりつ,"establishment, founding, organization",N1
創造,そうぞう,creation,N1
劇団,げきだん,"troupe, theatrical company",N1
加入,かにゅう,"becoming a member, joining, entry, admission, subscription, affiliation, adherence, signing",N1
加味,かみ,"seasoning, flavoring",N1
加工,かこう,"manufacturing, processing, treatment",N1
加留多,かるた,(pt:) (n) playing cards (pt: carta),N1
助,じょ,"help, rescue, assistant",N1
助け,たすけ,assistance,N1
助動詞,じょどうし,auxiliary verb,N1
助言,じょげん,"advice, suggestion",N1
助詞,じょし,"particle, postposition",N1
努めて,つとめて,"make an effort!, work hard!",N1
励ます,はげます,"to encourage, to cheer, to raise (the voice)",N1
励む,はげむ,"to be zealous, to brace oneself, to endeavour, to strive, to make an effort",N1
労る,いたわる,"to pity, to sympathize with, to console, to care for, to be kind to",N1
労力,ろうりょく,"labour, effort, toil, trouble",N1
効き目,ききめ,"effect, virtue, efficacy, impression",N1
効率,こうりつ,efficiency,N1
勇敢,ゆうかん,"bravery, heroism, gallantry",N1
動き,うごき,"movement, activity, trend, development, change",N1
動力,どうりょく,"power, motive power, dynamic force",N1
動向,どうこう,"trend, tendency, movement, attitude",N1
動員,どういん,mobilization,N1
動揺,どうよう,"disturbance, unrest, shaking, trembling, pitching, rolling, oscillation, agitation, excitement, commotion",N1
動機,どうき,"motive, incentive",N1
動的,どうてき,"dynamic, kinetic",N1
勘弁,かんべん,"pardon, forgiveness, forbearance",N1
勝る,まさる,"to excel, to surpass, to outrival",N1
勝利,しょうり,"victory, triumph, conquest, success, win",N1
募る,つのる,"to invite, to solicit help participation etc",N1
募金,ぼきん,"fund-raising, collection of funds",N1
勢力,せいりょく,"influence, power, might, strength, potency, force, energy",N1
勤まる,つとまる,"to be fit for, to be equal to, to function properly",N1
勤め先,つとめさき,place of work,N1
勤労,きんろう,"labor, exertion, diligent service",N1
勤勉,きんべん,"industry, diligence",N1
勤務,きんむ,"service, duty, work",N1
勧め,すすめ,"recommendation, advice, encouragement",N1
勧告,かんこく,"advice, counsel, remonstrance, recommendation",N1
勧誘,かんゆう,"invitation, solicitation, canvassing, inducement, persuasion, encouragement",N1
包む,くるむ,"to be engulfed in, to be enveloped by, to wrap up, to tuck in, to pack, to do up, to cover with, to dress i",N1
化ける,ばける,"to appear in disguise, to take the form of, to change for the worse",N1
化する,かする,"to change into, to convert into, to transform, to be reduced, to influence, to improve (someone)",N1
化合,かごう,chemical combination,N1
化石,かせき,"fossil, petrifaction, fossilization",N1
化繊,かせん,synthetic fibres,N1
匹,ひき,"head, small animal counter, roll of cloth",N1
匹敵,ひってき,"comparing with, match, rival, equal",N1
区,く,"ward, district, section",N1
区々,まちまち,"N1. several, various, divergent, conflicting, different, diverse, N2. trivial",N1
区切り,くぎり,"an end, a stop, punctuation",N1
区画,くかく,"division, section, compartment, boundary, area, block",N1
区間,くかん,section (of track etc),N1
十分,じっぷん,N10 minutes,N1
十字路,じゅうじろ,crossroads,N1
半端,はんぱ,"remnant, fragment, incomplete set, fraction, odd sum, incompleteness",N1
卑しい,いやしい,"greedy, vulgar, shabby, humble, base, mean, vile",N1
協会,きょうかい,"association, society, organization",N1
協定,きょうてい,"arrangement, pact, agreement",N1
協調,きょうちょう,"co-operation, conciliation, harmony, firm (market) tone",N1
協議,きょうぎ,"conference, consultation, discussion, negotiation",N1
単,ひとえ,"one layer, single",N1
単一,たんいつ,"single, simple, sole, individual, unitory",N1
単独,たんどく,"sole, independence, single, solo (flight)",N1
単調,たんちょう,"monotony, monotone, dullness",N1
占領,せんりょう,"occupation, capture, possession, have a room to oneself",N1
卯,ぼう,fourth sign of Chinese zodiac (The Hare N5am-7am east February),N1
印鑑,いんかん,"stamp, seal",N1
危ぶむ,あやぶむ,"to fear, to have misgivings, to be doubtful, to mistrust",N1
危害,きがい,"injury, harm, danger",N1
危機,きき,crisis,N1
即する,そくする,"to conform to, to agree with, to be adapted to, to be based on",N1
即ち,すなわち,"that is, namely, i.e.",N1
即座に,そくざに,"immediately, right away",N1
原っぱ,はらっぱ,"open field, empty lot, plain",N1
原作,げんさく,original work,N1
原典,げんてん,original (text),N1
原則,げんそく,"principle, general rule",N1
原子,げんし,atom,N1
原形,げんけい,"original form, base form",N1
原文,げんぶん,"the text, original",N1
原書,げんしょ,original document,N1
原油,げんゆ,crude oil,N1
原点,げんてん,"origin (coordinates), starting point",N1
原爆,げんばく,atomic bomb,N1
厭々,いやいや,"unwillingly, grudgingly, shaking head in refusal (to children)",N1
厭やらしい,いやらしい,"detestable, disagreeable",N1
厳か,おごそか,"austere, majestic, dignified, stately, awful, impressive",N1
厳密,げんみつ,"strict, close",N1
参上,さんじょう,"calling on, visiting",N1
参照,さんしょう,"reference, consultation, consultation",N1
参議院,さんぎいん,House of Councillors,N1
及び,および,"and, as well as",N1
及ぶ,およぶ,"to reach, to come up to, to amount to, to befall, to happen to, to extend, to match, to equal",N1
反,たん,"roll of cloth (c. N10 yds.), .N2N4N5 acres, N300 tsubo",N1
反する,はんする,"to be inconsistent with, to oppose, to contradict, to transgress, to rebel",N1
反り,そり,"warp, curvature, curve, arch",N1
反乱,はんらん,"insurrection, mutiny, rebellion, revolt, uprising",N1
反射,はんしゃ,"reflection, reverberation",N1
反応,はんのう,"reaction, response",N1
反感,はんかん,"antipathy, revolt, animosity",N1
反撃,はんげき,"counterattack, counteroffensive, counterblow",N1
反発,はんぱつ,"repelling, rebound, recover, oppose",N1
反響,はんきょう,"echo, reverberation, repercussion, reaction, influence",N1
収まる,おさまる,"to be obtained, to end, to settle into, to fit into, to be settled, to be paid, to be delivered",N1
収容,しゅうよう,"accommodation, reception, seating, housing, custody, admission, entering (in a dictionary)",N1
収支,しゅうし,income and expenditure,N1
収益,しゅうえき,"earnings, proceeds, returns",N1
収集,しゅうしゅう,"gathering up, collection, accumulation",N1
取っ手,とって,"handle, grip, knob",N1
取りあえず,とりあえず,"at once, first of all, for the time being",N1
取り分,とりわけ,"especially, above all",N1
取り寄せる,とりよせる,"to order, to send away for",N1
取り巻く,とりまく,"to surround, to circle, to enclose",N1
取り引き,とりひき,"transactions, dealings, business",N1
取り戻す,とりもどす,"to take back, to regain",N1
取り扱い,とりあつかい,"treatment, service, handling, management",N1
取り扱う,とりあつかう,"to treat, to handle, to deal in",N1
取り替え,とりかえ,"swap, exchange",N1
取り次ぐ,とりつぐ,"to act as an agent for, to announce (someone), to convey (a message)",N1
取り混ぜる,とりまぜる,"to mix, to put together",N1
取り立てる,とりたてる,"to collect, to extort, to appoint, to promote",N1
取り組む,とりくむ,"to tackle, to wrestle with, to engage in a bout, to come to grips with",N1
取り締まり,とりしまり,"control, management, supervision",N1
取り締まる,とりしまる,"to manage, to control, to supervise",N1
取り調べる,とりしらべる,"to investigate, to examine",N1
取り除く,とりのぞく,"to remove, to take away, to set apart",N1
取材,しゅざい,"choice of subject, collecting data",N1
受かる,うかる,to pass (examination),N1
受け付ける,うけつける,"to be accepted, to receive (an application)",N1
受け入れ,うけいれ,"receiving, acceptance",N1
受け入れる,うけいれる,"to accept, to receive",N1
受け取り,うけとり,receipt,N1
受け止める,うけとめる,"to catch, to stop the blow, to react to, to take",N1
受け継ぐ,うけつぐ,"to inherit, to succeed, to take over",N1
受身,うけみ,"passive, passive voice",N1
口ずさむ,くちずさむ,"to hum something, to sing to oneself",N1
口述,こうじゅつ,verbal statement,N1
口頭,こうとう,oral,N1
古,いにしえ,"antiquity, ancient times",N1
古代,こだい,ancient times,N1
叫び,さけび,"shout, scream, outcry",N1
召す,めす,"to call, to send for, to put on, to wear, to take (a bath), to ride in, to buy, to eat, to drink, to catch (a",N1
可哀想,かわいそう,"poor, pitiable, pathetic",N1
可愛い,かわいい,"pretty, cute, lovely, charming, dear, darling, pet",N1
可愛がる,かわいがる,"to love, to be affectionate",N1
可愛らしい,かわいらしい,"lovely, sweet",N1
可成,かなり,"considerably, fairly, quite",N1
可笑しい,おかしい,"strange, funny, amusing, ridiculous",N1
台本,だいほん,"libretto, scenario",N1
台無し,だいなし,"mess, spoiled, (come to) nothing",N1
叶う,かなう,to come true (wish),N1
叶える,かなえる,to grant (request wish),N1
号,ごう,"number, issue",N1
司る,つかさどる,"to rule, to govern, to administer",N1
司法,しほう,administration of justice,N1
吃逆,しゃっくり,"hiccough, hiccup",N1
吃驚,びっくり,"be surprised, be amazed, be frightened, astonishment",N1
各,おのおの,"each, every, either, respectively, severally",N1
各種,かくしゅ,"every kind, all sorts",N1
合わす,あわす,"to join together, to face, to unite, to be opposite, to combine, to connect, to add up, to mix, to match, to",N1
合わせ,あわせ,"joint together, opposite, facing",N1
合併,がっぺい,"combination, union, amalgamation, consolidation, merger, coalition, fusion, annexation, affiliation, incorpor",N1
合唱,がっしょう,"chorus, singing in a chorus",N1
合意,ごうい,"agreement, consent, mutual understanding",N1
合成,ごうせい,"synthesis, composition, synthetic, composite, mixed, combined, compound",N1
合致,がっち,"agreement, concurrence, conforming to",N1
合議,ごうぎ,"consultation, conference",N1
合間,あいま,interval,N1
吊り革,つりかわ,strap,N1
吊るす,つるす,to hang,N1
同,どう,"the same, the said, ibid.",N1
同い年,おないどし,of the same age,N1
同士,どうし,"fellow, companion, comrade",N1
同封,どうふう,enclosure (e.g. in a letter),N1
同居,どうきょ,living together,N1
同志,どうし,"same mind, comrade, kindred soul",N1
同情,どうじょう,"sympathy, compassion, sympathize, pity, feel for",N1
同意,どうい,"agreement, consent, same meaning, same opinion, approval",N1
同感,どうかん,"agreement, same opinion, same feeling, sympathy, concurrence",N1
同盟,どうめい,"alliance, union, league",N1
同等,どうとう,"equality, equal, same rights, same rank",N1
同級,どうきゅう,"the same grade, same class",N1
同調,どうちょう,"sympathy, agree with, alignment, tuning",N1
名付ける,なづける,to name (someone),N1
名札,なふだ,"name plate, name tag",N1
名残,なごり,"remains, traces, memory",N1
名産,めいさん,noted product,N1
名称,めいしょう,name,N1
名簿,めいぼ,register of names,N1
名誉,めいよ,"honor, credit, prestige",N1
名高い,なだかい,"famous, celebrated, well-known",N1
向き,むき,"direction, situation, exposure, aspect, suitability",N1
向け,むけ,"for ~, oriented towards ~",N1
向上,こうじょう,"elevation, rise, improvement, advancement, progress",N1
君主,くんしゅ,"ruler, monarch",N1
吝嗇,けち,"stinginess, miser, miserliness, skinflint, tightwad, niggard, pinching pennies",N1
吟味,ぎんみ,"testing, scrutiny, careful investigation",N1
否決,ひけつ,"rejection, negation, voting down",N1
含嗽,うがい,"gargle, rinse mouth",N1
吹奏,すいそう,playing wind instruments,N1
呆れる,あきれる,"to be amazed, to be shocked",N1
呆気ない,あっけない,"not enough, too quick (short long etc.)",N1
呆然,ぼうぜん,"dumbfounded, overcome with surprise, in blank amazement",N1
呉れる,くれる,"to give, to let one have, to do for one, to be given",N1
呉れ呉れも,くれぐれも,"repeatedly, sincerely, earnestly",N1
告げる,つげる,to inform,N1
告白,こくはく,"confession, acknowledgement",N1
呟く,つぶやく,"to mutter, to murmur",N1
周,しゅう,"circuit, lap, circumference, vicinity, Chou (dynasty)",N1
周期,しゅうき,"cycle, period",N1
味わい,あじわい,"flavour, meaning, significance",N1
味覚,みかく,"taste, palate, sense of taste",N1
呼び止める,よびとめる,"to challenge, to call somebody to halt",N1
命中,めいちゅう,a hit,N1
咄嗟,とっさ,"moment, instant",N1
和,わ,"sum, harmony, peace",N1
和やか,なごやか,"mild, calm, gentle, quiet, harmonious",N1
和らげる,やわらげる,"to soften, to moderate, to relieve",N1
和文,わぶん,"Japanese text, sentence in Japanese",N1
和風,わふう,Japanese style,N1
咎める,とがめる,"to blame, to find fault, to take someone to task, to aggravate (an injury)",N1
品種,ひんしゅ,"brand, kind, description",N1
品質,ひんしつ,quality,N1
哉,や,question mark,N1
員,いん,member,N1
唱える,となえる,"to recite, to chant, to call upon",N1
唸る,うなる,"to groan, to moan, to roar, to howl, to growl, to hum, to buzz, to sough",N1
唾,つば,"saliva, sputum",N1
商,しょう,quotient,N1
問,もん,"problem, question",N1
問い合わせる,といあわせる,"to enquire, to seek information",N1
問う,とう,"to ask, to question, to charge (i.e. with a crime), to accuse, without regard to (neg)",N1
問屋,といや,wholesale store,N1
善し悪し,よしあし,"good or bad, merits or demerits, quality, suitability",N1
善良,ぜんりょう,"goodness, excellence, virtue",N1
喋る,しゃべる,"to talk, to chat, to chatter",N1
喜劇,きげき,"comedy, funny show",N1
喧しい,やかましい,"noisy, strict, fussy",N1
喫茶,きっさ,"tea drinking, tea house",N1
営む,いとなむ,"to carry on (e.g. in ceremony), to run a business",N1
嗚呼,ああ,"Ah!, Oh!, Alas!",N1
嗜好,しこう,"taste, liking, preference",N1
嘆く,なげく,"to sigh, to lament, to grieve",N1
嘗て,かつて,"once, ever",N1
嘗める,なめる,"to lick, to taste, to experience, to make fun of, to make light of, to put down, to treat with contempt",N1
嘘つき,うそつき,"liar (sometimes said with not much seriousness), fibber",N1
嘴,くちばし,"beak, bill",N1
嘸,さぞ,"I am sure, certainly, no doubt",N1
噛み切る,かみきる,"to bite off, to gnaw through",N1
噛る,かじる,"to chew, to bite (at), to gnaw, to nibble, to munch, to crunch, to have a smattering of",N1
器,うつわ,"bowl, vessel, container",N1
器官,きかん,"organ (of body), instrument",N1
噴出,ふんしゅつ,"spewing, gushing, spouting, eruption, effusion",N1
嚏,くしゃみ,sneeze,N1
囀る,さえずる,"to sing, to chirp, to twitter",N1
回収,かいしゅう,"collection, recovery",N1
回覧,かいらん,circulation,N1
回路,かいろ,circuit (electric),N1
回送,かいそう,forwarding,N1
団扇,うちわ,fan,N1
団結,だんけつ,"unity, union, combination",N1
図々しい,ずうずうしい,"impudent, shameless",N1
図る,はかる,"to plot, to attempt, to plan, to take in, to deceive, to devise, to design, to refer A to B",N1
固める,かためる,"to harden, to freeze, to fortify",N1
固体,こたい,solid (body),N1
固定,こてい,fixation,N1
固有,こゆう,"characteristic, tradition, peculiar, inherent, eigen-",N1
国交,こっこう,diplomatic relations,N1
国土,こくど,realm,N1
国定,こくてい,"state-sponsored, national",N1
国有,こくゆう,national ownership,N1
国産,こくさん,domestic products,N1
国連,こくれん,"U.N., United Nations",N1
国防,こくぼう,national defence,N1
圏,けん,"sphere, circle, range",N1
園,その,"garden, park, plantation",N1
土俵,どひょう,arena,N1
土台,どだい,"foundation, base, basis",N1
土手,どて,"embankment, bank",N1
土木,どぼく,public works,N1
圧力,あつりょく,"stress, pressure",N1
圧迫,あっぱく,"pressure, coercion, oppression",N1
在庫,ざいこ,"stockpile, stock",N1
地主,じぬし,landlord,N1
地元,じもと,local,N1
地形,じぎょう,"terrain, geographical features, topography",N1
地獄,じごく,hell,N1
均衡,きんこう,"equilibrium, balance",N1
坊ちゃん,ぼっちゃん,son (of others),N1
垂れる,たれる,"to hang, to droop, to drop, to lower, to pull down, to dangle, to sag, to drip, to ooze, to trickle, to leave",N1
垢,あか,"dirt, filth",N1
埋まる,うずまる,"to be buried, to be surrounded, to overflow, to be filled",N1
埋め込む,うめこむ,to bury,N1
埋蔵,まいぞう,"buried property, treasure trove",N1
城下,じょうか,land near the castle,N1
域外,いきがい,outside the area,N1
執着,しゅうじゃく,"attachment, adhesion, tenacity",N1
基金,ききん,"fund, foundation",N1
堂々,どうどう,"magnificent, grand, impressive",N1
堤防,ていぼう,"bank, weir",N1
堪える,たえる,"to bear, to stand, to endure, to put up with, to support, to withstand, to resist, to brave, to be fit for, t",N1
堪らない,たまらない,"intolerable, unbearable, unendurable",N1
報じる,ほうじる,"to inform, to report",N1
報ずる,ほうずる,"to inform, to report",N1
報道,ほうどう,"information, report",N1
報酬,ほうしゅう,"remuneration, recompense, reward, toll",N1
填まる,はまる,"to get into, to go into, to fit, to be fit for, to suit, to fall into, to plunge into, to be deceived, to be",N1
填める,はめる,"to get in, to insert, to put on, to make love",N1
塵取り,ちりとり,dustpan,N1
塾,じゅく,"coaching school, lessons",N1
境遇,きょうぐう,"environment, circumstances",N1
墓地,はかち,"cemetery, graveyard",N1
増し,まし,"extra, additional, less objectionable, better, preferable",N1
増強,ぞうきょう,"augment, reinforce, increase",N1
増進,ぞうしん,"promoting, increase, advance",N1
墜落,ついらく,"falling, crashing",N1
壇,だん,"N1. platform, podium, rostrum, N2. (arch) mandala",N1
壮大,そうだい,"magnificent, grand, majestic, splendid",N1
声明,せいめい,"declaration, statement, proclamation",N1
売り出し,うりだし,(bargain) sale,N1
売り出す,うりだす,"to put on sale, to market, to become popular",N1
売れ行き,うれゆき,sales,N1
壷,つぼ,"tsubo jar, pot, vase",N1
変動,へんどう,"change, fluctuation",N1
変遷,へんせん,"change, transition, vicissitudes",N1
変革,へんかく,"change, reform, revolution, upheaval, (the) Reformation",N1
夕暮れ,ゆうぐれ,"evening, (evening) twilight",N1
夕焼け,ゆうやけ,sunset,N1
外方,そっぽ,look (or turn) the other way,N1
外来,がいらい,"imported, outpatient clinic",N1
外相,がいしょう,Foreign Minister,N1
外観,がいかん,"appearance, exterior, facade",N1
外貨,がいか,"imported goods, foreign money",N1
多忙,たぼう,"busy, pressure of work",N1
多数決,たすうけつ,majority rule,N1
多様,たよう,"diversity, variety",N1
夜具,やぐ,bedding,N1
夜更かし,よふかし,"staying up late, keeping late hours, sitting up late at night, nighthawk",N1
夜更け,よふけ,late at night,N1
夥しい,おびただしい,"abundantly, innumerably",N1
大げさ,おおげさ,"grandiose, exaggerated",N1
大ざっぱ,おおざっぱ,"rough (as in not precise), broad, sketchy",N1
大事,おおごと,"important, valuable, serious matter",N1
大人しい,おとなしい,"obedient, docile, quiet",N1
大便,だいべん,"feces, excrement, shit",N1
大幅,おおはば,"full width, large scale, drastic",N1
大方,おおかた,"perhaps, almost all, majority",N1
大柄,おおがら,"large build, large pattern",N1
大概,たいがい,"in general, mainly",N1
大水,おおみず,flood,N1
大空,おおぞら,"heaven, firmament, the sky",N1
大筋,おおすじ,"outline, summary",N1
大胆,だいたん,"bold, daring, audacious",N1
大衆,たいしゅう,general public,N1
大部,たいぶ,"most (e.g. most part), greater, fairly, a good deal, much",N1
大金,たいきん,great cost,N1
天,あまつ,"heavenly, imperial",N1
天井,てんじょう,"ceiling, ceiling price",N1
天体,てんたい,heavenly body,N1
天国,てんごく,"paradise, heaven, Kingdom of Heaven",N1
天地,あめつち,"heaven and earth, the universe, nature, top and bottom, realm, sphere, world",N1
天才,てんさい,"genius, prodigy, natural gift",N1
天災,てんさい,"natural calamity, disaster",N1
失格,しっかく,"disqualification, elimination, incapacity (legal)",N1
失調,しっちょう,lack of harmony,N1
奇数,きすう,odd number,N1
奇麗,きれい,"pretty, clean, nice, tidy, beautiful, fair",N1
奉る,たてまつる,"to offer, to present, to revere, to do respectfully",N1
奉仕,ほうし,"attendance, service",N1
契る,ちぎる,"to pledge, to promise, to swear",N1
契機,けいき,"opportunity, chance",N1
奨励,しょうれい,"encouragement, promotion, message, address",N1
奮闘,ふんとう,"hard struggle, strenuous effort",N1
女史,じょし,Ms.,N1
奴,やっこ,"servant, fellow",N1
好い,よい,good,N1
好ましい,このましい,"nice, likeable, desirable",N1
好意,こうい,"good will, favor, courtesy",N1
好況,こうきょう,"prosperous conditions, healthy economy",N1
好評,こうひょう,"popularity, favorable reputation",N1
好調,こうちょう,"favourable, promising, satisfactory, in good shape",N1
如何,いかが,"how, in what way",N1
如何して,どうして,"why?, for what reason, how, in what way, for what purpose, what for",N1
如何しても,どうしても,"by all means, at any cost, no matter what, after all, in the long run, cravingly, at any rate, surely",N1
如何に,いかに,"how?, in what way?, how much?, however, whatever",N1
如何にも,いかにも,"indeed, really, phrase meaning agreement",N1
妊娠,にんしん,"conception, pregnancy",N1
妥協,だきょう,"compromise, giving in",N1
妥結,だけつ,agreement,N1
妨害,ぼうがい,"disturbance, obstruction, hindrance, jamming, interference",N1
妬む,ねたむ,"to be jealous, to be envious",N1
始め,はじめ,"beginning, start, origin",N1
始めまして,はじめまして,"How do you do?, I am glad to meet you",N1
始末,しまつ,"management, dealing, settlement, cleaning up afterwards",N1
始発,しはつ,first train,N1
姓名,せいめい,full name,N1
委託,いたく,"consign (goods (for sale) to a firm), entrust (person with something), commit",N1
威力,いりょく,"power, might, authority, influence",N1
婉曲,えんきょく,"euphemistic, circumlocution, roundabout, indirect, insinuating",N1
婿,むこ,son-in-law,N1
嫉妬,しっと,jealousy,N1
嫋か,しなやか,"supple, flexible, elastic",N1
嬢,じょう,young woman,N1
子息,しそく,son,N1
字,あざ,section of village,N1
字体,じたい,"type, font, lettering",N1
存続,そんぞく,"duration, continuance",N1
季刊,きかん,quarterly (e.g. magazine),N1
孤児,こじ,orphan,N1
孤独,こどく,"isolation, loneliness, solitude",N1
孤立,こりつ,"isolation, helplessness",N1
学士,がくし,university graduate,N1
学歴,がくれき,academic background,N1
学芸,がくげい,"arts and sciences, liberal arts",N1
学説,がくせつ,theory,N1
守備,しゅび,defense,N1
守衛,しゅえい,"security guard, doorkeeper",N1
安っぽい,やすっぽい,"cheap-looking, tawdry, insignificant",N1
安静,あんせい,rest,N1
完璧,かんぺき,"perfection, completeness, flawless",N1
官僚,かんりょう,"bureaucrat, bureaucracy",N1
宙返り,ちゅうがえり,"somersault, looping-the-loop",N1
定まる,さだまる,"to become settled, to be fixed",N1
定める,さだめる,"to decide, to establish, to determine",N1
定年,ていねん,retirement age,N1
定義,ていぎ,definition,N1
定食,ていしょく,"set meal, special (of the day)",N1
宛,あて,addressed to,N1
宛てる,あてる,to address,N1
宜しく,よろしく,"well, properly, suitably, best regards, please remember me",N1
宝器,ほうき,"treasured article or vessel, outstanding individual",N1
実情,じつじょう,"real condition, actual circumstances, actual state of affairs",N1
実態,じったい,"truth, fact",N1
実業家,じつぎょうか,"industrialist, businessman",N1
実費,じっぴ,"actual expense, cost price",N1
実質,じっしつ,"substance, essence",N1
実践,じっせん,"practice, put into practice",N1
客観,きゃっかん,objective,N1
宣教,せんきょう,religious mission,N1
宣言,せんげん,"declaration, proclamation, announcement",N1
室,しつ,room,N1
宮殿,きゅうでん,palace,N1
害する,がいする,"to injure, to damage, to harm, to kill, to hinder",N1
家出,いえで,"running away from home, leaving home",N1
家来,けらい,"retainer, retinue, servant",N1
家畜,かちく,"domestic animals, livestock, cattle",N1
家計,かけい,"household economy, family finances",N1
容易い,たやすい,"easy, simple, light",N1
宿命,しゅくめい,"fate, destiny, predestination",N1
寄こす,よこす,"to send, to forward",N1
寄り掛かる,よりかかる,"to lean against, to recline on, to lean on, to rely on",N1
寄与,きよ,"contribution, service",N1
寄贈,きそう,"donation, presentation",N1
密か,ひそか,"secret, private, surreptitious",N1
密度,みつど,density,N1
密接,みっせつ,"related, connected, close, intimate",N1
密集,みっしゅう,"crowd, close formation, dense",N1
富,とみ,"wealth, fortune",N1
富む,とむ,"to be rich, to become rich",N1
富豪,ふごう,"wealthy person, millionaire",N1
寒気,かんき,"cold, frost, chill",N1
寛容,かんよう,"forbearance, tolerance, generosity",N1
寝かせる,ねかせる,"to put to bed, to lay down, to ferment",N1
察する,さっする,"to guess, to sense, to presume, to judge, to sympathize with",N1
審査,しんさ,"judging, inspection, examination, investigation",N1
審議,しんぎ,deliberation,N1
対して,たいして,"for, in regard to, per",N1
対処,たいしょ,"deal with, cope",N1
対応,たいおう,"interaction, correspondence, coping with, dealing with",N1
対抗,たいこう,"opposition, antagonism",N1
対比,たいひ,"contrast, comparison",N1
対決,たいけつ,"confrontation, showdown",N1
対立,たいりつ,"confrontation, opposition, antagonism",N1
対等,たいとう,equivalent,N1
対話,たいわ,"interactive, interaction, conversation, dialogue",N1
対談,たいだん,"talk, dialogue, conversation",N1
対辺,たいへん,(geometrical) opposite side,N1
対面,たいめん,"interview, meeting",N1
封,ふう,seal,N1
封建,ほうけん,feudalistic,N1
封鎖,ふうさ,"blockade, freezing (funds)",N1
専ら,もっぱら,"wholly, solely, entirely",N1
専修,せんしゅう,specialization,N1
専用,せんよう,"exclusive use, personal use",N1
尉,じょう,"jailer, old man, rank, company officer",N1
尊い,たっとい,"precious, valuable, priceless, noble, exalted, sacred",N1
尊ぶ,たっとぶ,"to value, to prize, to esteem",N1
導く,みちびく,"to be guided, to be shown",N1
導入,どうにゅう,"introduction, bringing in, leading in",N1
小児科,しょうにか,pediatrics,N1
小切手,こぎって,"cheque, check",N1
小売,こうり,retail,N1
小柄,こがら,short (build),N1
小銭,こぜに,"coins, small change",N1
少なくとも,すくなくとも,at least,N1
少数,しょうすう,"minority, few",N1
尚,なお,"furthermore, still, yet, more, still more, greater, further, less",N1
尚更,なおさら,"all the more, still less",N1
就業,しゅうぎょう,"employment, starting work",N1
尻尾,しっぽ,tail (animal),N1
尽きる,つきる,"to be used up, to be run out, to be exhausted, to be consumed, to come to an end",N1
尽くす,つくす,"to exhaust, to run out, to serve (a person), to befriend",N1
尾,お,"tail, ridge",N1
尿,にょう,urine,N1
局限,きょくげん,"limit, localize",N1
居住,きょじゅう,residence,N1
屈折,くっせつ,"bending, indentation, refraction",N1
届け,とどけ,"report, notification, registration",N1
屋敷,やしき,mansion,N1
屎尿,しにょう,"excreta, raw sewage, human waste, night soil",N1
展望,てんぼう,"view, outlook, prospect",N1
展示,てんじ,"exhibition, display",N1
屡,しばしば,"often, again and again, frequently",N1
履歴,りれき,"personal history, background, career, log",N1
山岳,さんがく,mountains,N1
山脈,さんみゃく,mountain range,N1
山腹,さんぷく,"hillside, mountainside",N1
屹度,きっと,"N1. (uk) surely, undoubtedly, certainly, without fail, N2. sternly, severely",N1
岩石,がんせき,rock,N1
峰,みね,"peak, ridge",N1
崇拝,すうはい,"worship, adoration, admiration, cult",N1
崖,がけ,cliff,N1
崩壊,ほうかい,"collapse, decay (physics), crumbling, breaking down, caving in",N1
嵩む,かさむ,"to pile up, to increase",N1
嵩張る,かさばる,"to be bulky, to be unwieldy, to grow voluminous",N1
工作,こうさく,"work, construction, handicraft, maneuvering",N1
工学,こうがく,engineering,N1
左利き,ひだりきき,"left-handedness, sake drinker, left-hander",N1
左様なら,さようなら,good-bye,N1
左程,さほど,"(not) very, (not) much",N1
巧み,たくみ,"skill, cleverness",N1
巧妙,こうみょう,"ingenious, skillful, clever, deft",N1
巨,こ,"big, large, great",N1
差し出す,さしだす,"to present, to submit, to tender, to hold out",N1
差し引く,さしひく,to deduct,N1
差し掛かる,さしかかる,"to come near to, to approach",N1
差し支える,さしつかえる,"to interfere, to hinder, to become impeded",N1
差異,さい,"difference, disparity",N1
差額,さがく,"balance, difference, margin",N1
巻,まき,volume,N1
市,いち,"market, fair",N1
市街,しがい,"urban areas, the streets, town, city",N1
布告,ふこく,"edict, ordinance, proclamation",N1
布巾,ふきん,"tea-towel, dish cloth",N1
帯びる,おびる,"to wear, to carry, to be entrusted, to have, to take on, to have a trace of, to be tinged with",N1
帰京,ききょう,returning to Tokyo,N1
帳,とばり,curtain,N1
干し物,ほしもの,dried washing (clothes),N1
干渉,かんしょう,"interference, intervention",N1
平たい,ひらたい,"flat, even, level, simple, plain",N1
平常,へいじょう,"normal, usual",N1
平方,へいほう,"square (e.g. metre), square",N1
平行,へいこう,"(going) side by side, concurrent, abreast, at the same time, occurring together, parallel, parallelism",N1
年号,ねんごう,"name of an era, year number",N1
年寄り,としより,"old people, the aged",N1
年生,ねんせい,"pupil in .... year, student in .... year",N1
年輪,ねんりん,annual tree ring,N1
年鑑,ねんかん,yearbook,N1
年長,ねんちょう,seniority,N1
年頃,としごろ,"age, marriageable age, age of puberty, adolescence, for some years",N1
幹,かん,(tree) trunk,N1
幹線,かんせん,"main line, trunk line",N1
幹部,かんぶ,"management, (executive) staff, leaders",N1
幽霊,ゆうれい,"ghost, specter, apparition, phantom",N1
幾多,いくた,"many, numerous",N1
庁,ちょう,government office,N1
広まる,ひろまる,"to spread, to be propagated",N1
度々,たびたび,"often, repeatedly, frequently",N1
度忘れ,どわすれ,"lapse of memory, forget for a moment",N1
座標,ざひょう,coordinate(s),N1
座談会,ざだんかい,"symposium, round-table discussion",N1
庶務,しょむ,general affairs,N1
庶民,しょみん,"masses, common people",N1
廃れる,すたれる,"to go out of use, to become obsolete, to die out, to go out of fashion",N1
廃棄,はいき,"annullment, disposal, abandon, scrap, discarding, repeal",N1
廃止,はいし,"abolition, repeal",N1
延いては,ひいては,"not only...but also, in addition to, consequently",N1
延べ,のべ,"futures, credit (buying), stretching, total",N1
建前,たてまえ,"face, official stance, public position or attitude (as opposed to private thoughts)",N1
弁償,べんしょう,"next word, compensation, reparation, indemnity, reimbursement",N1
弁解,べんかい,"explanation, justification, defence, excuse",N1
弁論,べんろん,"discussion, debate, argument",N1
弁護,べんご,"defense, pleading, advocacy",N1
弄る,いじる,"to touch, to tamper with",N1
式場,しきじょう,"ceremonial hall, place of ceremony (e.g. marriage)",N1
弓,ゆみ,bow (and arrow),N1
引きずる,ひきずる,"to seduce, to drag along, to pull, to prolong, to support",N1
引き上げる,ひきあげる,"to withdraw, to leave, to pull out, to retire",N1
引き下げる,ひきさげる,"to pull down, to lower, to reduce, to withdraw",N1
引き分け,ひきわけ,"a draw (in competition), tie game",N1
引き取る,ひきとる,"to take charge of, to take over, to retire to a private place",N1
引き受ける,ひきうける,"to undertake, to take up, to take over, to be responsible for, to guarantee, to contract (disease)",N1
引き起こす,ひきおこす,to cause,N1
引っ掛ける,ひっかける,"N1. to hang (something) on (something), to throw on (clothes), N2. to hook, to catch, to trap, to ensnar",N1
引っ掻く,ひっかく,to scratch,N1
弛み,たるみ,"slack, slackening, dullness, letdown",N1
弛む,たるむ,"to slacken, to loosen, to relax",N1
弱,じゃく,"weakness, the weak, little less then",N1
弱まる,よわまる,"to abate, to weaken, to be emaciated, to be dejected, to be perplexed",N1
弱める,よわめる,to weaken,N1
弱る,よわる,"to weaken, to be troubled, to be downcast, to be emaciated, to be dejected, to be perplexed, to impair",N1
張り紙,はりがみ,"paper patch, paper backing, poster",N1
強いて,しいて,by force,N1
強いる,しいる,"to force, to compel, to coerce",N1
強まる,つよまる,"to get strong, to gain strength",N1
強める,つよめる,"to strengthen, to emphasize",N1
強制,きょうせい,"obligation, coercion, compulsion, enforcement",N1
強烈,きょうれつ,"strong, intense, severe",N1
強硬,きょうこう,"firm, vigorous, unbending, unyielding, strong, stubborn",N1
強行,きょうこう,"forcing, enforcement",N1
強請る,ねだる,"to tease, to coax, to solicit, to demand",N1
弾む,はずむ,"to spring, to bound, to bounce, to be stimulated, to be encouraged, to get lively, to treat oneself to, to",N1
弾力,だんりょく,"elasticity, flexibility",N1
当たり,あたり,"hit, success, reaching the mark, per ..., vicinity, neighborhood",N1
当たり前,あたりまえ,"usual, common, ordinary, natural, reasonable, obvious",N1
当て,あて,"object, aim, end, hopes, expectations",N1
当てはまる,あてはまる,to apply (a rule),N1
当てはめる,あてはめる,"to apply, to adapt",N1
当て字,あてじ,"phonetic-equivalent character, substitute character",N1
当人,とうにん,"the one concerned, the said person",N1
当選,とうせん,"being elected, winning the prize",N1
形勢,けいせい,"condition, situation, prospects",N1
形態,けいたい,"form, shape, figure",N1
形成,けいせい,formation,N1
役場,やくば,town hall,N1
役立つ,やくだつ,"to be useful, to be helpful, to serve the purpose",N1
役職,やくしょく,"post, managerial position, official position",N1
彼の,あの,that over there,N1
彼処,あそこ,"N1. (uk) there, over there, that place, N2. (X) (col) genitals",N1
彼方,あちら,"N1. there, yonder, that",N1
彼方此方,あちこち,here and there,N1
彼此,あれこれ,"one thing or another, this and that, this or that",N1
征服,せいふく,"conquest, subjugation, overcoming",N1
待ち合わせ,まちあわせ,appointment,N1
待ち望む,まちのぞむ,"to look anxiously for, to wait eagerly for",N1
待ち遠しい,まちどおしい,looking forward to,N1
待望,たいぼう,expectant waiting,N1
待遇,たいぐう,"treatment, reception",N1
後回し,あとまわし,"putting off, postponing",N1
後悔,こうかい,"regret, repentance",N1
後退,こうたい,"retreat, backspace (BS)",N1
徐々,そろそろ,"gradually, steadily, quietly, slowly, soon",N1
徐行,じょこう,going slowly,N1
徒歩,とほ,"walking, going on foot",N1
従って,したがって,"therefore, consequently, in accordance with",N1
従事,じゅうじ,"engaging, pursuing, following",N1
従来,じゅうらい,"up to now, so far, traditional",N1
従業員,じゅうぎょういん,"employee, worker",N1
得点,とくてん,"score, points made, marks obtained, runs",N1
御免ください,ごめんください,May I come in?,N1
御免なさい,ごめんなさい,"I beg your pardon, excuse me",N1
御手洗い,おてあらい,"toilet, restroom, lavatory, bathroom (US)",N1
御覧なさい,ごらんなさい,"(please) look, (please) try to do",N1
御負け,おまけ,"N1. a discount, a prize, N2. something additional, bonus, an extra, N3. an exaggeration",N1
復旧,ふくきゅう,"restoration, restitution, rehabilitation",N1
復活,ふっかつ,"revival (e.g. musical), restoration",N1
復興,ふっこう,"revival, renaissance, reconstruction",N1
微か,かすか,"faint, dim, weak, indistinct, hazy, poor, wretched",N1
微塵,みじん,"particle, atom",N1
微笑,びしょう,smile,N1
微量,びりょう,"minuscule amount, extremely small quantity",N1
徴収,ちょうしゅう,"collection, levy",N1
徹する,てっする,"to sink in, to penetrate, to devote oneself, to believe in, to go through, to do intently and exclusively",N1
心中,しんじゅう,"double suicide, lovers suicide",N1
心地,ここち,"feeling, sensation, mood",N1
心強い,こころづよい,"heartening, reassuring",N1
心得,こころえ,"knowledge, information",N1
心情,しんじょう,mentality,N1
心掛け,こころがけ,"readiness, intention, aim",N1
心掛ける,こころがける,"to bear in mind, to aim to do",N1
心細い,こころぼそい,"helpless, forlorn, hopeless, unpromising, lonely, discouraging, disheartening",N1
必修,ひっしゅう,required (subject),N1
必然,ひつぜん,"inevitable, necessary",N1
志,こころざし,"will, intention, motive",N1
志す,こころざす,"to plan, to intend, to aspire to, to set aims (sights on)",N1
志向,しこう,"intention, aim",N1
志望,しぼう,"wish, desire, ambition",N1
応募,おうぼ,"subscription, application",N1
応急,おうきゅう,emergency,N1
忠告,ちゅうこく,"advice, warning",N1
忠実,ちゅうじつ,"fidelity, faithfulness",N1
快い,こころよい,"pleasant, agreeable",N1
念,ねん,"sense, idea, thought, feeling, desire, concern, attention, care",N1
忽ち,たちまち,"at once, in a moment, suddenly, all at once",N1
怒り,いかり,"anger, hatred",N1
怒る,いかる,"to get angry, to be angry",N1
怒鳴る,どなる,"to shout, to yell",N1
思い付き,おもいつき,"plan, idea, suggestion",N1
思考,しこう,thought,N1
怠い,だるい,"sluggish, feel heavy, languid, dull",N1
怠慢,たいまん,"negligence, procrastination, carelessness",N1
急かす,せかす,"to hurry, to urge on",N1
怪獣,かいじゅう,monster,N1
怯える,おびえる,"to become frightened, to have a nightmare",N1
恋する,こいする,"to fall in love with, to love",N1
恋愛,れんあい,"love, love-making, passion, emotion, affections",N1
恐らく,おそらく,perhaps,N1
恐れ,おそれ,"fear, horror",N1
恐れ入る,おそれいる,"to be filled with awe, to feel small, to be amazed, to be surprised, to be disconcerted, to be sorry, to b",N1
恥,はじ,"shame, embarrassment",N1
恥じらう,はじらう,"to feel shy, to be bashful, to blush",N1
恥じる,はじる,to feel ashamed,N1
恰度,ちょうど,"just, right, exactly",N1
恵み,めぐみ,blessing,N1
恵む,めぐむ,"to bless, to show mercy to",N1
悉く,ことごとく,"altogether, entirely",N1
悟る,さとる,"to attain enlightenment, to perceive, to understand, to discern",N1
悩ましい,なやましい,"seductive, melancholy, languid",N1
悩ます,なやます,"to afflict, to torment, to harass, to molest",N1
悩み,なやみ,"trouble(s), worry, distress, anguish, agony, problem",N1
悪,あく,"evil, wickedness",N1
悪化,あっか,"deterioration, growing worse, aggravation, degeneration, corruption",N1
悪戯,いたずら,"tease, prank, trick, practical joke, mischief",N1
悪日,あくび,unlucky day,N1
悪者,わるもの,"bad fellow, rascal, ruffian, scoundrel",N1
悲惨,ひさん,misery,N1
悲観,ひかん,"pessimism, disappointment",N1
悲鳴,ひめい,"shriek, scream",N1
情,じょう,"feelings, emotion, passion",N1
情け,なさけ,"sympathy, compassion",N1
情け深い,なさけぶかい,"tender-hearted, compassionate",N1
情勢,じょうせい,"state of things, condition, situation",N1
情熱,じょうねつ,"passion, enthusiasm, zeal",N1
情緒,じょうしょ,"emotion, feeling",N1
惑星,わくせい,planet,N1
惜しむ,おしむ,"to be frugal, to value, to regret",N1
惨め,みじめ,miserable,N1
愈々,いよいよ,"more and more, all the more, increasingly, at last, beyond doubt",N1
意向,いこう,"intention, idea, inclination",N1
意図,いと,"intention, aim, design",N1
意地,いじ,"disposition, spirit, willpower, obstinacy, backbone, appetite",N1
意欲,いよく,"will, desire, ambition",N1
意気込む,いきごむ,to be enthusiastic about,N1
愚か,おろか,"foolish, stupid",N1
愚痴,ぐち,"idle complaint, grumble",N1
愛でたい,めでたい,auspicious,N1
愛想,あいそ,"civility, courtesy, compliments, sociability, graces",N1
愛憎,あいにく,likes and dislikes,N1
感度,かんど,"sensitivity, severity (quake)",N1
感慨,かんがい,"strong feelings, deep emotion",N1
感染,かんせん,"infection, contagion",N1
感無量,かんむりょう,"deep feeling, inexpressible feeling, filled with emotion",N1
感触,かんしょく,"sense of touch, feeling, sensation",N1
態々,わざわざ,"expressly, specially, doing something especially rather than incidentally",N1
態と,わざと,on purpose,N1
態勢,たいせい,"attitude, conditions, preparations",N1
慌ただしい,あわただしい,"busy, hurried, confused, flurried",N1
慌てる,あわてる,to become confused (disconcerted disorganized),N1
慎む,つつしむ,"to be careful, to be chaste or discreet, to abstain or refrain",N1
慕う,したう,"to yearn for, to miss, to adore, to love dearly",N1
慣らす,ならす,to accustom,N1
慣れ,なれ,"practice, experience",N1
慣例,かんれい,"custom, precedent, of convention",N1
慣用,かんよう,"common, customary",N1
慣習,かんしゅう,usual (historical) custom,N1
慣行,かんこう,"customary practice, habit, traditional event",N1
憂鬱,ゆううつ,"depression, melancholy, dejection, gloom",N1
憎しみ,にくしみ,hatred,N1
憤慨,ふんがい,"indignation, resentment",N1
憧れ,あこがれ,"yearning, longing, aspiration",N1
懐く,なつく,to become emotionally attached,N1
懲りる,こりる,"to learn by experience, to be disgusted with",N1
懸賞,けんしょう,"offering prizes, winning, reward",N1
成り立つ,なりたつ,"to conclude, to consist of, to be practical (logical feasible viable), to hold true",N1
成るべく,なるべく,as much as possible,N1
成る丈,なるたけ,"as much as possible, if possible",N1
成年,せいねん,"majority, adult age",N1
成果,せいか,"results, fruits",N1
成熟,せいじゅく,"maturity, ripeness",N1
我がまま,わがまま,"selfishness, egoism, wilfulness, disobedience, whim",N1
或いは,あるいは,"or, possibly",N1
或る,ある,"a certain..., some...",N1
戦,いくさ,"war, battle, campaign, fight",N1
戦力,せんりょく,war potential,N1
戦災,せんさい,war damage,N1
戦術,せんじゅつ,tactics,N1
戦闘,せんとう,"battle, fight, combat",N1
戯曲,ぎきょく,"play, drama",N1
戴きます,いただきます,expression of gratitude before meals,N1
戸籍,こせき,"census, family register",N1
戸締り,とじまり,"closing up, fastening the doors",N1
所が,ところが,"however, while, even if",N1
所で,ところで,"by the way, even if, no matter what",N1
所在,しょざい,whereabouts,N1
所定,しょてい,"fixed, prescribed",N1
所属,しょぞく,"attached to, belong to",N1
所得,しょとく,"income, earnings",N1
所持,しょじ,"possession, owning",N1
所謂,いわゆる,"the so-called, so to speak",N1
扉,とびら,"door, opening",N1
手元,てもと,"on hand, at hand, at home",N1
手分け,てわけ,division of labour,N1
手回し,てまわし,"preparations, arrangements",N1
手引き,てびき,"guidance, guide, introduction",N1
手当て,てあて,"allowance, compensation, treatment, medical care",N1
手掛かり,てがかり,"contact, trail, scent, on hand, hand hold, clue, key",N1
手掛ける,てがける,"to handle, to manage, to work with, to rear, to look after, to have experience with",N1
手数,てかず,"number of moves, trouble",N1
手本,てほん,"model, pattern",N1
手法,しゅほう,technique,N1
手筈,てはず,"arrangement, plan, programme",N1
手芸,しゅげい,handicrafts,N1
手軽,てがる,"easy, simple, informal, offhand, cheap",N1
手近,てぢか,"near, handy, familiar",N1
手遅れ,ておくれ,"too late, belated treatment",N1
手配,てはい,"arrangement, search (by police)",N1
手錠,てじょう,"handcuffs, manacles",N1
手際,てぎわ,"performance, skill, tact",N1
手順,てじゅん,"process, procedure, protocol",N1
打ち切る,うちきる,"to stop, to abort, to discontinue, to close",N1
打ち合わせ,うちあわせ,"business meeting, previous arrangement, appointment",N1
打ち合わせる,うちあわせる,"to knock together, to arrange",N1
打ち消し,うちけし,"negation, denial, negative",N1
打ち込む,うちこむ,"to drive in (e.g. nail stake), to devote oneself to, to shoot into, to smash, to throw into, to cast int",N1
打付ける,ぶつける,"to knock, to run into, to nail on, to strike hard, to hit and attack",N1
打撃,だげき,"N1. blow, shock, strike, damage, N2. batting (baseball)",N1
打開,だかい,break in the deadlock,N1
扱い,あつかい,"treatment, service",N1
扶養,ふよう,"support, maintenance",N1
承諾,しょうだく,"consent, acquiescence, agreement",N1
技,わざ,"art, technique",N1
技能,ぎのう,"technical skill, ability, capacity",N1
把握,はあく,"grasp, catch, understanding",N1
抑制,よくせい,suppression,N1
抑圧,よくあつ,"check, restraint, oppression, suppression",N1
抓る,つねる,to pinch,N1
投げ出す,なげだす,"to throw down, to abandon, to sacrifice, to throw out",N1
投入,とうにゅう,"throw, investment, making (an electrical circuit)",N1
投資,とうし,investment,N1
抗争,こうそう,"dispute, resistance",N1
抗議,こうぎ,"protest, objection",N1
折り返す,おりかえす,"to turn up, to fold back",N1
折衷,せっちゅう,"compromise, cross, blending, eclecticism",N1
抜かす,ぬかす,"to omit, to leave out",N1
抜け出す,ぬけだす,"to slip out, to sneak away, to excel",N1
押さえる,おさえる,"to stop, to restrain, to seize, to repress, to suppress, to press down",N1
押し寄せる,おしよせる,"to push aside, to advance on",N1
押し込む,おしこむ,"to push into, to crowd into",N1
抽選,ちゅうせん,"lottery, raffle, drawing (of lots)",N1
担う,になう,"to carry on shoulder, to bear (burden), to shoulder (gun)",N1
担架,たんか,"stretcher, litter",N1
拐う,さらう,"to carry off, to run away with, to kidnap, to abduct",N1
拒否,きょひ,"denial, veto, rejection, refusal",N1
拒絶,きょぜつ,"refusal, rejection",N1
拗れる,こじれる,"to get complicated, to grow worse",N1
拘束,こうそく,"restriction, restraint",N1
招き,まねき,invitation,N1
拝借,はいしゃく,borrowing,N1
拝啓,はいけい,Dear (so and so),N1
拡散,かくさん,"scattering, diffusion",N1
拵える,こしらえる,"to make, to manufacture",N1
持ち,もち,"N1. hold, charge, keep possession, in charge, N2. wear, durability, life, draw, N3. usage (suff)",N1
持ち切り,もちきり,"hot topic, talk of the town",N1
持てる,もてる,"to be well liked, to be popular",N1
持て成す,もてなす,"to entertain, to make welcome",N1
持続,じぞく,continuation,N1
指令,しれい,"orders, instructions, directive",N1
指図,さしず,"instruction, mandate",N1
指差す,ゆびさす,to point at,N1
指揮,しき,"command, direction",N1
指摘,してき,"pointing out, identification",N1
指示,しじ,"indication, instruction, directions",N1
挑む,いどむ,"to challenge, to contend for, to make love to",N1
挑戦,ちょうせん,"challenge, defiance",N1
振り,ふり,"pretence, show, appearance",N1
振り出し,ふりだし,"outset, starting point, drawing or issuing (draft)",N1
振動,しんどう,"oscillation, vibration",N1
振興,しんこう,"promotion, encouragement",N1
捕らえる,とらえる,"to seize, to grasp, to capture, to arrest",N1
捕吏,ほり,constable,N1
捕獲,ほかく,"capture, seizure",N1
捕虜,ほりょ,prisoner (of war),N1
捕鯨,ほげい,"whaling, whale fishing",N1
捗る,はかどる,"to make progress, to move right ahead (with the work), to advance",N1
捜査,そうさ,"search (esp. in criminal investigations), investigation",N1
捜索,そうさく,"search (esp. for someone or something missing), investigation",N1
捧げる,ささげる,"to lift up, to give, to offer, to consecrate, to devote, to sacrifice, to dedicate",N1
据える,すえる,"to set (table), to lay (foundation), to place (gun), to apply (moxa)",N1
据え付ける,すえつける,"to install, to equip, to mount",N1
捲る,まくる,verb suffix to indicate reckless abandon to the activity,N1
捻じれる,ねじれる,"to twist, to wrench, to screw",N1
捻子,ねじ,"screw, helix, spiral",N1
授ける,さずける,"to grant, to award, to teach",N1
掌,たなごころ,the palm,N1
排水,はいすい,drainage,N1
排除,はいじょ,"exclusion, removal, rejection",N1
掛け,かけ,credit,N1
採択,さいたく,"adoption, selection, choice",N1
採掘,さいくつ,mining,N1
採決,さいけつ,"vote, roll call",N1
採用,さいよう,"use, adopt",N1
採算,さいさん,profit,N1
採集,さいしゅう,"collecting, gathering",N1
探検,たんけん,"exploration, expedition",N1
接ぐ,つぐ,"to join, to piece together, to set (bones), to graft (trees)",N1
接続詞,せつぞくし,conjunction,N1
接触,せっしょく,"touch, contact",N1
控える,ひかえる,"to draw in, to hold back, to make notes, to be temperate in",N1
控室,ひかえしつ,waiting room,N1
控除,こうじょ,"subsidy, deduction",N1
推測,すいそく,"guess, conjecture",N1
推理,すいり,"reasoning, inference, mystery or detective genre (movie novel etc.)",N1
推進,すいしん,"propulsion, driving force",N1
措置,そち,"measure, step",N1
掬う,すくう,"to scoop, to ladle out",N1
掲げる,かかげる,"to publish, to print, to carry (an article), to put up, to hang out, to hoist, to fly (a sail), to float (a",N1
掲載,けいさい,appearance (e.g. article in paper),N1
掻き回す,かきまわす,"to stir up, to churn, to ransack, to disturb",N1
揃い,そろい,"set, suit, uniform",N1
揉める,もめる,"to disagree, to dispute",N1
描写,びょうしゃ,"depiction, description, portrayal",N1
提供,ていきょう,"offer, tender, program sponsoring, furnishing",N1
提携,ていけい,"cooperation, tie-up, joint business, link-up",N1
提示,ていじ,"presentation, exhibit, suggest, citation",N1
換算,かんさん,"conversion, change, exchange",N1
揶揄う,からかう,"to ridicule, to tease, to banter with, to make fun of",N1
揺さぶる,ゆさぶる,"to shake, to jolt, to rock, to swing",N1
揺らぐ,ゆらぐ,"to swing, to sway, to shake, to tremble",N1
損なう,そこなう,"to harm, to hurt, to injure, to damage, to fail in doing",N1
損失,そんしつ,loss,N1
携わる,たずさわる,"to participate, to take part",N1
携帯,けいたい,carrying something,N1
摘む,つまむ,"to pinch, to hold, to pick up",N1
操る,あやつる,"to manipulate, to operate, to pull strings",N1
操縦,そうじゅう,"management, handling, control, manipulation",N1
擦れる,すれる,"to rub, to chafe, to wear, to become sophisticated",N1
擦れ違い,すれちがい,chance encounter,N1
擽ぐったい,くすぐったい,ticklish,N1
支持,しじ,"support, maintenance",N1
改まる,あらたまる,to be renewed,N1
改修,かいしゅう,"repair, improvement",N1
改定,かいてい,reform,N1
改悪,かいあく,"deterioration, changing for the worse",N1
改良,かいりょう,"improvement, reform",N1
改訂,かいてい,revision,N1
改革,かいかく,"reform, reformation, innovation",N1
攻め,せめ,"attack, offence",N1
放り出す,ほうりだす,"to throw out, to fire, to expel, to give up, to abandon, to neglect",N1
放り込む,ほうりこむ,to throw into,N1
放出,ほうしゅつ,"release, emit",N1
放射,ほうしゃ,"radiation, emission",N1
放射能,ほうしゃのう,radioactivity,N1
放棄,ほうき,"abandonment, renunciation, abdication (responsibility right)",N1
放置,ほうち,"leave as is, leave to chance, leave alone, neglect",N1
政権,せいけん,"administration, political power",N1
政策,せいさく,"political measures, policy",N1
故,こ,the late (deceased),N1
故人,こじん,"the deceased, old friend",N1
敏感,びんかん,"sensibility, susceptibility, sensitive (to), well attuned to",N1
救い,すくい,"help, aid, relief",N1
救援,きゅうえん,"relief, rescue, reinforcement",N1
救済,きゅうさい,"relief, aid, rescue, salvation, help",N1
敗戦,はいせん,"defeat, losing a war",N1
教え,おしえ,"teachings, precept, lesson, doctrine",N1
教員,きょういん,teaching staff,N1
教材,きょうざい,teaching materials,N1
教科,きょうか,"subject, curriculum",N1
教習,きょうしゅう,"training, instruction",N1
教職,きょうしょく,"teaching certificate, the teaching profession",N1
教訓,きょうくん,"lesson, precept, moral instruction",N1
敢えて,あえて,"dare (to do), challenge (to do)",N1
散蒔く,ばらまく,"to disseminate, to scatter, to give money freely",N1
敬具,けいぐ,Sincerely yours,N1
数詞,すうし,numeral,N1
整える,ととのえる,"to put in order, to get ready, to arrange, to adjust",N1
整列,せいれつ,"stand in a row, form a line",N1
整然,せいぜん,"orderly, regular, well-organized, trim, accurate",N1
文化財,ぶんかざい,"cultural assets, cultural property",N1
文書,ぶんしょ,"document, writing, letter, note, records, archives",N1
文語,ぶんご,"written language, literary language",N1
斑,ぶち,"spots, speckles, mottles",N1
料,りょう,"material, charge, rate, fee",N1
斜面,しゃめん,"slope, slanting surface, bevel",N1
断然,だんぜん,"firmly, absolutely, definitely",N1
断言,だんげん,"declaration, affirmation",N1
断面,だんめん,cross section,N1
新,しん,new,N1
新人,しんじん,"new face, newcomer",N1
新入生,しんにゅうせい,"freshman, first-year student",N1
新婚,しんこん,newly-wed,N1
新築,しんちく,"new building, new construction",N1
新興,しんこう,"rising, developing, emergent",N1
方式,ほうしき,"form, method, system",N1
方策,ほうさく,"plan, policy",N1
於,お,"at, in, on",N1
於いて,おいて,"at, in, on",N1
施す,ほどこす,"to donate, to give, to conduct, to apply, to perform",N1
施行,しぎょう,"N1. execution, enforcing, carrying out",N1
施設,しせつ,"institution, establishment, facility, (army) engineer",N1
旅券,りょけん,passport,N1
旅客,りょかく,passenger (transport),N1
既婚,きこん,"marriage, married",N1
日々,ひび,"every day, daily, day after day",N1
日の丸,ひのまる,the Japanese flag,N1
日取り,ひどり,"fixed date, appointed day",N1
日向,ひなた,"sunny place, in the sun",N1
日夜,にちや,"day and night, always",N1
日当,にっとう,daily allowance,N1
日焼け,ひやけ,sunburn,N1
日頃,ひごろ,"normally, habitually",N1
旦那,だんな,"master (of house), husband (informal)",N1
旧事,くじ,"past events, bygones",N1
旧知,きゅうち,"old friend, old friendship",N1
早める,はやめる,"to hasten, to quicken, to expedite, to precipitate, to accelerate",N1
早急,さっきゅう,urgent,N1
昆虫,こんちゅう,"insect, bug",N1
昇進,しょうしん,promotion,N1
明々後日,しあさって,two days after tomorrow,N1
明かす,あかす,"to pass, spend, to reveal, to divulge",N1
明くる,あくる,"next, following",N1
明るい,あかるい,"bright, cheerful",N1
明朗,めいろう,"bright, clear, cheerful",N1
明白,あからさま,"obvious, overt, plainly, frankly",N1
明瞭,めいりょう,clarity,N1
易い,やすい,easy,N1
星座,せいざ,constellation,N1
映える,はえる,"to shine, to look attractive, to look pretty",N1
映像,えいぞう,"reflection, image",N1
映写,えいしゃ,projection,N1
是正,ぜせい,"correction, revision",N1
是非とも,ぜひとも,by all means (with sense of not taking no for an answer),N1
昼間,ちゅうかん,"daytime, during the day",N1
昼飯,ちゅうはん,"lunch, midday meal",N1
時刻表,じこくひょう,"table, diagram, chart, timetable, schedule",N1
時差,じさ,time difference,N1
時折,ときおり,sometimes,N1
普遍,ふへん,"universality, ubiquity, omnipresence",N1
晴天,せいてん,fine weather,N1
暗殺,あんさつ,assassination,N1
暗示,あんじ,"hint, suggestion",N1
暗算,あんざん,mental arithmetic,N1
暦,こよみ,"calendar, almanac",N1
暫く,しばらく,little while,N1
暴力,ぼうりょく,violence,N1
暴動,ぼうどう,"insurrection, rebellion, revolt, riot, uprising",N1
暴露,ばくろ,"disclosure, exposure, revelation",N1
暴風,ぼうふう,"storm, windstorm, gale",N1
曖昧,あいまい,"vague, ambiguous",N1
曲,きょく,"tune, piece of music",N1
曲がる,まがる,"to turn, to bend",N1
書き取り,かきとり,dictation,N1
書き取る,かきとる,"to write down, to take dictation, to take notes",N1
書評,しょひょう,book review,N1
最善,さいぜん,the very best,N1
最早,もはや,"already, now",N1
月並み,つきなみ,"every month, common",N1
月謝,げっしゃ,monthly tuition fee,N1
月賦,げっぷ,monthly installment,N1
有する,ゆうする,"to own, to be endowed with",N1
有りのまま,ありのまま,"the truth, fact, as it is, frankly",N1
有力,ゆうりょく,"N1. influence, prominence, N2. potent",N1
有望,ゆうぼう,"good prospects, full of hope, promising",N1
有様,ありさま,"state, condition, circumstances, the way things are or should be, truth",N1
有機,ゆうき,organic,N1
有益,ゆうえき,"beneficial, profitable",N1
有難う,ありがとう,Thank you,N1
朗読,ろうどく,"reading aloud, recitation",N1
望ましい,のぞましい,"desirable, hoped for",N1
朝寝坊,あさねぼう,"oversleeping, late riser",N1
期,き,"period, time",N1
期日,きじつ,"fixed date, settlement date",N1
期末,きまつ,end of term,N1
木綿,きわた,cotton,N1
未,ひつじ,eighth sign of Chinese zodiac (The Ram N1pm-N3pm south-southwest June),N1
未婚,みこん,unmarried,N1
未定,みてい,"not yet fixed, undecided, pending",N1
未熟,みじゅく,"inexperience, unripeness, raw, unskilled, immature, inexperienced",N1
未知,みち,not yet known,N1
未練,みれん,"lingering affection, attachment, regret(s), reluctance",N1
未開,みかい,"savage land, backward region, uncivilized",N1
末期,まっき,"closing years (period days), last stage",N1
本の,ほんの,"mere, only, just",N1
本体,ほんたい,"substance, real form, object of worship",N1
本名,ほんみょう,real name,N1
本場,ほんば,"home, habitat, center, best place, genuine",N1
本文,ほんぶん,"text (of document), body (of letter)",N1
本格,ほんかく,"propriety, fundamental rules",N1
本気,ほんき,"seriousness, truth, sanctity",N1
本能,ほんのう,instinct,N1
本質,ほんしつ,"essence, true nature, reality",N1
本音,ほんね,"real intention, motive",N1
本館,ほんかん,main building,N1
朽ちる,くちる,to rot,N1
杖,つえ,cane,N1
束の間,つかのま,"moment, brief time, brief, transient",N1
束縛,そくばく,"restraint, shackles, restriction, confinement, binding",N1
条約,じょうやく,"treaty, pact",N1
来場,らいじょう,attendance,N1
杯,さかずき,wine cups,N1
林業,りんぎょう,forestry,N1
枚,まい,counter for flat objects (e.g. sheets of paper),N1
果たして,はたして,"as was expected, really",N1
果たす,はたす,"to accomplish, to fulfill, to carry out, to achieve",N1
果て,はて,"the end, the extremity, the limit(s), the result",N1
果てる,はてる,"to end, to be finished, to be exhausted, to die, to perish",N1
果ない,はかない,"fleeting, transient, short-lived, momentary, vain, fickle, miserable, empty, ephemeral",N1
枠,わく,"frame, slide",N1
染まる,そまる,to dye,N1
染みる,しみる,"to pierce, to permeate",N1
染める,そめる,"to dye, to colour",N1
柔軟,じゅうなん,"flexible, lithe",N1
柱,はしら,"pillar, post",N1
柵,さく,"fence, paling",N1
栄える,さかえる,"to prosper, to flourish",N1
校,こう,#NAME?,N1
株式,かぶしき,stock (company),N1
核,かく,"nucleus, kernel",N1
根回し,ねまわし,making necessary arrangements,N1
根底,こんてい,"root, basis, foundation",N1
根拠,こんきょ,"basis, foundation",N1
根本,こんぽん,"origin, source, foundation, root, base, principle",N1
根気,こんき,"patience, perseverance, energy",N1
格,かく,"status, character, case",N1
格差,かくさ,"qualitative difference, disparity",N1
栽培,さいばい,cultivation,N1
案じる,あんじる,"to be anxious, to ponder",N1
案の定,あんのじょう,"sure enough, as usual",N1
桐,きり,paulownia tree,N1
桟橋,さんきょう,"wharf, bridge, jetty, pier",N1
梅干,うめぼし,dried plum,N1
梢,こずえ,treetop,N1
棄権,きけん,"abstain from voting, renunciation of a right",N1
棟,とう,"place, section, building",N1
植わる,うわる,to be planted,N1
植民地,しょくみんち,colony,N1
検事,けんじ,public prosecutor,N1
業,ごう,"Buddhist karma, actions committed in a former life",N1
業務,ぎょうむ,"business, affairs, duties, work",N1
業績,ぎょうせき,"achievement, performance, results, work, contribution",N1
業者,ぎょうしゃ,"trader, merchant",N1
極めて,きわめて,"exceedingly, extremely",N1
極楽,ごくらく,paradise,N1
極端,きょくたん,"extreme, extremity",N1
楽しむ,たのしむ,to enjoy oneself,N1
楽観,らっかん,optimism,N1
楽譜,がくふ,score (music),N1
概念,がいねん,"general idea, concept, notion",N1
概略,がいりゃく,"outline, summary, gist, in brief",N1
概説,がいせつ,"general statement, outline",N1
構え,かまえ,"posture, pose, style",N1
構える,かまえる,to set up,N1
構想,こうそう,"plan, plot, idea, conception",N1
様式,ようしき,"style, form, pattern",N1
様相,ようそう,aspect,N1
標語,ひょうご,"motto, slogan, catchword",N1
模倣,もほう,"imitation, copying",N1
模型,もけい,"model, dummy, maquette",N1
模範,もはん,"exemplar, exemplification, exemplum, model, example",N1
模索,もさく,groping (for),N1
権,けん,"authority, the right (to do something)",N1
権力,けんりょく,"power, authority, influence",N1
権威,けんい,"authority, power, influence",N1
権限,けんげん,"power, authority, jurisdiction",N1
横綱,よこづな,sumo grand champion,N1
樹木,じゅもく,"trees and shrubs, arbour",N1
樹立,じゅりつ,"establish, create",N1
橋渡し,はしわたし,"bridge building, mediation",N1
機,はた,loom,N1
機構,きこう,"mechanism, organization",N1
檻,おり,"cage, pen, jail cell",N1
欠く,かく,"to lack, to break, to crack, to chip",N1
欠乏,けつぼう,"want, shortage, famine",N1
次いで,ついで,"next, secondly, subsequently",N1
欲望,よくぼう,"desire, appetite",N1
欲深い,よくふかい,greedy,N1
欺く,あざむく,to deceive,N1
歎,たん,"grief, sigh, lamentation",N1
歓声,かんせい,"cheer, shout of joy",N1
止むを得ない,やむをえない,"cannot be helped, unavoidable",N1
止める,とどめる,"to stop, to cease, to put an end to",N1
正しく,まさしく,"surely, no doubt, evidently",N1
正に,まさに,"correctly, surely",N1
正常,せいじょう,"normalcy, normality, normal",N1
正当,せいとう,"just, justifiable, right, due, proper, equitable, reasonable, legitimate, lawful",N1
正義,せいぎ,"justice, right, righteousness, correct meaning",N1
正規,せいき,"regular, legal, formal, established, legitimate",N1
正解,せいかい,"correct, right, correct interpretation (answer solution)",N1
此の,この,this,N1
此れ,これ,this,N1
此れ等,これら,these,N1
武力,ぶりょく,"armed might, military power, the sword, force",N1
武装,ぶそう,"arms, armament, armed",N1
歩,ふ,pawn (in chess or shogi),N1
歩み,あゆみ,walking,N1
歩む,あゆむ,"to walk, to go on foot",N1
歪む,いがむ,"to warp, to swerve, to deflect, to be crooked, to be distorted, to be bent, to incline, to slant, to be perv",N1
歯磨,はみがき,"dentifrice, toothpaste",N1
歯科,しか,dentistry,N1
歳,さい,age,N1
死,し,"death, decease",N1
死刑,しけい,"death penalty, capital punishment",N1
殆ど,ほとんど,"mostly, almost",N1
殊に,ことに,"especially, above all",N1
残酷,ざんこく,"cruelty, harshness",N1
残金,ざんきん,remaining money,N1
残高,ざんだか,"(bank) balance, remainder",N1
殴る,なぐる,"to strike, to hit",N1
段々,だんだん,"gradually, by degrees",N1
殺人,さつじん,murder,N1
殿,しんがり,"rear, rear unit guard",N1
殿様,とのさま,feudal lord,N1
母校,ぼこう,alma mater,N1
毎,ごと,each respectively,N1
比例,ひれい,proportion,N1
比率,ひりつ,"ratio, proportion, percentage",N1
比重,ひじゅう,specific gravity,N1
毟る,むしる,"to pluck, to pick, to tear",N1
民主,みんしゅ,"democratic, the head of the nation",N1
民俗,みんぞく,"people, race, nation, racial customs, folk customs",N1
民宿,みんしゅく,private home providing lodging for travelers,N1
民族,みんぞく,"people, race, nation, racial customs, folk customs",N1
気まぐれ,きまぐれ,"whim, caprice, whimsy, fickle, moody, uneven temper",N1
気兼ね,きがね,"hesitance, diffidence, feeling constraint, fear of troubling someone, having scruples about doing someth",N1
気品,きひん,aroma,N1
気楽,きらく,"at ease, comfortable",N1
気流,きりゅう,atmospheric current,N1
気立て,きだて,"disposition, nature",N1
気触れる,かぶれる,"to react to, to be influenced by, to go overboard for",N1
気象,きしょう,"weather, climate",N1
気質,かたぎ,"spirit, character, trait, temperament, disposition",N1
気軽,きがる,"cheerful, buoyant, lighthearted",N1
気障,きざ,"affectation, conceit, snobbery",N1
気風,きふう,"character, traits, ethos",N1
水気,すいき,"N1. moisture, dampness, vapor, N2. dropsy, edema",N1
水洗,すいせん,flushing,N1
水源,すいげん,"source of river, fountainhead",N1
水田,すいでん,(water-filled) paddy field,N1
氾濫,はんらん,"overflowing, flood",N1
汚らわしい,けがらわしい,"filthy, unfair",N1
汚れ,けがれ,"uncleanness, impurity, disgrace",N1
汚れる,けがれる,"to get dirty, to become dirty",N1
決まり悪い,きまりわるい,"feeling awkward, being ashamed",N1
決まる,きまる,"to be decided, to be settled, to look good in (clothes)",N1
決勝,けっしょう,"decision of a contest, finals (in sports)",N1
決意,けつい,"decision, determination",N1
決断,けつだん,"decision, determination",N1
決算,けっさん,"balance sheet, settlement of accounts",N1
決行,けっこう,"doing (with resolve), carrying out (i.e. a plan)",N1
決議,けつぎ,"resolution, vote, decision",N1
汽船,きせん,steamship,N1
沈める,しずめる,"to sink, to submerge",N1
沈殿,ちんでん,"precipitation, settlement",N1
沈没,ちんぼつ,"sinking, foundering",N1
沈黙,ちんもく,"silence, reticence",N1
没収,ぼっしゅう,forfeited,N1
没落,ぼつらく,"ruin, fall, collapse",N1
沢山,たくさん,"many, a lot, much",N1
河川,かせん,rivers,N1
沸騰,ふっとう,"boiling, seething",N1
油絵,あぶらえ,oil painting,N1
治まる,おさまる,"to be at peace, to clamp down, to lessen (storm terror anger)",N1
治安,ちあん,public order,N1
治療,ちりょう,medical treatment,N1
沼,ぬま,"swamp, bog, pond, lake",N1
沿い,ぞい,along,N1
沿う,そう,"to run along, to follow",N1
沿岸,えんがん,"coast, shore",N1
沿線,えんせん,along railway line,N1
況して,まして,"still more, still less (with neg. verb), to say nothing of, not to mention",N1
泊,はく,counter for nights of a stay,N1
泌み泌み,しみじみ,"keenly, deeply, heartily",N1
法学,ほうがく,"law, jurisprudence",N1
法廷,ほうてい,courtroom,N1
法案,ほうあん,bill (law),N1
洋風,ようふう,western style,N1
洒落る,しゃれる,"to joke, to play on words, to dress stylishly",N1
津波,つなみ,"tsunami, tidal wave",N1
洪水,こうずい,flood,N1
活ける,いける,to arrange (flowers),N1
活発,かっぱつ,"vigor, active",N1
派,は,"clique, faction, school",N1
派遣,はけん,"dispatch, send",N1
流,りゅう,"styleof, method of, manner of",N1
流し,ながし,sink,N1
流通,りゅうつう,"circulation of money or goods, flow of water or air, distribution",N1
浅ましい,あさましい,"wretched, miserable, shameful, mean, despicable, abject",N1
浜,はま,"beach, seashore",N1
浜辺,はまべ,"beach, foreshore",N1
浪費,ろうひ,"waste, extravagance",N1
浮かぶ,うかぶ,"to float, to rise to surface, to come to mind",N1
浮力,ふりょく,"buoyancy, floating power",N1
浮気,うわき,"flighty, fickle, wanton, unfaithful",N1
浴室,よくしつ,"bathroom, bath",N1
海峡,かいきょう,channel,N1
海抜,かいばつ,height above sea level,N1
海流,かいりゅう,ocean current,N1
海路,うみじ,sea route,N1
海運,かいうん,"maritime, marine transportation",N1
浸す,ひたす,"to soak, to dip, to drench",N1
消去,しょうきょ,"elimination, erasing, dying out, melting away",N1
消息,しょうそく,"news, letter, circumstances",N1
液,えき,"liquid, fluid",N1
涸れる,かれる,"to dry up, to run out",N1
深める,ふかめる,"to deepen, to heighten, to intensify",N1
混む,こむ,to be crowded,N1
混同,こんどう,"confusion, mixing, merger",N1
混血,こんけつ,"mixed race, mixed parentage",N1
添う,そう,"to accompany, to become married, to comply with",N1
添える,そえる,"to add to, to attach, to append, to accompany, to garnish, to imitate, to annex",N1
清々しい,すがすがしい,"fresh, refreshing",N1
清らか,きよらか,"clean, pure, chaste",N1
清濁,せいだく,"good and evil, purity and impurity",N1
清算,せいさん,"liquidation, settlement",N1
清純,せいじゅん,"purity, innocence",N1
済ます,すます,"to finish, to get it over with, to settle, to conclude, to pay back",N1
済まない,すまない,sorry (phrase),N1
済みません,すみません,"sorry, excuse me",N1
渋い,しぶい,"N1. tasteful (clothing), cool, an aura of refined masculinity, N2. astringent, sullen, bitter (taste), N3",N1
減少,げんしょう,"decrease, reduction, decline",N1
減点,げんてん,"subtract, give a demerit",N1
渡り鳥,わたりどり,"migratory bird, bird of passage",N1
渦,うず,swirl,N1
温和,おんわ,"gentle, mild, moderate",N1
湿気る,しける,"to be damp, to be moist",N1
満たす,みたす,"to satisfy, to ingratiate, to fill, to fulfill",N1
満場,まんじょう,"unanimous, whole audience",N1
満月,まんげつ,full moon,N1
源,みなもと,"source, origin",N1
準じる,じゅんじる,"to follow, to conform, to apply to",N1
準ずる,じゅんずる,"to apply correspondingly, to correspond to, to be proportionate to, to conform to",N1
準急,じゅんきゅう,local express (train slower than an express),N1
溜まり,たまり,"collected things, gathering place, arrears",N1
溝,こう,"N10^N38, hundred undecillion (American), hundred sextillion (British)",N1
溢れる,あふれる,"to flood, to overflow, to brim over",N1
溶液,ようえき,solution (liquid),N1
滅びる,ほろびる,"to be ruined, to go under, to perish, to be destroyed",N1
滅ぼす,ほろぼす,"to destroy, to overthrow, to wreck, to ruin",N1
滅亡,めつぼう,"downfall, ruin, collapse, destruction",N1
滅茶苦茶,めちゃくちゃ,"absurd, unreasonable, excessive, messed up, spoiled, wreaked",N1
滑らか,なめらか,"smoothness, glassiness",N1
滑稽,こっけい,"funny, humorous, comical, laughable, ridiculous, joking",N1
滞る,とどこおる,"to stagnate, to be delayed",N1
滞納,たいのう,"non-payment, default",N1
滲む,にじむ,"to run, to blur, to spread, to blot, to ooze",N1
漁村,ぎょそん,fishing village,N1
漁船,ぎょせん,fishing boat,N1
漂う,ただよう,"to drift about, to float, to hang in air",N1
漏らす,もらす,"to let leak, to reveal",N1
漏る,もる,"to leak, to run out",N1
漏れる,もれる,"to leak out, to escape, to come through, to shine through, to filter out, to be omitted",N1
演じる,えんじる,"to perform (a play), to play (a part), to act (a part), to commit (a blunder)",N1
演ずる,えんずる,"to perform, to play",N1
演出,えんしゅつ,"production (e.g. play), direction",N1
演習,えんしゅう,"practice, exercises, manoeuvers",N1
漕ぐ,こぐ,"to row, to scull, to pedal",N1
漠然,ばくぜん,"obscure, vague, equivocal",N1
漢語,かんご,"Chinese word, Sino-Japanese word",N1
潜入,せんにゅう,"infiltration, sneaking in",N1
潜水,せんすい,diving,N1
潤う,うるおう,"to be moist, to be damp, to get wet, to profit by, to be watered, to receive benefits, to favor, to charm, t",N1
潮,うしお,tide,N1
澄ます,すます,"to clear, to make clear, to be unruffled, to look unconcerned, to look demure, look prim, put on airs",N1
激励,げきれい,encouragement,N1
濫用,らんよう,"abuse, misuse, misappropriation, using to excess",N1
濯ぐ,すすぐ,"to rinse, to wash out",N1
火星,かせい,Mars (planet),N1
火燵,こたつ,"table with heater, (orig) charcoal brazier in a floor well",N1
火花,ひばな,spark,N1
災害,さいがい,"calamity, disaster, misfortune",N1
炒める,いためる,to stir-fry,N1
炙る,あぶる,to scorch,N1
炭素,たんそ,carbon (C),N1
点検,てんけん,"inspection, examination, checking",N1
点火,てんか,"ignition, lighting, set fire to",N1
点線,てんせん,"dotted line, perforated line",N1
為さる,なさる,to do,N1
為来り,しきたり,customs,N1
焚火,たきび,(open) fire,N1
無効,むこう,"invalid, no effect, unavailable",N1
無口,むくち,reticence,N1
無念,むねん,"chagrin, regret",N1
無意味,むいみ,"nonsense, no meaning",N1
無断,むだん,"without permission, without notice",N1
無用,むよう,"useless, futility, needlessness, unnecessariness",N1
無知,むち,ignorance,N1
無礼,ぶれい,"impolite, rude",N1
無線,むせん,"wireless, radio",N1
無能,むのう,"inefficiency, incompetence",N1
無茶,むちゃ,"absurd, unreasonable, excessive, rash, absurdity, nonsense",N1
無茶苦茶,むちゃくちゃ,"confused, jumbled, mixed up, unreasonable",N1
無言,むごん,silence,N1
無論,むろん,"of course, naturally",N1
無邪気,むじゃき,"innocence, simple-mindedness",N1
無闇に,むやみに,"unreasonably, absurdly, recklessly, indiscreetly, at random",N1
無難,ぶなん,"safety, security",N1
無駄遣い,むだづかい,"waste money on, squander money on, flog a dead horse",N1
焦げ茶,こげちゃ,black tea,N1
焦る,あせる,"to be in a hurry, to be impatient",N1
然うして,そうして,"and, like that",N1
然し,しかし,"however, but",N1
然して,そして,and,N1
然しながら,しかしながら,"nevertheless, however",N1
然も,さも,"with gusto, with satisfaction",N1
煌々と,こうこうと,"brilliantly, brightly",N1
煌びやか,きらびやか,"gorgeous, gaudy, dazzling, gay",N1
煙たい,けむたい,"smoky, feeling awkward",N1
煙る,けむる,to smoke (e.g. fire),N1
煙草,たばこ,"(pt:) (n) (uk) tobacco (pt: tabaco), cigarettes",N1
照り返す,てりかえす,"to reflect, to throw back light",N1
照合,しょうごう,"collation, comparison",N1
照明,しょうめい,illumination,N1
煩わしい,わずらわしい,"troublesome, annoying, complicated",N1
煽てる,おだてる,"to stir up, to instigate, to flatter",N1
熱意,ねつい,"zeal, enthusiasm",N1
熱湯,ねっとう,boiling water,N1
熱量,ねつりょう,temperature,N1
燃料,ねんりょう,fuel,N1
燃焼,ねんしょう,"burning, combustion",N1
爆弾,ばくだん,bomb,N1
爆破,ばくは,"blast, explosion, blow up",N1
爽やか,さわやか,"fresh, refreshing, invigorating, clear, fluent, eloquent",N1
片付け,かたづけ,"tidying up, finishing",N1
片思い,かたおもい,unrequited love,N1
片言,かたこと,"a smattering, talk like a baby, speak haltingly",N1
版,はん,edition,N1
版画,はんが,art print,N1
牧師,ぼくし,"pastor, minister, clergyman",N1
物体,ぶったい,"body, object",N1
物体ない,もったいない,"too good, more than one deserves, wasteful, sacrilegious, unworthy of",N1
物好き,ものずき,curiosity,N1
物置き,ものおき,storeroom,N1
物議,ぶつぎ,public discussion (criticism),N1
物資,ぶっし,"goods, materials",N1
物足りない,ものたりない,"unsatisfied, unsatisfactory",N1
特技,とくぎ,special skill,N1
特有,とくゆう,"characteristic (of), peculiar (to)",N1
特権,とっけん,"privilege, special right",N1
特派,とくは,"send specially, special envoy",N1
特産,とくさん,"specialty, special product",N1
特許,とっきょ,"special permission, patent",N1
特集,とくしゅう,"feature (e.g. newspaper), special edition, report",N1
犠牲,ぎせい,sacrifice,N1
犯す,おかす,"to commit, to perpetrate, to violate, to rape",N1
状,じょう,shape,N1
独創,どくそう,originality,N1
独占,どくせん,monopoly,N1
独自,どくじ,"original, peculiar, characteristic",N1
独裁,どくさい,"dictatorship, despotism",N1
猛烈,もうれつ,"violent, vehement, rage",N1
獣,けだもの,"beast, brute",N1
獲得,かくとく,"acquisition, possession",N1
獲物,えもの,"game, spoils, trophy",N1
玄人,くろうと,"expert, professional, geisha, prostitute",N1
率いる,ひきいる,"to lead, to spearhead (a group), to command (troops)",N1
率直,そっちょく,"frankness, candour, openheartedness",N1
玩具,おもちゃ,toy,N1
班,はん,"group, party, section (mil)",N1
現われ,あらわれ,"embodiment, materialization",N1
現われる,あらわれる,"to appear, to come in sight, to become visible, to come out, to embody, to materialize, to express oneself",N1
現像,げんぞう,developing (film),N1
現地,げんち,"actual place, local",N1
現行,げんこう,"present, current, in operation",N1
球根,きゅうこん,(plant) bulb,N1
理屈,りくつ,"theory, reason",N1
理性,りせい,"reason, sense",N1
理論,りろん,theory,N1
甘える,あまえる,"to behave like a spoiled child, to fawn on",N1
甘口,あまくち,"sweet flavour, mildness, flattery, stupidity",N1
甚だ,はなはだ,"very, greatly, exceedingly",N1
生かす,いかす,"to revive, to resuscitate, to make use of",N1
生まれつき,うまれつき,"by nature, by birth, native",N1
生やす,はやす,"to grow, to cultivate, to wear beard",N1
生死,せいし,life and death,N1
生温い,なまぬるい,"lukewarm, halfhearted",N1
生理,せいり,"physiology, menses",N1
生真面目,きまじめ,"too serious, person who is too serious, honesty, sincerity",N1
生育,せいいく,"growth, development, breeding",N1
生臭い,なまぐさい,"smelling of fish or blood, fish or meat",N1
生計,せいけい,"livelihood, living",N1
生身,なまみ,"living flesh, flesh and blood, the quick",N1
産む,うむ,"to give birth, to deliver, to produce",N1
産休,さんきゅう,maternity leave,N1
産出,さんしゅつ,"yield, produce",N1
産婦人科,さんふじんか,maternity and gynecology department,N1
産後,さんご,"postpartum, after childbirth",N1
産物,さんぶつ,"product, result, fruit",N1
甥,おい,nephew,N1
用件,ようけん,business,N1
用品,ようひん,"articles, supplies, parts",N1
用法,ようほう,"directions, rules of use",N1
用紙,ようし,blank form,N1
田園,でんえん,"country, rural districts",N1
甲,きのえ,"N1st in rank, first sign of the Chinese calendar, shell, instep, grade A",N1
申し入れる,もうしいれる,"to propose, to suggest",N1
申し出る,もうしでる,"to report to, to tell, to suggest, to submit, to request, to make an offer, to come forward with informati",N1
申し分,もうしぶん,"objection, shortcomings",N1
申し込み,もうしこみ,"application, entry, request, subscription, offer, proposal, overture, challenge",N1
申出,もうしで,"proposal, request, claim, report, notice",N1
申告,しんこく,"report, statement, filing a return, notification",N1
画,かく,stroke,N1
画期,かっき,epoch-making,N1
畏まりました,かしこまりました,certainly!,N1
畜生,ちくしょう,"beast, brute, damn",N1
畜産,ちくさん,animal husbandry,N1
略奪,りゃくだつ,"pillage, plunder, looting, robbery",N1
略語,りゃくご,"abbreviation, acronym",N1
番目,ばんめ,cardinal number suffix,N1
異動,いどう,a change,N1
異性,いせい,the opposite sex,N1
異見,いけん,"different opinion, objection",N1
異論,いろん,"different opinion, objection",N1
異議,いぎ,"objection, dissent, protest",N1
畳,じょう,tatami,N1
疎か,おろそか,"neglect, negligence, carelessness",N1
疑惑,ぎわく,"doubt, misgivings, distrust, suspicion",N1
疲労,ひろう,"fatigue, weariness",N1
疾っくに,とっくに,"long ago, already, a long time ago",N1
病,やまい,"illness, disease",N1
病む,やむ,"to fall ill, to be ill",N1
症,しょう,illness,N1
痒い,かゆい,"itchy, itching",N1
痛む,いたむ,"to hurt, to feel a pain, to be injured",N1
痛める,いためる,"to hurt, to injure, to cause pain, to worry, to bother, to afflict, to be grieved over",N1
痛切,つうせつ,"keen, acute",N1
痛感,つうかん,"feeling keenly, fully realizing",N1
痺れる,しびれる,"to become numb, to go to sleep (i.e. a limb)",N1
癌,がん,cancer,N1
発,はつ,"departure, beginning, counter for gunshots",N1
発作,ほっさ,"fit, spasm",N1
発掘,はっくつ,"excavation, exhumation",N1
発条,ばね,spring (e.g. coil leaf),N1
発生,はっせい,"outbreak, spring forth, occurrence, incidence, origin",N1
発病,はつびょう,attack (disease),N1
発育,はついく,"(physical) growth, development",N1
発芽,はつが,burgeoning,N1
発言,はつげん,"utterance, speech, proposal",N1
発足,はっそく,"starting, inauguration",N1
登校,とうこう,attendance (at school),N1
登録,とうろく,"registration, register, entry, record",N1
白状,はくじょう,confession,N1
百科事典,ひゃっかじてん,encyclopedia,N1
百科辞典,ひゃっかじてん,encyclopedia,N1
的,まと,"mark, target",N1
皇居,こうきょ,Imperial Palace,N1
皺,しわ,"wrinkles, creases",N1
益々,ますます,"increasingly, more and more",N1
盗み,ぬすみ,stealing,N1
盛り上がる,もりあがる,"to rouse, to swell, to rise",N1
盛大,せいだい,"grand, prosperous, magnificent",N1
盛装,せいそう,"be dressed up, wear rich clothes",N1
監視,かんし,"observation, guarding, inspection, surveillance",N1
目付き,めつき,"look, expression of the eyes, eyes",N1
目方,めかた,weight,N1
目盛,めもり,"scale, gradations",N1
目眩,めまい,"dizziness, giddiness",N1
目蓋,まぶた,eyelid,N1
目覚しい,めざましい,"brilliant, splendid, striking, remarkable",N1
目覚める,めざめる,to wake up,N1
目論見,もくろみ,"a plan, a scheme, a project, a program, intention, goal",N1
目録,もくろく,"catalogue, catalog, list",N1
盲点,もうてん,blind spot,N1
直ぐ,すぐ,"immediately, soon, easily, right (near), honest, upright",N1
直感,ちょっかん,intuition,N1
直面,ちょくめん,confrontation,N1
相,あい,"together, mutually, fellow",N1
相場,そうば,"market price, speculation, estimation",N1
相変わらず,あいかわらず,"as ever, as usual, the same",N1
相対,あいたい,"confrontation, facing, between ourselves, no third party, tete-a-tete",N1
相応,そうおう,"suitability, fitness",N1
相応しい,ふさわしい,appropriate,N1
盾,たて,"shield, buckler, escutcheon, pretext",N1
省みる,かえりみる,to reflect,N1
眉,まゆ,eyebrow,N1
看護,かんご,"nursing, (army) nurse",N1
真っ二つ,まっぷたつ,in two equal parts,N1
真に,まことに,"truly, actually, really",N1
真ん中,まんなか,"middle, centre, mid-way",N1
真ん丸い,まんまるい,perfectly circular,N1
真ん前,まんまえ,"right in front, under the nose",N1
真上,まうえ,"just above, right overhead",N1
真下,ました,"right under, directly below",N1
真実,さな,"truth, reality",N1
真心,まこころ,"sincerity, devotion",N1
真珠,しんじゅ,pearl,N1
真理,しんり,truth,N1
真相,しんそう,"truth, real situation",N1
眠たい,ねむたい,sleepy,N1
眩しい,まぶしい,"dazzling, radiant",N1
眼球,がんきゅう,eyeball,N1
眼科,がんか,ophthalmology,N1
着,ちゃく,"counter for suits of clothing, arriving at ..",N1
着工,ちゃっこう,start of (construction) work,N1
着席,ちゃくせき,"sit down, seat",N1
着手,ちゃくしゅ,"embarkation, launch",N1
着目,ちゃくもく,attention,N1
着色,ちゃくしょく,"colouring, coloring",N1
着陸,ちゃくりく,"landing, alighting, touch down",N1
着飾る,きかざる,to dress up,N1
瞑る,つぶる,to close the eyes,N1
瞬き,またたき,"wink, twinkling (of stars), flicker (of light)",N1
矢,や,arrow,N1
矢っ張り,やっぱり,"also, as I thought, still, in spite of, absolutely",N1
矢鱈に,やたらに,"randomly, recklessly, blindly",N1
知り合い,しりあい,acquaintance,N1
知性,ちせい,intelligence,N1
知的,ちてき,intellectual,N1
短大,たんだい,junior college,N1
短歌,たんか,"tanka, N3N1-syllable Japanese poem",N1
短気,たんき,quick temper,N1
短波,たんぱ,short wave,N1
短縮,たんしゅく,"shortening, abbreviation, reduction",N1
砂利,じゃり,"gravel, ballast, pebbles",N1
研ぐ,とぐ,"to sharpen, to grind, to scour, to hone, to polish, to wash (rice)",N1
破壊,はかい,destruction,N1
破損,はそん,damage,N1
破棄,はき,"revocation, annulment, breaking (e.g. treaty)",N1
破裂,はれつ,"explosion, rupture, break off",N1
碁盤,ごばん,Go board,N1
碌な,ろくな,"satisfactory, decent",N1
碌に,ろくに,"well, enough, sufficient",N1
碑,いしぶみ,stone monument bearing an inscription,N1
確り,しっかり,"firmly, tightly, reliable, level-headed, steady",N1
確保,かくほ,"guarantee, ensure, maintain, insure, secure",N1
確信,かくしん,"conviction, confidence",N1
確定,かくてい,"definition (math), decision, settlement",N1
確立,かくりつ,establishment,N1
磁器,じき,"porcelain, china",N1
磁気,じき,magnetism,N1
社,やしろ,Shinto shrine,N1
社交,しゃこう,"social life, social intercourse",N1
社宅,しゃたく,company owned house,N1
祈り,いのり,"prayer, supplication",N1
祝賀,しゅくが,"celebration, congratulations",N1
神殿,しんでん,"temple, sacred place",N1
神秘,しんぴ,mystery,N1
神聖,しんせい,"holiness, sacredness, dignity",N1
票,ひょう,"label, ballot, ticket, sign",N1
禁じる,きんじる,to prohibit,N1
禁ずる,きんずる,"to forbid, to suppress",N1
禁物,きんもつ,"taboo, forbidden thing",N1
禅,ぜん,Zen (Buddhism),N1
福,ふく,good fortune,N1
福祉,ふくし,"welfare, well-being",N1
私有,しゆう,private ownership,N1
私物,しぶつ,"private property, personal effects",N1
私用,しよう,"personal use, private business",N1
科,か,"department, section",N1
秘書,ひしょ,(private) secretary,N1
秩序,ちつじょ,"order, regularity, system, method",N1
称する,しょうする,"to pretend, to take the name of, to feign, to purport",N1
移住,いじゅう,"migration, immigration",N1
移民,いみん,"emigration, immigration, emigrant, immigrant",N1
移行,いこう,switching over to,N1
稍,やや,"a little, partially, somewhat, a short time, a while",N1
税務署,ぜいむしょ,tax office,N1
種々,くさぐさ,variety,N1
稲光,いなびかり,(flash of) lightning,N1
穂,ほ,"ear (of plant), head (of plant)",N1
積もり,つもり,"intention, plan",N1
究極,きゅうきょく,"ultimate, final, eventual",N1
空しい,むなしい,"vacant, futile, vain, void, empty, ineffective, lifeless",N1
空ろ,うつろ,"blank, cavity, hollow, empty (space)",N1
空腹,くうふく,hunger,N1
空間,あきま,"vacancy, room for rent or lease",N1
突っ張る,つっぱる,"to support, to become stiff, to become taut, to thrust (ones opponent), to stick to (ones opinion), to in",N1
突如,とつじょ,"suddenly, all of a sudden",N1
突破,とっぱ,"breaking through, breakthrough, penetration",N1
窒息,ちっそく,suffocation,N1
窮乏,きゅうぼう,poverty,N1
窮屈,きゅうくつ,"narrow, tight, stiff, rigid, uneasy, formal, constrained",N1
立ち寄る,たちよる,"to stop by, to drop in for a short visit",N1
立体,りったい,solid body,N1
立方,たちかた,dancing (geisha),N1
立法,りっぽう,"legislation, lawmaking",N1
竿,さお,"rod, pole (e.g. for drying laundry)",N1
第,だい,ordinal,N1
第一,だいいち,"first, foremost, # N1",N1
筈,はず,it should be so,N1
等級,とうきゅう,"grade, class",N1
筒,つつ,"pipe, tube",N1
答え,こたえ,"answer, response",N1
策,さく,"plan, policy",N1
箇所,かしょ,"passage, place, point, part",N1
箇条書き,かじょうがき,"itemized form, itemization",N1
箇箇,ここ,"individual, separate",N1
箪笥,たんす,chest of drawers,N1
築く,きずく,"to build, to pile up, to amass",N1
篭る,こもる,"to seclude oneself, to be confined in, to be implied, to be stuffy",N1
簡易,かんい,"simplicity, easiness, quasi-",N1
簡潔,かんけつ,"brevity, conciseness, simplicity",N1
簡素,かんそ,"simplicity, plain",N1
籤引,くじびき,"lottery, drawn lot",N1
粉々,こなごな,in very small pieces,N1
粉末,ふんまつ,fine powder,N1
粋,いき,"chic, style, purity, essence",N1
粗筋,あらすじ,"outline, summary",N1
粘り,ねばり,"stickyness, viscosity",N1
粘る,ねばる,"to be sticky, to be adhesive, to persevere, to persist, to stick to",N1
粥,かゆ,(rice) gruel,N1
精密,せいみつ,"precise, exact, detailed, minute, close",N1
精巧,せいこう,"elaborate, delicate, exquisite",N1
系,けい,"system, lineage, group",N1
納まる,おさまる,"to be obtained, to end, to settle into, to fit into, to be settled, to be paid, to be delivered",N1
納入,のうにゅう,"payment, supply",N1
紛らわしい,まぎらわしい,"confusing, misleading, equivocal, ambiguous",N1
紛れる,まぎれる,"to be diverted, to slip into",N1
紛争,ふんそう,"dispute, trouble, strife",N1
紛失,ふんしつ,losing something,N1
素っ気ない,そっけない,"cold, short, curt, blunt",N1
素敵,すてき,"lovely, dreamy, beautiful, great, fantastic, superb, cool, capital",N1
素早い,すばやい,"fast, quick, prompt, agile",N1
素朴,そぼく,"simplicity, artlessness, naivete",N1
素材,そざい,"raw materials, subject matter",N1
紡績,ぼうせき,spinning,N1
細やか,こまやか,friendly,N1
細工,さいく,"work, craftsmanship, tactics, trick",N1
細胞,さいぼう,cell (biology),N1
細菌,さいきん,"bacillus, bacterium, germ",N1
紳士,しんし,gentleman,N1
終わる,おわる,"to finish, to close",N1
終始,しゅうし,"beginning and end, from beginning to end, doing a thing from beginning to end",N1
終日,しゅうじつ,all day,N1
組み合わせ,くみあわせ,combination,N1
組み合わせる,くみあわせる,"to join together, to combine, to join up",N1
組み込む,くみこむ,"to insert, to include, to cut in (printing)",N1
経る,へる,"to pass, to elapse, to experience",N1
経歴,けいれき,"personal history, career",N1
経緯,いきさつ,"N1. details, whole story, sequence of events, particulars, how it started, how things got this way, N2. c",N1
経費,けいひ,"expenses, cost, outlay",N1
経路,けいろ,"course, route, channel",N1
経過,けいか,"passage, expiration, progress",N1
結び,むすび,"ending, conclusion, union",N1
結び付き,むすびつき,"connection, relation",N1
結び付く,むすびつく,"to be connected or related, to join together",N1
結び付ける,むすびつける,"to combine, to join, to tie on, to attach with a knot",N1
結合,けつごう,"combination, union",N1
結成,けっせい,formation,N1
結晶,けっしょう,"crystal, crystallization",N1
結束,けっそく,"union, unity",N1
結核,けっかく,"tuberculosis, tubercule",N1
絡む,からむ,"to entangle, to entwine",N1
給う,たまう,"to receive, to grant",N1
給仕,きゅうじ,"office boy (girl), page, waiter",N1
給食,きゅうしょく,"school lunch, providing a meal",N1
絨毯,じゅうたん,carpet,N1
統制,とうせい,"regulation, control",N1
統合,とうごう,"integration, unification, synthesis",N1
統治,とうじ,"rule, reign, government, governing",N1
統率,とうそつ,"command, lead, generalship, leadership",N1
絶える,たえる,"to die out, to peter out, to become extinct",N1
絶つ,たつ,"to sever, to cut off, to suppress, to abstain (from)",N1
絶望,ぜつぼう,"despair, hopelessness",N1
絶版,ぜっぱん,out of print,N1
継ぎ目,つぎめ,"a joint, joining point",N1
継ぐ,つぐ,to succeed,N1
網,あみ,"net, network",N1
綴じる,とじる,"to bind, to file",N1
綻びる,ほころびる,"to come apart at the seams, to begin to open, to smile broadly",N1
緊急,きんきゅう,"urgent, pressing, emergency",N1
総,そう,"whole, all, general, gross",N1
総会,そうかい,general meeting,N1
総合,そうごう,"synthesis, coordination, putting together, integration, composite",N1
締め切り,しめきり,"closing, cut-off, end, deadline, Closed, No Entrance",N1
編,へん,"compilation, editing, completed poem, book, part of book",N1
緩む,ゆるむ,"to become loose, to slacken",N1
緩める,ゆるめる,"to loosen, to slow down",N1
緩やか,ゆるやか,lenient,N1
緩和,かんわ,"relief, mitigation",N1
練る,ねる,"to knead, to work over, to polish up",N1
縁側,えんがわ,"veranda, porch, balcony, open corridor",N1
縁談,えんだん,"marriage proposal, engagement",N1
縮まる,ちぢまる,"to be shortened, to be contracted, to shrink",N1
繁栄,はんえい,"prospering, prosperity, thriving, flourishing",N1
繁殖,はんしょく,"breed, multiply, increase, propagation",N1
繁盛,はんじょう,"prosperity, flourishing, thriving",N1
繊維,せんい,"fibre, fiber, textile",N1
織,おり,"weave, weaving, woven item",N1
織る,おる,to weave,N1
織物,おりもの,"textile, fabric",N1
繕う,つくろう,"to mend, to repair, to fix, to patch up, to darn, to tidy up, to adjust, to trim",N1
纏まり,まとまり,"conclusion, settlement, consistency",N1
纏め,まとめ,"settlement, conclusion",N1
罰,ばち,"(divine) punishment, curse, retribution",N1
罵る,ののしる,"to speak ill of, to abuse",N1
美,び,beauty,N1
美味しい,おいしい,"delicious, tasty",N1
美術,びじゅつ,"art, fine arts",N1
群,ぐん,group (math),N1
群がる,むらがる,"to swarm, to gather",N1
群集,ぐんしゅう,"(social) group, crowd, throng, mob, multitude",N1
義理,ぎり,"duty, sense of duty, honor, decency, courtesy, debt of gratitude, social obligation",N1
老いる,おいる,"to age, to grow old",N1
老ける,ふける,to age,N1
老衰,ろうすい,"senility, senile decay",N1
考古学,こうこがく,archaeology,N1
而も,しかも,"moreover, furthermore, nevertheless, and yet",N1
耐える,たえる,"to bear, to endure",N1
耕作,こうさく,"cultivation, farming",N1
耳鼻科,じびか,otolaryngology,N1
聖書,せいしょ,"Bible, scriptures",N1
聞き取り,ききとり,listening comprehension,N1
聳える,そびえる,"to rise, to tower, to soar",N1
聴覚,ちょうかく,the sense of hearing,N1
聴診器,ちょうしんき,stethoscope,N1
聴講,ちょうこう,"lecture attendance, auditing",N1
職務,しょくむ,professional duties,N1
職員,しょくいん,"staff member, personnel",N1
肉体,にくたい,"the body, the flesh",N1
肉親,にくしん,"blood relationship, blood relative",N1
肝心,かんじん,"essential, fundamental, crucial, vital, main",N1
股,また,"groin, crotch, thigh",N1
肥料,ひりょう,"manure, fertilizer",N1
育ち,そだち,"breeding, growth",N1
育成,いくせい,"rearing, training, nurture, cultivation, promotion",N1
肺,はい,lung,N1
背く,そむく,"to run counter to, to go against, to disobey, to infringe",N1
背後,はいご,"back, rear",N1
背景,はいけい,"background, scenery, setting, circumstance",N1
胴,どう,"trunk, body, frame",N1
脂肪,しぼう,"fat, grease, blubber",N1
脅かす,おどかす,"to threaten, to coerce",N1
脅す,おどす,"to threaten, to menace",N1
脅迫,きょうはく,"threat, menace, coercion, terrorism",N1
脆い,もろい,"brittle, fragile, tender-hearted",N1
脈,みゃく,pulse,N1
脚本,きゃくほん,scenario,N1
脚色,きゃくしょく,dramatization (e.g. film),N1
脱する,だっする,"to escape from, to get out",N1
脱出,だっしゅつ,escape,N1
脱退,だったい,secession,N1
脳,のう,"brain, memory",N1
腐敗,ふはい,"decay, depravity",N1
腕前,うでまえ,"ability, skill, facility",N1
腫れる,はれる,"to swell (from inflammation), to become swollen",N1
腸,ちょう,"guts, bowels, intestines",N1
腹立ち,はらだち,anger,N1
腿,もも,"thigh, femur",N1
膜,まく,"membrane, film",N1
膨れる,ふくれる,"to get cross, to get sulky, to swell (out), to expand, to be inflated, to distend, to bulge",N1
膨脹,ぼうちょう,"expansion, swelling, increase, growth",N1
膳,ぜん,"(small) table, tray, meal",N1
臆病,おくびょう,"cowardice, timidity",N1
臍,へそ,"navel, belly-button",N1
臨む,のぞむ,"to look out on, to face, to deal with, to attend (function)",N1
自ずから,おのずから,"naturally, as a matter of course",N1
自主,じしゅ,"independence, autonomy",N1
自信,じしん,self-confidence,N1
自動詞,じどうし,intransitive verb (no direct obj),N1
自在,じざい,"freely, at will",N1
自尊心,じそんしん,"self-respect, conceit",N1
自己,じこ,"self, oneself",N1
自惚れ,うぬぼれ,"pretension, conceit, hubris",N1
自我,じが,"self, the ego",N1
自立,じりつ,"independence, self-reliance",N1
自覚,じかく,self-conscious,N1
自転,じてん,"rotation, spin",N1
自首,じしゅ,"surrender, give oneself up",N1
至って,いたって,"very much, exceedingly, extremely",N1
興じる,きょうじる,"to amuse oneself, to make merry",N1
興奮,こうふん,"excitement, stimulation, agitation, arousal",N1
興業,こうぎょう,industrial enterprise,N1
舗装,ほそう,"pavement, road surface",N1
舞う,まう,"to dance, to flutter about, to revolve",N1
航海,こうかい,"sail, voyage",N1
船舶,せんぱく,ship,N1
良い,いい,good,N1
良好,りょうこう,"favorable, satisfactory",N1
良心,りょうしん,conscience,N1
良識,りょうしき,good sense,N1
良質,りょうしつ,"good quality, superior quality",N1
色々,いろいろ,various,N1
色彩,しきさい,"colour, hue, tints",N1
芝,しば,"lawn, sod, turf",N1
花びら,はなびら,(flower) petal,N1
花壇,かだん,flower bed,N1
花粉,かふん,pollen,N1
苗,なえ,rice seedling,N1
苛々,いらいら,"getting nervous, irritation",N1
苛める,いじめる,"to tease, to torment, to persecute, to chastise",N1
若し,もし,"if, in case, supposing",N1
若しかしたら,もしかしたら,"perhaps, maybe, by some chance",N1
若しかして,もしかして,"perhaps, possibly",N1
若しかすると,もしかすると,"perhaps, maybe, by some chance",N1
若しくは,もしくは,"or, otherwise",N1
若しも,もしも,if,N1
若干,じゃっかん,"some, few, number of",N1
苦しめる,くるしめる,"to torment, to harass, to inflict pain",N1
英字,えいじ,English letter (character),N1
英雄,えいゆう,"hero, great man",N1
茎,くき,stalk,N1
茶の湯,ちゃのゆ,tea ceremony,N1
茶の間,ちゃのま,living room (Japanese style),N1
茹でる,ゆでる,to boil,N1
草臥れる,くたびれる,"to get tired, to wear out",N1
荒っぽい,あらっぽい,"rough, rude",N1
荒らす,あらす,"to lay waste, to devastate, to damage, to invade, to break into",N1
荒廃,こうはい,ruin,N1
荷,に,"load, baggage, cargo",N1
荷造り,にづくり,"packing, baling, crating",N1
華々しい,はなばなしい,"brilliant, magnificent, spectacular",N1
華やか,はなやか,"gay, showy, brilliant, gorgeous, florid",N1
華奢,かしゃ,"luxury, pomp, delicate, slender, gorgeous",N1
華美,かび,"pomp, splendor, gaudiness",N1
萎びる,しなびる,"to wilt, to fade",N1
萎む,しぼむ,"to wither, to fade (away), to shrivel, to wilt",N1
落ちる,おちる,"to fail (e.g. exam), to fall down, to drop",N1
落ち着き,おちつき,"calm, composure",N1
落ち葉,おちば,"fallen leaves, leaf litter, defoliation, shedding leaves",N1
落ち込む,おちこむ,"to fall into, to feel down (sad)",N1
落とす,おとす,"to drop, to lose, to let fall",N1
落下,らっか,"fall, drop, come down",N1
著,ちゃく,"counter for suits of clothing, arriving at ..",N1
著しい,いちじるしい,"remarkable, considerable",N1
著名,ちょめい,"well-known, noted, celebrated",N1
著書,ちょしょ,"literary work, book",N1
葦,よし,"reed, bulrush",N1
葬る,ほうむる,"to bury, to inter, to entomb, to consign to oblivion, to shelve",N1
蒸留,じょうりゅう,distillation,N1
蓄積,ちくせき,"accumulation, accumulate, store",N1
蓮,はす,lotus,N1
蔵,くら,"warehouse, cellar, magazine, granary, godown, depository, treasury, elevator",N1
蔵相,ぞうしょう,Minister of Finance,N1
蕩ける,とろける,to be enchanted with,N1
蕾,つぼみ,"bud, flower bud",N1
薄弱,はくじゃく,"feebleness, weakness, weak",N1
藁,わら,straw,N1
藍褸,ぼろ,"rag, scrap, tattered clothes, fault (esp. in a pretense), defect, run-down or junky",N1
藻掻く,もがく,"to struggle, to wriggle, to be impatient",N1
蛋白質,たんぱくしつ,protein,N1
蜂蜜,はちみつ,honey,N1
蜜,みつ,"nectar, honey",N1
蝶,ちょう,butterfly,N1
融資,ゆうし,"financing, loan",N1
融通,ゆうずう,"lending (money), accommodation, adaptability, versatility, finance",N1
血管,けっかん,blood vessel,N1
衆,しゅう,"masses, great number, the people",N1
衆議院,しゅうぎいん,"Lower House, House of Representatives",N1
行,ぎょう,"line, row, verse",N1
行い,おこない,"deed, conduct, behavior, action, asceticism",N1
行き成り,いきなり,suddenly,N1
行き違い,いきちがい,"misunderstanding, estrangement, disagreement, crossing without meeting, going astray",N1
行員,こういん,bank clerk,N1
行政,ぎょうせい,administration,N1
行為,こうい,"act, deed, conduct",N1
行進,こうしん,"march, parade",N1
街道,かいどう,highway,N1
街頭,がいとう,in the street,N1
衛生,えいせい,"health, hygiene, sanitation, medical",N1
衝撃,しょうげき,"shock, crash, impact, ballistic",N1
衣料,いりょう,clothing,N1
衣装,いしょう,"clothing, costume, outfit, garment, dress",N1
衣類,いるい,"clothes, clothing, garments",N1
衰える,おとろえる,"to become weak, to decline, to wear, to abate, to decay, to wither, to waste away",N1
裁く,さばく,to judge,N1
裂ける,さける,"to split, to tear, to burst",N1
装備,そうび,equipment,N1
装飾,そうしょく,ornament,N1
裏返し,うらがえし,"inside out, upside down",N1
補償,ほしょう,"compensation, reparation",N1
補充,ほじゅう,"supplementation, supplement, replenishment, replenishing",N1
補助,ほじょ,"assistance, support, aid, auxiliary",N1
補強,ほきょう,"compensation, reinforcement",N1
補給,ほきゅう,"supply, supplying, replenishment",N1
補足,ほそく,"supplement, complement",N1
裸足,はだし,barefoot,N1
製,せい,#NAME?,N1
製法,せいほう,"manufacturing method, recipe, formula",N1
製鉄,せいてつ,iron manufacture,N1
裾,すそ,"(trouser) cuff, (skirt) hem, cut edge of a hairdo, foot of mountain",N1
複合,ふくごう,"composite, complex",N1
褒美,ほうび,"reward, prize",N1
襟,えり,"neck, collar, lapel, neckband",N1
襲う,おそう,to attack,N1
襲撃,しゅうげき,"attack, charge, raid",N1
西日,にしび,westering sun,N1
要する,ようする,"to demand, to require, to take",N1
要因,よういん,"primary factor, main cause",N1
要望,ようぼう,"demand for, request",N1
要請,ようせい,"claim, demand, request, application",N1
覆す,くつがえす,"to overturn, to upset, to overthrow, to undermine",N1
覆面,ふくめん,"mask, veil, disguise",N1
見すぼらしい,みすぼらしい,"shabby, seedy",N1
見せびらかす,みせびらかす,"to show off, to flaunt",N1
見せ物,みせもの,"show, exhibition",N1
見っともない,みっともない,"shameful, indecent",N1
見合い,みあい,formal marriage interview,N1
見合わせる,みあわせる,"to exchange glances, to postpone, to suspend operations, to refrain from performing an action",N1
見地,けんち,point of view,N1
見掛ける,みかける,"to (happen to) see, to notice, to catch sight of",N1
見方,みかた,viewpoint,N1
見晴らし,みはらし,view,N1
見渡す,みわたす,"to look out over, to survey (scene), to take an extensive view of",N1
見積り,みつもり,"estimation, quotation",N1
見舞,みまい,"enquiry, expression of sympathy, expression of concern",N1
見苦しい,みぐるしい,"unsightly, ugly",N1
見落とす,みおとす,"to overlook, to fail to notice",N1
見込み,みこみ,"hope, prospects, expectation",N1
見逃す,みのがす,"to miss, to overlook, to leave at large",N1
見通し,みとおし,"perspective, unobstructed view, outlook, forecast, prospect, insight",N1
規制,きせい,regulation,N1
規定,きてい,"regulation, provisions",N1
規格,きかく,"standard, norm",N1
規模,きぼ,"scale, scope, plan, structure",N1
規範,きはん,"model, standard, pattern, norm, criterion, example",N1
規約,きやく,"agreement, rules, code",N1
視察,しさつ,"inspection, observation",N1
視点,してん,"opinion, point of view, visual point",N1
視覚,しかく,"sense of sight, vision",N1
視野,しや,"field of vision, outlook",N1
覚え,おぼえ,"memory, sense, experience",N1
親しむ,したしむ,"to be intimate with, to befriend",N1
親善,しんぜん,friendship,N1
観,かん,"look, appearance, spectacle",N1
観点,かんてん,point of view,N1
観衆,かんしゅう,"spectators, onlookers, members of the audience",N1
観覧,かんらん,viewing,N1
解剖,かいぼう,"dissection, autopsy",N1
解除,かいじょ,"cancellation, rescinding, release, calling off",N1
言い訳,いいわけ,"excuse, explanation",N1
言伝,ことづて,"declaration, hearsay",N1
言論,げんろん,discussion,N1
訂正,ていせい,"correction, revision",N1
計器,けいき,"meter, gauge",N1
討論,とうろん,"debate, discussion",N1
討議,とうぎ,"debate, discussion",N1
記す,しるす,"to note, to write down",N1
記名,きめい,"signature, register",N1
記載,きさい,"mention, entry",N1
記述,きじゅつ,"describing, descriptor",N1
訪れる,おとずれる,to visit,N1
設ける,もうける,"to create, to establish",N1
設定,せってい,"establishment, creation",N1
設立,せつりつ,"establishment, foundation, institution",N1
設置,せっち,"establishment, institution",N1
許容,きょよう,"permission, pardon",N1
訴え,うったえ,"lawsuit, complaint",N1
訴訟,そしょう,"litigation, lawsuit",N1
診療,しんりょう,"medical examination and treatment, diagnosis",N1
証,あかし,"proof, evidence",N1
証人,しょうにん,witness,N1
証拠,しょうこ,"evidence, proof",N1
証言,しょうげん,"evidence, testimony",N1
詐欺,さぎ,"fraud, swindle",N1
試み,こころみ,"trial, experiment",N1
試みる,こころみる,"to try, to test",N1
詫び,わび,apology,N1
詰まり,つまり,"in short, in brief, in other words, that is to say, in the long run, after all, blockade, stuffing, ultimate",N1
詰らない,つまらない,"insignificant, boring, trifling",N1
詰る,なじる,"to rebuke, to scold, to tell off",N1
話し合い,はなしあい,"discussion, conference",N1
該当,がいとう,"corresponding, answering to, coming under",N1
詳細,しょうさい,"detail, particulars",N1
誂える,あつらえる,"to give an order, to place an order",N1
誇る,ほこる,"to boast of, to be proud of",N1
誇張,こちょう,exaggeration,N1
認識,にんしき,"recognition, cognizance",N1
誘導,ゆうどう,"guidance, leading, induction, introduction, incitement, inducement",N1
誘惑,ゆうわく,"temptation, allurement, lure",N1
語句,ごく,"words, phrases",N1
語彙,ごい,"vocabulary, glossary",N1
語源,ごげん,"word root, word derivation, etymology",N1
誠,まこと,"truth, faith, fidelity, sincerity, trust, confidence, reliance, devotion",N1
誠実,せいじつ,"sincere, honest, faithful",N1
誤る,あやまる,to make a mistake,N1
誤差,ごさ,error,N1
誤魔化す,ごまかす,"to deceive, to falsify, to misrepresent",N1
説く,とく,"to explain, to advocate, to preach, to persuade",N1
説得,せっとく,persuasion,N1
読み上げる,よみあげる,"to read out loud (and clearly), to call a roll",N1
読者,どくしゃ,reader,N1
課外,かがい,extracurricular,N1
課題,かだい,"subject, theme, task",N1
調べ,しらべ,"preparation, investigation, inspection",N1
調停,ちょうてい,"arbitration, conciliation, mediation",N1
調印,ちょういん,"signature, sign, sealing",N1
調和,ちょうわ,harmony,N1
調理,ちょうり,cooking,N1
諄い,くどい,"verbose, importunate, heavy (taste)",N1
論理,ろんり,logic,N1
論議,ろんぎ,discussion,N1
諦め,あきらめ,"resignation, acceptance, consolation",N1
諮る,はかる,"to consult with, to confer",N1
諸,しょ,"various, many, several",N1
諸君,しょくん,"Gentlemen!, Ladies!",N1
謙る,へりくだる,to deprecate oneself and praise the listener,N1
講習,こうしゅう,"short course, training",N1
講読,こうどく,"reading, translation",N1
謝絶,しゃぜつ,refusal,N1
警戒,けいかい,"warning, admonition, vigilance",N1
警部,けいぶ,police inspector,N1
議事堂,ぎじどう,Diet building,N1
議案,ぎあん,legislative bill,N1
議決,ぎけつ,"resolution, decision, vote",N1
議題,ぎだい,"topic of discussion, agenda",N1
譲歩,じょうほ,"concession, conciliation, compromise",N1
護衛,ごえい,"guard, convoy, escort",N1
豊作,ほうさく,"abundant harvest, bumper crop",N1
象徴,しょうちょう,symbol,N1
貝殻,かいがら,shell,N1
負う,おう,"to bear, to owe",N1
負かす,まかす,to defeat,N1
負債,ふさい,"debt, liabilities",N1
負傷,ふしょう,"injury, wound",N1
負担,ふたん,"burden, charge, responsibility",N1
財,ざい,"fortune, riches",N1
財政,ざいせい,"economy, financial affairs",N1
財源,ざいげん,"source of funds, resources, finances",N1
貧乏,びんぼう,"poverty, destitute, poor",N1
貧困,ひんこん,"poverty, lack",N1
貧弱,ひんじゃく,"poor, meagre, insubstantial",N1
貨幣,かへい,"money, currency, coinage",N1
貫く,つらぬく,to go through,N1
貫禄,かんろく,"presence, dignity",N1
責務,せきむ,"duty, obligation",N1
貯蓄,ちょちく,savings,N1
貴い,たっとい,"precious, valuable, priceless, noble, exalted, sacred",N1
貴女,あなた,"you, lady",N1
貴族,きぞく,"noble, aristocrat",N1
貶す,けなす,to speak ill of,N1
費,ひ,"cost, expense",N1
費やす,ついやす,"to spend, to devote, to waste",N1
賃金,ちんぎん,wages,N1
賄う,まかなう,"to give board to, to provide meals, to pay",N1
資格,しかく,"qualifications, requirements, capabilities",N1
資産,しさん,"property, fortune, means, assets",N1
資金,しきん,"funds, capital",N1
賑わう,にぎわう,"to prosper, to flourish, to do thriving business, to be crowded with people",N1
賛美,さんび,"praise, adoration, glorification",N1
賜る,たまわる,"to grant, to bestow",N1
賠償,ばいしょう,"reparations, indemnity, compensation",N1
賢明,けんめい,"wisdom, intelligence, prudence",N1
質疑,しつぎ,question,N1
質素,しっそ,"simplicity, modesty, frugality",N1
賭け,かけ,"betting, gambling, a gamble",N1
賭ける,かける,"to wager, to bet, to risk, to stake, to gamble",N1
購入,こうにゅう,"purchase, buy",N1
購読,こうどく,subscription (e.g. magazine),N1
購買,こうばい,"purchase, buy",N1
贋物,がんぶつ,"imitation, counterfeit, forgery, sham",N1
赤ちゃん,あかちゃん,"baby, infant",N1
赤らむ,あからむ,"to become red, to redden, to blush",N1
赤字,あかじ,"deficit, go in the red",N1
走行,そうこう,"running a wheeled vehicle (e.g. car), traveling",N1
赴く,おもむく,"to go, to proceed, to repair to, to become",N1
赴任,ふにん,(proceeding to) new appointment,N1
起こす,おこす,"to raise, to cause, to wake someone",N1
起伏,きふく,undulation,N1
起源,きげん,"origin, beginning, rise",N1
起点,きてん,starting point,N1
超,ちょう,"super-, ultra-, hyper-",N1
趣,おもむき,"meaning, tenor, gist, effect, appearance, taste, grace, charm, refinement",N1
趣旨,しゅし,"object, meaning",N1
足し算,たしざん,addition,N1
距離,きょり,"distance, range",N1
跡切れる,とぎれる,"to pause, to be interrupted",N1
跡継ぎ,あとつぎ,"heir, successor",N1
跨がる,またがる,"to extend over or into, to straddle",N1
跨ぐ,またぐ,to straddle,N1
踏まえる,ふまえる,"to be based on, to have origin in",N1
踵,かかと,(shoe) heel,N1
蹴飛ばす,けとばす,"to kick away, to kick off, to kick (someone), to refuse, to reject",N1
躊躇う,ためらう,to hesitate,N1
躓く,つまずく,"to stumble, to trip",N1
身なり,みなり,personal appearance,N1
身振り,みぶり,gesture,N1
身近,みぢか,"near oneself, close to one, familiar",N1
躾,しつけ,"home discipline, training, upbringing, breeding",N1
軈て,やがて,"before long, soon, at length",N1
軋む,きしむ,"to jar, to creak, to grate",N1
軌道,きどう,"orbit, railroad track",N1
軍事,ぐんじ,military affairs,N1
軍備,ぐんび,"armaments, military preparations",N1
軍服,ぐんぷく,military or naval uniform,N1
軍艦,ぐんかん,"warship, battleship",N1
軒並み,のきなみ,row of houses,N1
転じる,てんじる,"to turn, to shift, to alter, to distract",N1
転任,てんにん,change of post,N1
転勤,てんきん,"transfer, transmission",N1
転回,てんかい,"revolution, rotation",N1
転居,てんきょ,"moving, changing residence",N1
転換,てんかん,"convert, divert",N1
転校,てんこう,change schools,N1
転落,てんらく,"fall, degradation, slump",N1
転転,てんてん,"rolling about, moving from place to place, being passed around repeatedly",N1
軸,じく,"axis, stem, shaft, axle",N1
軽快,けいかい,"rhythmical (e.g. melody), casual (e.g. dress), light, nimble",N1
軽減,けいげん,abatement,N1
軽率,けいそつ,"rash, thoughtless, careless, hasty",N1
軽蔑,けいべつ,"scorn, disdain",N1
辛うじて,かろうじて,"barely, narrowly, just manage to do st",N1
辛抱,しんぼう,"patience, endurance",N1
辞職,じしょく,resignation,N1
辞退,じたい,refusal,N1
辟易,へきえき,"wince, shrink back, succumbing to, being frightened, disconcerted",N1
農地,のうち,agricultural land,N1
農場,のうじょう,farm (agriculture),N1
農耕,のうこう,"farming, agriculture",N1
辻褄,つじつま,"coherence, consistency",N1
込める,こめる,"to include, to put into",N1
辿り着く,たどりつく,"to grope along to, to struggle on to, to arrive somewhere after a struggle",N1
辿る,たどる,"to follow (road), to pursue (course), to follow up",N1
迅速,じんそく,"quick, fast, rapid, swift, prompt",N1
近付く,ちかづく,"to approach, to get near, to get acquainted with, to get closer",N1
近眼,きんがん,"nearsightedness, shortsightedness, myopia",N1
近視,きんし,shortsightedness,N1
近郊,きんこう,"suburbs, outskirts",N1
返る,かえる,"to return, to come back, to go back",N1
返済,へんさい,repayment,N1
返答,へんとう,reply,N1
返還,へんかん,"return, restoration",N1
迚も,とても,"very, awfully, exceedingly",N1
迫害,はくがい,persecution,N1
追い出す,おいだす,"to expel, to drive out",N1
追い込む,おいこむ,"to herd, to corner, to drive",N1
追及,ついきゅう,"gaining on, carrying out, solving (crime)",N1
追放,ついほう,"exile, banishment",N1
追跡,ついせき,pursuit,N1
退化,たいか,"degeneration, retrogression",N1
退学,たいがく,dropping out of school,N1
退治,たいじ,extermination,N1
退職,たいしょく,retirement (from office),N1
送金,そうきん,"remittance, sending money",N1
逃げ出す,にげだす,"to run away, to escape from",N1
逃す,のがす,"to let loose, to set free, to let escape",N1
逃れる,のがれる,to escape,N1
逃亡,とうぼう,escape,N1
逃走,とうそう,"flight, desertion, escape",N1
逆上る,さかのぼる,"to go back, to go upstream, to make retroactive",N1
逆立ち,さかだち,"handstand, headstand",N1
逆転,ぎゃくてん,"(sudden) change, reversal, turn-around, coming from behind (baseball)",N1
途上,とじょう,"en route, half way",N1
途中,つちゅう,"on the way, en route",N1
途絶える,とだえる,"to stop, to cease, to come to an end",N1
通,つう,"connoisseur, counter for letters",N1
通りかかる,とおりかかる,to happen to pass by,N1
通常,つうじょう,"common, general, usually",N1
逞しい,たくましい,"burly, strong, sturdy",N1
造り,つくり,"make up, structure, physique",N1
造る,つくる,"to make, to create, to manufacture, to draw up, to write, to compose, to build, to coin, to cultivate, to org",N1
連なる,つらなる,"to extend, to stretch out, to stand in a row",N1
連ねる,つらねる,"to link, to join, to put together",N1
連中,れんじゅう,"colleagues, company, a lot",N1
連休,れんきゅう,consecutive holidays,N1
連帯,れんたい,solidarity,N1
連日,れんじつ,"every day, prolonged",N1
連盟,れんめい,"league, union, alliance",N1
連邦,れんぽう,"commonwealth, federation of states",N1
進み,すすみ,progress,N1
進出,しんしゅつ,"advance, step forward",N1
進化,しんか,"evolution, progress",N1
進呈,しんてい,presentation,N1
進展,しんてん,"progress, development",N1
進度,しんど,progress,N1
進行,しんこう,advance,N1
進路,しんろ,"course, route",N1
逸らす,そらす,"to turn away, to avert",N1
遂げる,とげる,"to accomplish, to achieve, to carry out",N1
遅くとも,おそくとも,at the latest,N1
遅らす,おくらす,"to retard, to delay",N1
遅れ,おくれ,"delay, lag",N1
遊牧,ゆうぼく,nomadism,N1
運命,うんめい,fate,N1
運営,うんえい,"management, administration, operation",N1
運搬,うんぱん,"transport, carriage",N1
運用,うんよう,"making use of, application, investment, practical use",N1
運賃,うんちん,"freight rates, shipping expenses, fare",N1
運輸,うんゆ,transportation,N1
運送,うんそう,"shipping, marine transportation",N1
過ぎ,すぎ,"past, after",N1
過ち,あやまち,"fault, error, indiscretion",N1
過労,かろう,"overwork, strain",N1
過多,かた,"excess, superabundance",N1
過密,かみつ,crowded,N1
過疎,かそ,depopulation,N1
道場,どうじょう,"dojo, hall used for martial arts training, mandala",N1
達成,たっせい,achievement,N1
達者,たっしゃ,"skillful, in good health",N1
違える,ちがえる,to change,N1
遠ざかる,とおざかる,to go far off,N1
遠回り,とおまわり,"detour, roundabout way",N1
遠方,えんぽう,"long way, distant place",N1
遣い,つかい,"mission, simple task, doing",N1
遣り通す,やりとおす,"to carry through, to achieve, to complete",N1
遣る,やる,"to do, to have sexual intercourse, to kill, to give (to inferiors animals etc.), to dispatch (a letter",N1
遥か,はるか,"far, far-away, distant, remote, far off",N1
適宜,てきぎ,suitability,N1
適応,てきおう,"adaptation, accommodation, conformity",N1
適性,てきせい,aptitude,N1
遭難,そうなん,"disaster, shipwreck, accident",N1
遮る,さえぎる,"to interrupt, to intercept, to obstruct",N1
選挙,せんきょ,election,N1
選考,せんこう,"selection, screening",N1
遺跡,いせき,historic ruins (remains relics),N1
避難,ひなん,"taking refuge, finding shelter",N1
還元,かんげん,"resolution, reduction, return to origins",N1
還暦,かんれき,60th birthday,N1
邸宅,ていたく,"mansion, residence",N1
部,ぶ,"department, part, category, counter for copies of a newspaper or magazine",N1
部下,ぶか,subordinate person,N1
部門,ぶもん,"class, group, category, department, field, branch",N1
郷愁,きょうしゅう,"nostalgia, homesickness",N1
郷里,きょうり,"birth-place, home town",N1
配偶者,はいぐうしゃ,"spouse, wife, husband",N1
配分,はいぶん,"distribution, allotment",N1
配列,はいれつ,"arrangement, array (programming)",N1
配布,はいふ,distribution,N1
配慮,はいりょ,"consideration, concern, forethought",N1
配給,はいきゅう,distribution (eg. films rice),N1
配置,はいち,"arrangement (of resources), disposition",N1
酪農,らくのう,dairy (farm),N1
酷い,ひどい,"cruel, awful, severe, very bad, serious, terrible, heavy, violent",N1
酸,さん,acid,N1
酸っぱい,すっぱい,"sour, acid",N1
酸化,さんか,oxidation,N1
重,え,"-fold, -ply",N1
重んじる,おもんじる,"to respect, to honor, to esteem, to prize",N1
重んずる,おもんずる,"to honor, to respect, to esteem, to prize",N1
重宝,じゅうほう,"priceless treasure, convenience, usefulness",N1
重複,じゅうふく,"duplication, repetition, overlapping, redundancy, restoration",N1
野党,やとう,opposition party,N1
野外,やがい,"fields, outskirts, open air, suburbs",N1
野心,やしん,"ambition, aspiration, designs, treachery",N1
野生,やせい,wild,N1
金槌,かなづち,"N1. (iron) hammer, N2. punishment",N1
釣り,つり,"fishing, angling",N1
釣鐘,つりがね,hanging bell,N1
鈍る,なまる,"to become less capable, to grow dull, to become blunt, to weaken",N1
鈍感,どんかん,"thickheadedness, stolidity",N1
鉄棒,かなぼう,"iron rod, crowbar, horizontal bar (gymnastics)",N1
鉄片,てっぺん,iron scraps,N1
鉄鋼,てっこう,iron and steel,N1
鉛,なまり,lead (the metal),N1
鉱山,こうざん,mine (ore),N1
鉱業,こうぎょう,mining industry,N1
鋏,はさみ,scissors,N1
鋸,のこぎり,saw,N1
錆び,さび,rust (colour),N1
錯覚,さっかく,"optical illusion, hallucination",N1
錯誤,さくご,mistake,N1
鍛える,きたえる,"to forge, to drill, to temper, to train, to discipline",N1
長,おさ,"chief, head",N1
長々,ながなが,"long, drawn-out, very long",N1
長大,ちょうだい,"very long, great length",N1
長官,ちょうかん,"chief, (government) secretary",N1
長編,ちょうへん,long (e.g. novel film),N1
長閑,のどか,"tranquil, calm, quiet",N1
閉口,へいこう,shut mouth,N1
閉鎖,へいさ,"closing, closure, shutdown, lockout, unsociable",N1
開催,かいさい,"holding a meeting, open an exhibition",N1
開拓,かいたく,"reclamation (of wasteland), cultivation, pioneer",N1
開発,かいはつ,"development, exploitation",N1
間々,まま,"occasionally, frequently",N1
間もなく,まもなく,"soon, before long, in a short time",N1
間柄,あいだがら,relation(ship),N1
間違う,まちがう,"to make a mistake, to be incorrect, to be mistaken",N1
関与,かんよ,"participation, taking part in, participating in, being concerned in",N1
関税,かんぜい,"customs, duty, tariff",N1
閲覧,えつらん,"inspection, reading",N1
闇,やみ,"darkness, the dark, black-marketeering, dark, shady, illegal",N1
防火,ぼうか,"fire prevention, fire fighting, fire proof",N1
防衛,ぼうえい,"defense, protection, self-defense",N1
阻む,はばむ,"to keep someone from doing, to stop, to prevent, to check, to hinder, to obstruct, to oppose, to thwart",N1
阻止,そし,"obstruction, check, hindrance, prevention, interdiction",N1
降伏,こうふく,"capitulation, surrender, submission",N1
降水,こうすい,"rainfall, precipitation",N1
限定,げんてい,"limit, restriction",N1
除外,じょがい,"exception, exclusion",N1
陰気,いんき,"gloom, melancholy",N1
陳列,ちんれつ,"exhibition, display, show",N1
陶器,とうき,"pottery, ceramics",N1
階,かい,#NAME?,N1
階層,かいそう,"class, level, stratum, hierarchy",N1
階級,かいきゅう,"class, rank, grade",N1
隔たる,へだたる,to be distant,N1
隔週,かくしゅう,every other week,N1
障る,さわる,"to hinder, to interfere with, to affect, to do one harm, to be harmful to",N1
隠居,いんきょ,"retirement, retired person",N1
雄,おす,male (animal),N1
雅致,がち,"artistry, good taste, elegance, grace",N1
集まる,あつまる,"to gather, to collect, to assemble",N1
集計,しゅうけい,"totalization, aggregate",N1
雇用,こよう,"employment (long term), hire",N1
雌,めす,female (animal),N1
雑,ざつ,"rough, crude",N1
雑木,ざつぼく,"various kinds of small trees, assorted trees",N1
雑談,ざつだん,"chatting, idle talk",N1
雑貨,ざっか,"miscellaneous goods, general goods, sundries",N1
雛,ひな,"young bird, chick, doll",N1
難,なん,"difficulty, hardships, defect",N1
難い,かたい,"difficult, hard",N1
雨具,あまぐ,rain gear,N1
雨天,うてん,rainy weather,N1
雪崩,なだれ,avalanche,N1
雫,しずく,drop (of water),N1
零す,こぼす,to spill,N1
零れる,こぼれる,"to overflow, to spill",N1
電源,でんげん,"source of electricity, power (button on TV etc.)",N1
電線,でんせん,electric line,N1
震わせる,ふるわせる,"to be shaking, to be trembling",N1
霞む,かすむ,"to grow hazy, to be misty",N1
露,つゆ,dew,N1
露骨,ろこつ,"N1. frank, blunt, plain, outspoken, N2. conspicuous, open, N3. broad, suggestive",N1
青春,せいしゅん,"youth, springtime of life, adolescent",N1
静止,せいし,"stillness, repose, standing still",N1
静的,せいてき,static,N1
非,ひ,"faulty-, non-",N1
非行,ひこう,"delinquency, misconduct",N1
非難,ひなん,"blame, attack, criticism",N1
面する,めんする,"to face on, to look out on to",N1
面会,めんかい,interview,N1
面白い,おもしろい,"interesting, amusing",N1
面皰,にきび,"pimple, acne",N1
面目,めんぼく,"face, honour, reputation, prestige, dignity, credit",N1
革命,かくめい,revolution,N1
革新,かくしん,"reform, innovation",N1
鞠,まり,ball,N1
音色,おんいろ,"tone color, tone quality, timbre, synthesizer patch",N1
頂,いただき,"(top of) head, summit, spire",N1
預金,よきん,"deposit, bank account",N1
頑丈,がんじょう,"solid, firm, stout, burly, strong, sturdy",N1
頑固,がんこ,"stubbornness, obstinacy",N1
領土,りょうど,"dominion, territory, possession",N1
領地,りょうち,"territory, dominion",N1
領域,りょういき,"area, domain, territory, field, region, regime",N1
領海,りょうかい,territorial waters,N1
頬っぺた,ほっぺた,cheek,N1
頻りに,しきりに,"frequently, repeatedly, incessantly, eagerly",N1
頻繁,ひんぱん,frequency,N1
頼み,たのみ,"request, favor, reliance, dependence",N1
顎,あご,chin,N1
顔付き,かおつき,"(outward) looks, features, face, countenance, expression",N1
願書,がんしょ,written application or petition,N1
類,たぐい,a kind,N1
類似,るいじ,analogous,N1
類推,るいすい,analogy,N1
顧みる,かえりみる,"to look back, to turn around, to review",N1
風俗,ふうぞく,"N1. manners, customs, N2. sex service, sex industry",N1
風土,ふうど,"natural features, topography, climate, spiritual features",N1
風習,ふうしゅう,custom,N1
風車,かざぐるま,"N1. windmill, N2. pinwheel",N1
食い違う,くいちがう,"to cross each other, to run counter to, to differ, to clash, to go awry",N1
飲み込む,のみこむ,"to gulp down, to swallow deeply, to understand, to take in, to catch on to, to learn, to digest",N1
飼育,しいく,"breeding, raising, rearing",N1
飽和,ほうわ,saturation,N1
養う,やしなう,"to rear, to maintain, to cultivate",N1
養成,ようせい,"training, development",N1
養護,ようご,"protection, nursing, protective care",N1
館,かん,"house, hall, building, hotel, inn, guesthouse",N1
饂飩,うどん,noodles (Japanese),N1
首脳,しゅのう,"head, brains",N1
首輪,くびわ,"necklace, choker",N1
首飾り,くびかざり,necklace,N1
香辛料,こうしんりょう,spices,N1
馬鹿らしい,ばからしい,absurd,N1
馬鹿馬鹿しい,ばかばかしい,stupid,N1
馴らす,ならす,"to domesticate, to tame",N1
馴れ馴れしい,なれなれしい,over-familiar,N1
駄作,ださく,"poor work, rubbish",N1
駆けっこ,かけっこ,(foot) race,N1
駆ける,かける,"to run (race esp. horse), to gallop, to canter",N1
駆け足,かけあし,"running fast, double time",N1
騒動,そうどう,"strife, riot, rebellion",N1
騙す,だます,"to trick, to cheat, to deceive",N1
驚き,おどろき,"surprise, astonishment, wonder",N1
驚異,きょうい,"wonder, miracle",N1
骨董品,こっとうひん,curio,N1
高,たか,"quantity, amount, volume, number, amount of money",N1
高まる,たかまる,"to rise, to swell, to be promoted",N1
高原,こうげん,"tableland, plateau",N1
高尚,こうしょう,"high, noble, refined, advanced",N1
鬱陶しい,うっとうしい,"gloomy, depressing",N1
魂,こん,"soul, spirit",N1
鮮やか,あざやか,"vivid, clear, brilliant",N1
鳥居,とりい,torii (Shinto shrine archway),N1
麻,あさ,"flax, linen, hemp",N1
麻痺,まひ,"paralysis, palsy, numbness, stupor",N1
麻酔,ますい,anaesthesia,N1
黄金,おうごん,gold,N1
黒字,くろじ,balance (figure) in the black,N1
黴菌,ばいきん,"bacteria, germ(s)",N1
鼾,いびき,snoring,N1
齎らす,もたらす,"to bring, to take, to bring about",N1
,ブルー,blue,N1
