Kanji,Hiragana,English
生臭い,なまぐさい,"smelling of fish or blood, fish or meat"
構え,かまえ,"posture, pose, style"
不味い,まずい,"unappetising, unpleasant (taste appearance situation), ugly, unskilful, awkward, bungling, unwise, untime"
骨董品,こっとうひん,curio
,ブルー,blue
弾く,はじく,"to flip, to snap"
罰,ばち,"(divine) punishment, curse, retribution"
真ん丸い,まんまるい,perfectly circular
楽譜,がくふ,score (music)
折り返す,おりかえす,"to turn up, to fold back"
証,あかし,"proof, evidence"
気象,きしょう,"weather, climate"
工学,こうがく,engineering
徒歩,とほ,"walking, going on foot"
堪らない,たまらない,"intolerable, unbearable, unendurable"
近郊,きんこう,"suburbs, outskirts"
今晩は,こんばんは,good evening
分担,ぶんたん,"apportionment, sharing"
謝絶,しゃぜつ,refusal
道場,どうじょう,"dojo, hall used for martial arts training, mandala"
匹,ひき,"head, small animal counter, roll of cloth"
派,は,"clique, faction, school"
意向,いこう,"intention, idea, inclination"
記述,きじゅつ,"describing, descriptor"
怯える,おびえる,"to become frightened, to have a nightmare"
警戒,けいかい,"warning, admonition, vigilance"
派遣,はけん,"dispatch, send"
終わる,おわる,"to finish, to close"
出演,しゅつえん,"performance, stage appearance"
如何にも,いかにも,"indeed, really, phrase meaning agreement"
彼処,あそこ,"1. (uk) there, over there, that place, 2. (X) (col) genitals"
勝利,しょうり,"victory, triumph, conquest, success, win"
混血,こんけつ,"mixed race, mixed parentage"
,オンライン,on-line
進出,しんしゅつ,"advance, step forward"
鼾,いびき,snoring
,コメント,comment
良識,りょうしき,good sense
歳,さい,#NAME?
自立,じりつ,"independence, self-reliance"
漏れる,もれる,"to leak out, to escape, to come through, to shine through, to filter out, to be omitted"
くっ付ける,くっつける,to attach
国土,こくど,realm
稍,やや,"a little, partially, somewhat, a short time, a while"
彼此,あれこれ,"one thing or another, this and that, this or that"
上陸,じょうりく,"landing, disembarkation"
養う,やしなう,"to rear, to maintain, to cultivate"
,ホース,hose
,でかい,huge
不良,ふりょう,"badness, delinquent, inferiority, failure"
富豪,ふごう,"wealthy person, millionaire"
呆れる,あきれる,"to be amazed, to be shocked"
仕付ける,しつける,"to be used to a job, to begin to do, to baste, to tack, to plant"
,しいんと,"silent (as the grave), (deathly) quiet"
合わす,あわす,"to join together, to face, to unite, to be opposite, to combine, to connect, to add up, to mix, to match, to"
赴任,ふにん,(proceeding to) new appointment
叶える,かなえる,to grant (request wish)
教訓,きょうくん,"lesson, precept, moral instruction"
風習,ふうしゅう,custom
進化,しんか,"evolution, progress"
征服,せいふく,"conquest, subjugation, overcoming"
指示,しじ,"indication, instruction, directions"
修学,しゅうがく,learning
阻止,そし,"obstruction, check, hindrance, prevention, interdiction"
東,あずま,"east, Eastern Japan"
農場,のうじょう,farm (agriculture)
護衛,ごえい,"guard, convoy, escort"
押し込む,おしこむ,"to push into, to crowd into"
所で,ところで,"by the way, even if, no matter what"
中腹,ちゅうっぱら,"irritated, offended"
偶に,たまに,"occasionally, once in a while"
治まる,おさまる,"to be at peace, to clamp down, to lessen (storm terror anger)"
風土,ふうど,"natural features, topography, climate, spiritual features"
改定,かいてい,reform
誠実,せいじつ,"sincere, honest, faithful"
例,ためし,"instance, example, case, precedent, experience, custom, usage, parallel, illustration"
素敵,すてき,"lovely, dreamy, beautiful, great, fantastic, superb, cool, capital"
特技,とくぎ,special skill
格,かく,"status, character, case"
網,あみ,"net, network"
月日,がっぴ,(the) date
雅致,がち,"artistry, good taste, elegance, grace"
阻む,はばむ,"to keep someone from doing, to stop, to prevent, to check, to hinder, to obstruct, to oppose, to thwart"
曲,きょく,"tune, piece of music"
説く,とく,"to explain, to advocate, to preach, to persuade"
些事,さじ,"something small or petty, trifle"
専修,せんしゅう,specialization
交付,こうふ,"delivering, furnishing (with copies)"
三味線,さみせん,"three-stringed Japanese guitar, shamisen"
近視,きんし,shortsightedness
家畜,かちく,"domestic animals, livestock, cattle"
象徴,しょうちょう,symbol
承諾,しょうだく,"consent, acquiescence, agreement"
禅,ぜん,Zen (Buddhism)
短縮,たんしゅく,"shortening, abbreviation, reduction"
設立,せつりつ,"establishment, foundation, institution"
顧みる,かえりみる,"to look back, to turn around, to review"
演ずる,えんずる,"to perform, to play"
,ルーズ,loose
火花,ひばな,spark
特派,とくは,"send specially, special envoy"
舞う,まう,"to dance, to flutter about, to revolve"
腐敗,ふはい,"decay, depravity"
猛烈,もうれつ,"violent, vehement, rage"
捕獲,ほかく,"capture, seizure"
,ルール,rule
音色,おんいろ,"tone color, tone quality, timbre, synthesizer patch"
実質,じっしつ,"substance, essence"
お宮,おみや,Shinto shrine
一昨昨日,さきおととい,two days before yesterday
見合わせる,みあわせる,"to exchange glances, to postpone, to suspend operations, to refrain from performing an action"
,あられ,"kind of cookie, cartoon character"
目論見,もくろみ,"a plan, a scheme, a project, a program, intention, goal"
号,ごう,"number, issue"
添う,そう,"to accompany, to become married, to comply with"
受け継ぐ,うけつぐ,"to inherit, to succeed, to take over"
塵取り,ちりとり,dustpan
導く,みちびく,"to be guided, to be shown"
階,かい,"-floor (counter), stories"
寛容,かんよう,"forbearance, tolerance, generosity"
人,じん,"man, person, people"
代わる,かわる,"to take the place of, to relieve, to be substituted for, to be exchanged, to change places with, to take"
負債,ふさい,"debt, liabilities"
巨,こ,"big, large, great"
真相,しんそう,"truth, real situation"
待ち望む,まちのぞむ,"to look anxiously for, to wait eagerly for"
時折,ときおり,sometimes
懲りる,こりる,"to learn by experience, to be disgusted with"
裂ける,さける,"to split, to tear, to burst"
物置き,ものおき,storeroom
各,おのおの,"each, every, either, respectively, severally"
待望,たいぼう,expectant waiting
普遍,ふへん,"universality, ubiquity, omnipresence"
平たい,ひらたい,"flat, even, level, simple, plain"
蕩ける,とろける,to be enchanted with
先行,せんこう,"preceding, going first"
冴える,さえる,"to be clear, to be serene, to be cold, to be skillful"
逃げ出す,にげだす,"to run away, to escape from"
本の,ほんの,"mere, only, just"
編,へん,"compilation, editing, completed poem, book, part of book"
留める,とどめる,"to stop, to cease, to put an end to"
当て字,あてじ,"phonetic-equivalent character, substitute character"
団扇,うちわ,fan
浜辺,はまべ,"beach, foreshore"
申し出る,もうしでる,"to report to, to tell, to suggest, to submit, to request, to make an offer, to come forward with informati"
機,はた,loom
歩み,あゆみ,walking
愈々,いよいよ,"more and more, all the more, increasingly, at last, beyond doubt"
,ニュー,new
当て,あて,"object, aim, end, hopes, expectations"
申し入れる,もうしいれる,"to propose, to suggest"
,ゆとり,"reserve, affluence, room, time (to spare)"
危ぶむ,あやぶむ,"to fear, to have misgivings, to be doubtful, to mistrust"
秩序,ちつじょ,"order, regularity, system, method"
五月蝿い,うるさい,"noisy, loud, fussy"
梅干,うめぼし,dried plum
手配,てはい,"arrangement, search (by police)"
自信,じしん,self-confidence
走行,そうこう,"running a wheeled vehicle (e.g. car), traveling"
覆す,くつがえす,"to overturn, to upset, to overthrow, to undermine"
聴講,ちょうこう,"lecture attendance, auditing"
纏まり,まとまり,"conclusion, settlement, consistency"
密集,みっしゅう,"crowd, close formation, dense"
湿気る,しける,"to be damp, to be moist"
連帯,れんたい,solidarity
弛む,たるむ,"to slacken, to loosen, to relax"
恋愛,れんあい,"love, love-making, passion, emotion, affections"
,カムバック,comeback
区々,まちまち,"1. several, various, divergent, conflicting, different, diverse, 2. trivial"
敬具,けいぐ,Sincerely yours
釣鐘,つりがね,hanging bell
差し支える,さしつかえる,"to interfere, to hinder, to become impeded"
設置,せっち,"establishment, institution"
兎角,とかく,"anyhow, anyway, somehow or other, generally speaking, in any case, this and that, many, be apt to"
短歌,たんか,"tanka, 31-syllable Japanese poem"
,いっそ,"rather, sooner, might as well"
先先週,せんせんしゅう,week before last
此れ等,これら,these
実践,じっせん,"practice, put into practice"
判定,はんてい,"judgement, decision, award, verdict"
禁ずる,きんずる,"to forbid, to suppress"
件,くだん,"example, precedent, the usual, the said, the above-mentioned, (man) in question"
冠,かん,"crown, diadem, first, best, peerless, cap, naming, designating, initiating on coming of age, top character ra"
取り締まる,とりしまる,"to manage, to control, to supervise"
荷,に,"load, baggage, cargo"
特集,とくしゅう,"feature (e.g. newspaper), special edition, report"
語句,ごく,"words, phrases"
懐く,なつく,to become emotionally attached
廃棄,はいき,"annullment, disposal, abandon, scrap, discarding, repeal"
掲げる,かかげる,"to publish, to print, to carry (an article), to put up, to hang out, to hoist, to fly (a sail), to float (a"
柱,はしら,"pillar, post"
其れでも,それでも,"but (still), and yet, nevertheless, even so, notwithstanding"
合唱,がっしょう,"chorus, singing in a chorus"
着陸,ちゃくりく,"landing, alighting, touch down"
一概に,いちがいに,"unconditionally, as a rule"
,がっくり,heartbroken
一部,いちぶ,"1. one copy e.g. of a document, 2. a part, partly, some"
干渉,かんしょう,"interference, intervention"
結成,けっせい,formation
大空,おおぞら,"heaven, firmament, the sky"
巻,まき,volume
薄弱,はくじゃく,"feebleness, weakness, weak"
気兼ね,きがね,"hesitance, diffidence, feeling constraint, fear of troubling someone, having scruples about doing someth"
字体,じたい,"type, font, lettering"
採用,さいよう,"use, adopt"
広まる,ひろまる,"to spread, to be propagated"
中毒,ちゅうどく,poisoning
強烈,きょうれつ,"strong, intense, severe"
近付く,ちかづく,"to approach, to get near, to get acquainted with, to get closer"
胴,どう,"trunk, body, frame"
蜂蜜,はちみつ,honey
必修,ひっしゅう,required (subject)
倣,ほう,"imitate, follow, emulate"
痛感,つうかん,"feeling keenly, fully realizing"
幕,とばり,"curtain, bunting, act (in play)"
当たり前,あたりまえ,"usual, common, ordinary, natural, reasonable, obvious"
区切り,くぎり,"an end, a stop, punctuation"
着席,ちゃくせき,"sit down, seat"
酷い,ひどい,"cruel, awful, severe, very bad, serious, terrible, heavy, violent"
一言,いちげん,single word
座標,ざひょう,coordinate(s)
要請,ようせい,"claim, demand, request, application"
,オレンジ,an orange
塾,じゅく,"coaching school, lessons"
教員,きょういん,teaching staff
浴室,よくしつ,"bathroom, bath"
簡素,かんそ,"simplicity, plain"
茶の間,ちゃのま,living room (Japanese style)
絡む,からむ,"to entangle, to entwine"
活ける,いける,to arrange (flowers)
運命,うんめい,fate
踏まえる,ふまえる,"to be based on, to have origin in"
賑わう,にぎわう,"to prosper, to flourish, to do thriving business, to be crowded with people"
歩,ふ,pawn (in chess or shogi)
縁,えん,"chance, fate, destiny, relation, bonds, connection, karma"
宜しく,よろしく,"well, properly, suitably, best regards, please remember me"
微笑,びしょう,smile
英雄,えいゆう,"hero, great man"
延いては,ひいては,"not only...but also, in addition to, consequently"
漏らす,もらす,"to let leak, to reveal"
群,ぐん,group (math)
極楽,ごくらく,paradise
裁く,さばく,to judge
畜生,ちくしょう,"beast, brute, damn"
大ざっぱ,おおざっぱ,"rough (as in not precise), broad, sketchy"
芝,しば,"lawn, sod, turf"
,ジャンボ,jumbo
尉,じょう,"jailer, old man, rank, company officer"
禁物,きんもつ,"taboo, forbidden thing"
等級,とうきゅう,"grade, class"
,ポジション,position
明くる,あくる,"next, following"
吊るす,つるす,to hang
経緯,いきさつ,"1. details, whole story, sequence of events, particulars, how it started, how things got this way, 2. c"
,ライス,rice
入手,にゅうしゅ,"obtaining, coming to hand"
視点,してん,"opinion, point of view, visual point"
遭難,そうなん,"disaster, shipwreck, accident"
沈殿,ちんでん,"precipitation, settlement"
,レギュラー,regular
及ぶ,およぶ,"to reach, to come up to, to amount to, to befall, to happen to, to extend, to match, to equal"
器,うつわ,"bowl, vessel, container"
墜落,ついらく,"falling, crashing"
読者,どくしゃ,reader
親しむ,したしむ,"to be intimate with, to befriend"
桟橋,さんきょう,"wharf, bridge, jetty, pier"
,じっくり,"deliberately, carefully"
襲撃,しゅうげき,"attack, charge, raid"
斑,ぶち,"spots, speckles, mottles"
対話,たいわ,"interactive, interaction, conversation, dialogue"
宛,あて,addressed to
先代,せんだい,"family predecessor, previous age, previous generation"
映える,はえる,"to shine, to look attractive, to look pretty"
この頃,このごろ,recently
饂飩,うどん,noodles (Japanese)
趣,おもむき,"meaning, tenor, gist, effect, appearance, taste, grace, charm, refinement"
紛れる,まぎれる,"to be diverted, to slip into"
尾,お,"tail, ridge"
田園,でんえん,"country, rural districts"
国産,こくさん,domestic products
両立,りょうりつ,"compatibility, coexistence, standing together"
,カクテル,cocktail
水源,すいげん,"source of river, fountainhead"
一息,ひといき,"puffy, a breath, a pause, an effort"
比重,ひじゅう,specific gravity
手遅れ,ておくれ,"too late, belated treatment"
振動,しんどう,"oscillation, vibration"
収まる,おさまる,"to be obtained, to end, to settle into, to fit into, to be settled, to be paid, to be delivered"
甚だ,はなはだ,"very, greatly, exceedingly"
未知,みち,not yet known
,ちょくちょく,"often, frequently, now and then, occasionally"
身近,みぢか,"near oneself, close to one, familiar"
宙返り,ちゅうがえり,"somersault, looping-the-loop"
回送,かいそう,forwarding
役,えき,"war, campaign, battle"
奴,やっこ,"servant, fellow"
襟,えり,"neck, collar, lapel, neckband"
青春,せいしゅん,"youth, springtime of life, adolescent"
嵩張る,かさばる,"to be bulky, to be unwieldy, to grow voluminous"
鼠,ねず,"1. mouse, rat, 2. dark gray, slate color"
潜入,せんにゅう,"infiltration, sneaking in"
貫く,つらぬく,to go through
現像,げんぞう,developing (film)
,アラブ,Arab
育ち,そだち,"breeding, growth"
見渡す,みわたす,"to look out over, to survey (scene), to take an extensive view of"
,インターナショナル,international
給う,たまう,"to receive, to grant"
総会,そうかい,general meeting
遥か,はるか,"far, far-away, distant, remote, far off"
屹度,きっと,"1. (uk) surely, undoubtedly, certainly, without fail, 2. sternly, severely"
上がる,あがる,"to enter, to go up, to rise, to climb up, to advance, to appreciate, to be promoted, to improve, to call on,"
貴い,たっとい,"precious, valuable, priceless, noble, exalted, sacred"
其れでは,それでは,"in that situation, well then ..."
確り,しっかり,"firmly, tightly, reliable, level-headed, steady"
封,ふう,seal
家計,かけい,"household economy, family finances"
素っ気ない,そっけない,"cold, short, curt, blunt"
膜,まく,"membrane, film"
切ない,せつない,"painful, trying, oppressive, suffocating"
航海,こうかい,"sail, voyage"
脂肪,しぼう,"fat, grease, blubber"
背負う,しょう,"to be burdened with, to carry on back or shoulder"
退く,しりぞく,"to retreat, to recede, to withdraw"
分離,ぶんり,"separation, detachment, segregation, isolation"
名付ける,なづける,to name (someone)
長編,ちょうへん,long (e.g. novel film)
理屈,りくつ,"theory, reason"
油絵,あぶらえ,oil painting
,キャリア,"career, career government employee"
考古学,こうこがく,archaeology
騒動,そうどう,"strife, riot, rebellion"
退化,たいか,"degeneration, retrogression"
障る,さわる,"to hinder, to interfere with, to affect, to do one harm, to be harmful to"
明朗,めいろう,"bright, clear, cheerful"
退治,たいじ,extermination
児,こ,"child, the young of animals"
何れ,いずれ,"where, which, who, anyway, anyhow, at any rate"
継ぐ,つぐ,to succeed
記名,きめい,"signature, register"
民俗,みんぞく,"people, race, nation, racial customs, folk customs"
乗り換え,のりかえ,transfer (trains buses etc.)
連ねる,つらねる,"to link, to join, to put together"
農地,のうち,agricultural land
主導,しゅどう,main leadership
吐く,つく,"1. to breathe, 2. to tell (lies), 3. to vomit, to disgorge"
,フィルター,(camera) filter
統制,とうせい,"regulation, control"
膳,ぜん,"(small) table, tray, meal"
丸ごと,まるごと,"in its entirety, whole, wholly"
何も,なにも,nothing
予め,あらかじめ,"beforehand, in advance, previously"
僧,そう,"monk, priest"
間違う,まちがう,"to make a mistake, to be incorrect, to be mistaken"
貴女,あなた,"you, lady"
侵略,しんりゃく,"aggression, invasion, raid"
慣習,かんしゅう,usual (historical) custom
揉める,もめる,"to disagree, to dispute"
適宜,てきぎ,suitability
壮大,そうだい,"magnificent, grand, majestic, splendid"
凌ぐ,しのぐ,"to outdo, to surpass, to endure, to keep out (rain), to stave off, to tide over, to pull through, to defy, t"
,レース,"race, lace"
上回る,うわまわる,to exceed
,モニター,(computer) monitor
晴天,せいてん,fine weather
丸々,まるまる,completely
頃,けい,"time, about, toward, approximately (time)"
結合,けつごう,"combination, union"
弟,おと,younger brother
手際,てぎわ,"performance, skill, tact"
根気,こんき,"patience, perseverance, energy"
婿,むこ,son-in-law
問い合わせる,といあわせる,"to enquire, to seek information"
闇,やみ,"darkness, the dark, black-marketeering, dark, shady, illegal"
お襁褓,おむつ,"diaper, nappy"
気楽,きらく,"at ease, comfortable"
他動詞,たどうし,transitive verb (direct obj)
怠い,だるい,"sluggish, feel heavy, languid, dull"
喫茶,きっさ,"tea drinking, tea house"
休戦,きゅうせん,"truce, armistice"
取っ手,とって,"handle, grip, knob"
出鱈目,でたらめ,"irresponsible utterance, nonsense, nonsensical, random, haphazard, unsystematic"
栽培,さいばい,cultivation
断言,だんげん,"declaration, affirmation"
,ファイト,fight
予想,よそう,"expectation, anticipation, prediction, forecast"
若しかして,もしかして,"perhaps, possibly"
今日は,こんにちは,"hello, good day (daytime greeting id)"
峰,みね,"peak, ridge"
出入り口,でいりぐち,exit and entrance
兼業,けんぎょう,"side line, second business"
動向,どうこう,"trend, tendency, movement, attitude"
免れる,まぬかれる,"to escape from, to be rescued from, to avoid, to evade, to avert, to elude, to be exempted, to be relieved"
整然,せいぜん,"orderly, regular, well-organized, trim, accurate"
目録,もくろく,"catalogue, catalog, list"
雛,ひな,"young bird, chick, doll"
資金,しきん,"funds, capital"
分,ふん,minute
値する,あたいする,"to be worth, to deserve, to merit"
,クラブ,"club, crab"
其れ,それ,"it, that"
転校,てんこう,change schools
,どうやら,"it seems like, somehow or other"
,アルミ,"aluminum (Al), aluminium"
慣らす,ならす,to accustom
紛失,ふんしつ,losing something
責務,せきむ,"duty, obligation"
垂れる,たれる,"to hang, to droop, to drop, to lower, to pull down, to dangle, to sag, to drip, to ooze, to trickle, to leave"
悪戯,いたずら,"tease, prank, trick, practical joke, mischief"
艶,えん,"charming, fascinating, voluptuous"
盗み,ぬすみ,stealing
,レンジ,"range, stove"
彼方此方,あちこち,here and there
会見,かいけん,"interview, audience"
弾む,はずむ,"to spring, to bound, to bounce, to be stimulated, to be encouraged, to get lively, to treat oneself to, to"
志向,しこう,"intention, aim"
入賞,にゅうしょう,winning a prize or place (in a contest)
止める,とどめる,"to stop, to cease, to put an end to"
異動,いどう,a change
与党,よとう,"government party, (ruling) party in power, government"
脆い,もろい,"brittle, fragile, tender-hearted"
提供,ていきょう,"offer, tender, program sponsoring, furnishing"
拒否,きょひ,"denial, veto, rejection, refusal"
曲がる,まがる,"to turn, to bend"
卯,ぼう,fourth sign of Chinese zodiac (The Hare 5am-7am east February)
蝶,ちょう,butterfly
群集,ぐんしゅう,"(social) group, crowd, throng, mob, multitude"
,ばてる,"to be exhausted, to be worn out"
爽やか,さわやか,"fresh, refreshing, invigorating, clear, fluent, eloquent"
視覚,しかく,"sense of sight, vision"
外来,がいらい,"imported, outpatient clinic"
物足りない,ものたりない,"unsatisfied, unsatisfactory"
万,ばん,"many, all"
主食,しゅしょく,staple food
仕舞,しまい,"end, termination, informal (Noh play)"
何時の間にか,いつのまにか,"before one knows, unnoticed, unawares"
願書,がんしょ,written application or petition
流通,りゅうつう,"circulation of money or goods, flow of water or air, distribution"
誠,まこと,"truth, faith, fidelity, sincerity, trust, confidence, reliance, devotion"
元来,がんらい,"originally, primarily, essentially, logically, naturally"
,エレガント,elegant
増進,ぞうしん,"promoting, increase, advance"
保護,ほご,"care, protection, shelter, guardianship, favor, patronage"
志,こころざし,"will, intention, motive"
図々しい,ずうずうしい,"impudent, shameless"
機構,きこう,"mechanism, organization"
融資,ゆうし,"financing, loan"
軍事,ぐんじ,military affairs
彼方此方,あちらこちら,here and there
温和,おんわ,"gentle, mild, moderate"
,カンニング,"cunning, cheat"
挑む,いどむ,"to challenge, to contend for, to make love to"
渦,うず,swirl
官僚,かんりょう,"bureaucrat, bureaucracy"
填める,はめる,"to get in, to insert, to put on, to make love"
一律,いちりつ,"evenness, uniformity, monotony, equality"
色彩,しきさい,"colour, hue, tints"
兼用,けんよう,"multi-use, combined use, combination, serving two purposes"
,チームワーク,teamwork
神殿,しんでん,"temple, sacred place"
ご馳走さま,ごちそうさま,feast
箇条書き,かじょうがき,"itemized form, itemization"
,ソース,source
咎める,とがめる,"to blame, to find fault, to take someone to task, to aggravate (an injury)"
呟く,つぶやく,"to mutter, to murmur"
認める,したためる,to write up
補償,ほしょう,"compensation, reparation"
所定,しょてい,"fixed, prescribed"
付き,つき,"attached to, impression, sociality, appearance, furnished with, under, to"
分業,ぶんぎょう,"division of labor, specialization, assembly-line production"
,さん,Mr or Mrs
有難う,ありがとう,Thank you
動機,どうき,"motive, incentive"
潮,うしお,tide
弱,じゃく,"weakness, the weak, little less then"
不調,ふちょう,"bad condition, not to work out (ie a deal), disagreement, break-off, disorder, slump, out of form"
箇所,かしょ,"passage, place, point, part"
姓名,せいめい,full name
相対,あいたい,"confrontation, facing, between ourselves, no third party, tete-a-tete"
物好き,ものずき,curiosity
各々,それぞれ,"each, every, either, respectively, severally"
,けれど,"but, however"
逃亡,とうぼう,escape
発芽,はつが,burgeoning
割,かつ,"divide, cut, halve, separate, split, rip, break, crack, smash, dilute"
痛切,つうせつ,"keen, acute"
仙,せん,"hermit, wizard"
戦術,せんじゅつ,tactics
破壊,はかい,destruction
苛々,いらいら,"getting nervous, irritation"
体裁,ていさい,"decency, style, form, appearance, show, get-up, format"
不評,ふひょう,"bad reputation, disgrace, unpopularity"
使い道,つかいみち,use
通常,つうじょう,"common, general, usually"
侮辱,ぶじょく,"insult, contempt, slight"
雷,いかずち,thunder
,サイクル,cycle
封鎖,ふうさ,"blockade, freezing (funds)"
区画,くかく,"division, section, compartment, boundary, area, block"
召す,めす,"to call, to send for, to put on, to wear, to take (a bath), to ride in, to buy, to eat, to drink, to catch (a"
受け付ける,うけつける,"to be accepted, to receive (an application)"
肺,はい,lung
馬鹿馬鹿しい,ばかばかしい,stupid
様式,ようしき,"style, form, pattern"
私,あたし,I (fem)
矢っ張り,やっぱり,"also, as I thought, still, in spite of, absolutely"
始末,しまつ,"management, dealing, settlement, cleaning up afterwards"
徴収,ちょうしゅう,"collection, levy"
街,がい,"~street, ~quarters"
極端,きょくたん,"extreme, extremity"
利点,りてん,"advantage, point in favor"
健やか,すこやか,"vigorous, healthy, sound"
雫,しずく,drop (of water)
押さえる,おさえる,"to stop, to restrain, to seize, to repress, to suppress, to press down"
,あくどい,"1. gaudy, showy, excessive, 2. vicious"
,インフォメーション,information
延べ,のべ,"futures, credit (buying), stretching, total"
茹でる,ゆでる,to boil
合わせ,あわせ,"joint together, opposite, facing"
美味しい,おいしい,"delicious, tasty"
開拓,かいたく,"reclamation (of wasteland), cultivation, pioneer"
本体,ほんたい,"substance, real form, object of worship"
名高い,なだかい,"famous, celebrated, well-known"
夕暮れ,ゆうぐれ,"evening, (evening) twilight"
昆虫,こんちゅう,"insect, bug"
追及,ついきゅう,"gaining on, carrying out, solving (crime)"
閉口,へいこう,shut mouth
相,あい,"together, mutually, fellow"
逃す,のがす,"to let loose, to set free, to let escape"
様相,ようそう,aspect
来る,きたる,"to come, to arrive, to be due to, to be next, to be forthcoming"
纏め,まとめ,"settlement, conclusion"
退ける,しりぞける,"to repel, to drive away"
主人公,しゅじんこう,"protagonist, main character, hero(ine) (of a story), head of household"
受け取り,うけとり,receipt
,ミスプリント,misprint
突っ張る,つっぱる,"to support, to become stiff, to become taut, to thrust (ones opponent), to stick to (ones opinion), to in"
如何して,どうして,"why?, for what reason, how, in what way, for what purpose, what for"
恵み,めぐみ,blessing
世代,せだい,"generation, the world, the age"
会談,かいだん,"conversation, conference, discussion, interview"
滲む,にじむ,"to run, to blur, to spread, to blot, to ooze"
代わる代わる,かわるがわる,alternately
民族,みんぞく,"people, race, nation, racial customs, folk customs"
完璧,かんぺき,"perfection, completeness, flawless"
解く,ほどく,to unfasten
原油,げんゆ,crude oil
慎む,つつしむ,"to be careful, to be chaste or discreet, to abstain or refrain"
,バー,bar
,ガイドブック,guidebook
商,しょう,quotient
無断,むだん,"without permission, without notice"
泌み泌み,しみじみ,"keenly, deeply, heartily"
其れで,それで,"and (conj), thereupon, because of that"
原文,げんぶん,"the text, original"
叶う,かなう,to come true (wish)
冒頭,ぼうとう,"beginning, start, outset"
朽ちる,くちる,to rot
抓る,つねる,to pinch
手掛かり,てがかり,"contact, trail, scent, on hand, hand hold, clue, key"
話し合い,はなしあい,"discussion, conference"
飼育,しいく,"breeding, raising, rearing"
加工,かこう,"manufacturing, processing, treatment"
的,まと,"mark, target"
衆議院,しゅうぎいん,"Lower House, House of Representatives"
番目,ばんめ,cardinal number suffix
中指,ちゅうし,middle finger
敗戦,はいせん,"defeat, losing a war"
然しながら,しかしながら,"nevertheless, however"
,ずばり,"decisively, decidedly, once and for all, unreservedly, frankly"
若しも,もしも,if
今更,いまさら,"now, at this late hour"
物体ない,もったいない,"too good, more than one deserves, wasteful, sacrilegious, unworthy of"
歓声,かんせい,"cheer, shout of joy"
其れ故,それゆえ,"therefore, for that reason, so"
濯ぐ,すすぐ,"to rinse, to wash out"
漠然,ばくぜん,"obscure, vague, equivocal"
戦,いくさ,"war, battle, campaign, fight"
害する,がいする,"to injure, to damage, to harm, to kill, to hinder"
,ハンガー,"hangar, (coat) hanger, hunger"
季刊,きかん,quarterly (e.g. magazine)
向き,むき,"direction, situation, exposure, aspect, suitability"
悪化,あっか,"deterioration, growing worse, aggravation, degeneration, corruption"
花びら,はなびら,(flower) petal
観衆,かんしゅう,"spectators, onlookers, members of the audience"
於いて,おいて,"at, in, on"
特産,とくさん,"specialty, special product"
好評,こうひょう,"popularity, favorable reputation"
厳か,おごそか,"austere, majestic, dignified, stately, awful, impressive"
お産,おさん,(giving) birth
捜索,そうさく,"search (esp. for someone or something missing), investigation"
抑圧,よくあつ,"check, restraint, oppression, suppression"
結び付き,むすびつき,"connection, relation"
沈黙,ちんもく,"silence, reticence"
社交,しゃこう,"social life, social intercourse"
固める,かためる,"to harden, to freeze, to fortify"
細菌,さいきん,"bacillus, bacterium, germ"
手筈,てはず,"arrangement, plan, programme"
共働き,ともばたらき,dual income
鋸,のこぎり,saw
,レンタカー,hire car (lit: rent-a-car)
厭々,いやいや,"unwillingly, grudgingly, shaking head in refusal (to children)"
暦,こよみ,"calendar, almanac"
株式,かぶしき,stock (company)
下吏,かり,lower official
他方,たほう,"another side, different direction, (on) the other hand"
大人しい,おとなしい,"obedient, docile, quiet"
その内,そのうち,"eventually, sooner or later, of the previously mentioned"
,ガイド,tour guide
苦しめる,くるしめる,"to torment, to harass, to inflict pain"
契機,けいき,"opportunity, chance"
長大,ちょうだい,"very long, great length"
門,かど,gate
理論,りろん,theory
諦め,あきらめ,"resignation, acceptance, consolation"
悲観,ひかん,"pessimism, disappointment"
,チャイム,chime
歯磨,はみがき,"dentifrice, toothpaste"
緩和,かんわ,"relief, mitigation"
効き目,ききめ,"effect, virtue, efficacy, impression"
名残,なごり,"remains, traces, memory"
答え,こたえ,"answer, response"
新興,しんこう,"rising, developing, emergent"
争い,あらそい,"dispute, strife, quarrel, dissension, conflict, rivalry, contest"
躾,しつけ,"home discipline, training, upbringing, breeding"
衣装,いしょう,"clothing, costume, outfit, garment, dress"
強める,つよめる,"to strengthen, to emphasize"
,ドリル,drill
一部分,いちぶぶん,a part
築く,きずく,"to build, to pile up, to amass"
特許,とっきょ,"special permission, patent"
支持,しじ,"support, maintenance"
制約,せいやく,"limitation, restriction, condition, constraints"
満たす,みたす,"to satisfy, to ingratiate, to fill, to fulfill"
剥げる,はげる,"to come off, to be worn off, to fade, to discolor"
,すんなり,"pass with no objection, slim, slender"
成るべく,なるべく,as much as possible
聳える,そびえる,"to rise, to tower, to soar"
要望,ようぼう,"demand for, request"
旦那,だんな,"master (of house), husband (informal)"
煙草,たばこ,"(pt:) (n) (uk) tobacco (pt: tabaco), cigarettes"
同,どう,"the same, the said, ibid."
,スチーム,steam
了解,りょうかい,"comprehension, consent, understanding, roger (on the radio)"
私物,しぶつ,"private property, personal effects"
早める,はやめる,"to hasten, to quicken, to expedite, to precipitate, to accelerate"
富む,とむ,"to be rich, to become rich"
生まれつき,うまれつき,"by nature, by birth, native"
末期,まっき,"closing years (period days), last stage"
国境,くにざかい,national or state border
未婚,みこん,unmarried
計器,けいき,"meter, gauge"
救援,きゅうえん,"relief, rescue, reinforcement"
鬱陶しい,うっとうしい,"gloomy, depressing"
華やか,はなやか,"gay, showy, brilliant, gorgeous, florid"
率直,そっちょく,"frankness, candour, openheartedness"
教職,きょうしょく,"teaching certificate, the teaching profession"
其れに,それに,"besides, moreover"
組み込む,くみこむ,"to insert, to include, to cut in (printing)"
痒い,かゆい,"itchy, itching"
,なんだかんだ,something or other
配布,はいふ,distribution
余地,よち,"place, room, margin, scope"
煽てる,おだてる,"to stir up, to instigate, to flatter"
大部,たいぶ,"most (e.g. most part), greater, fairly, a good deal, much"
先に,さきに,"before, earlier than, ahead, beyond, away, previously, recently"
掻き回す,かきまわす,"to stir up, to churn, to ransack, to disturb"
不審,ふしん,"incomplete understanding, doubt, question, distrust, suspicion, strangeness, infidelity"
滞る,とどこおる,"to stagnate, to be delayed"
財源,ざいげん,"source of funds, resources, finances"
詫び,わび,apology
反り,そり,"warp, curvature, curve, arch"
痛める,いためる,"to hurt, to injure, to cause pain, to worry, to bother, to afflict, to be grieved over"
強制,きょうせい,"obligation, coercion, compulsion, enforcement"
切り替える,きりかえる,"to change, to exchange, to convert, to renew, to throw a switch, to replace, to switch over"
寒気,かんき,"cold, frost, chill"
演出,えんしゅつ,"production (e.g. play), direction"
死刑,しけい,"death penalty, capital punishment"
初耳,はつみみ,something heard for the first time
姉妹,きょうだい,sisters
篭る,こもる,"to seclude oneself, to be confined in, to be implied, to be stuffy"
初,はつ,"first, new"
,ぐっと,"firmly, fast, much, more"
にも拘らず,にもかかわらず,"in spite of, nevertheless"
経費,けいひ,"expenses, cost, outlay"
覚え,おぼえ,"memory, sense, experience"
鮮やか,あざやか,"vivid, clear, brilliant"
明瞭,めいりょう,clarity
灰,あく,puckery juice
浮かぶ,うかぶ,"to float, to rise to surface, to come to mind"
,てっきり,"surely, certainly, beyond doubt"
根拠,こんきょ,"basis, foundation"
見逃す,みのがす,"to miss, to overlook, to leave at large"
一別,いちべつ,parting
等,とう,"et cetera, etc., and the like"
流行,はやり,"fashionable, fad, in vogue, prevailing"
荷造り,にづくり,"packing, baling, crating"
踵,かかと,(shoe) heel
健在,けんざい,"in good health, well"
判決,はんけつ,"judicial decision, judgement, sentence, decree"
是正,ぜせい,"correction, revision"
洒落る,しゃれる,"to joke, to play on words, to dress stylishly"
悉く,ことごとく,"altogether, entirely"
予感,よかん,"presentiment, premonition"
方式,ほうしき,"form, method, system"
重んずる,おもんずる,"to honor, to respect, to esteem, to prize"
雌,めす,female (animal)
控室,ひかえしつ,waiting room
女子,おなご,"woman, girl"
取り除く,とりのぞく,"to remove, to take away, to set apart"
賄う,まかなう,"to give board to, to provide meals, to pay"
奉る,たてまつる,"to offer, to present, to revere, to do respectfully"
果たす,はたす,"to accomplish, to fulfill, to carry out, to achieve"
畜産,ちくさん,animal husbandry
感慨,かんがい,"strong feelings, deep emotion"
沿岸,えんがん,"coast, shore"
私有,しゆう,private ownership
兎も角,ともかく,"anyhow, anyway, somehow or other, generally speaking, in any case"
御免ください,ごめんください,May I come in?
行い,おこない,"deed, conduct, behavior, action, asceticism"
何時も,いつも,"always, usually, every time, never (with neg. verb)"
達者,たっしゃ,"skillful, in good health"
瞑る,つぶる,to close the eyes
上下,うえした,"high and low, up and down, unloading and loading, praising and blaming"
元年,がんねん,first year (of a specific reign)
何だか,なんだか,"a little, somewhat, somehow"
,バッジ,badge
有力,ゆうりょく,"1. influence, prominence, 2. potent"
偏見,へんけん,"prejudice, narrow view"
手本,てほん,"model, pattern"
容易い,たやすい,"easy, simple, light"
経歴,けいれき,"personal history, career"
新人,しんじん,"new face, newcomer"
噛る,かじる,"to chew, to bite (at), to gnaw, to nibble, to munch, to crunch, to have a smattering of"
国連,こくれん,"U.N., United Nations"
反応,はんのう,"reaction, response"
砂利,じゃり,"gravel, ballast, pebbles"
慣れ,なれ,"practice, experience"
無駄遣い,むだづかい,"waste money on, squander money on, flog a dead horse"
課題,かだい,"subject, theme, task"
盾,たて,"shield, buckler, escutcheon, pretext"
碌な,ろくな,"satisfactory, decent"
一同,いちどう,"all present, all concerned, all of us"
首輪,くびわ,"necklace, choker"
運営,うんえい,"management, administration, operation"
籤引,くじびき,"lottery, drawn lot"
,だらけ,implying (negatively) that something is full of e.g. mistakes
収集,しゅうしゅう,"gathering up, collection, accumulation"
負担,ふたん,"burden, charge, responsibility"
辿り着く,たどりつく,"to grope along to, to struggle on to, to arrive somewhere after a struggle"
合成,ごうせい,"synthesis, composition, synthetic, composite, mixed, combined, compound"
,クレーン,crane
お蔭様で,おかげさまで,"Thanks to god, thanks to you"
,キャッチ,catch
山岳,さんがく,mountains
梯子,ていし,"ladder, stairs"
行き成り,いきなり,suddenly
正に,まさに,"correctly, surely"
養護,ようご,"protection, nursing, protective care"
利息,りそく,interest (bank)
盛装,せいそう,"be dressed up, wear rich clothes"
雑,ざつ,"rough, crude"
本能,ほんのう,instinct
多忙,たぼう,"busy, pressure of work"
鉄鋼,てっこう,iron and steel
専用,せんよう,"exclusive use, personal use"
募る,つのる,"to invite, to solicit help participation etc"
心細い,こころぼそい,"helpless, forlorn, hopeless, unpromising, lonely, discouraging, disheartening"
類似,るいじ,analogous
処罰,しょばつ,punishment
倒産,とうさん,"(corporate) bankruptcy, insolvency"
厳密,げんみつ,"strict, close"
負かす,まかす,to defeat
上がり,あがり,"1. slope, advance income, crop yield, ascent, rise, advance, death, spinning, completion, stop, finish, after"
途上,とじょう,"en route, half way"
新築,しんちく,"new building, new construction"
版画,はんが,art print
協調,きょうちょう,"co-operation, conciliation, harmony, firm (market) tone"
送金,そうきん,"remittance, sending money"
精密,せいみつ,"precise, exact, detailed, minute, close"
辛うじて,かろうじて,"barely, narrowly, just manage to do st"
一帯,いったい,"a region, a zone, the whole place"
寄贈,きそう,"donation, presentation"
漁村,ぎょそん,fishing village
適応,てきおう,"adaptation, accommodation, conformity"
施設,しせつ,"institution, establishment, facility, (army) engineer"
明白,あからさま,"obvious, overt, plainly, frankly"
概略,がいりゃく,"outline, summary, gist, in brief"
相変わらず,あいかわらず,"as ever, as usual, the same"
至って,いたって,"very much, exceedingly, extremely"
要因,よういん,"primary factor, main cause"
政策,せいさく,"political measures, policy"
抜かす,ぬかす,"to omit, to leave out"
突く,つつく,"1. to thrust, to strike, to attack, 2. to poke, to nudge, to pick at"
相応,そうおう,"suitability, fitness"
萎む,しぼむ,"to wither, to fade (away), to shrivel, to wilt"
布告,ふこく,"edict, ordinance, proclamation"
,ガレージ,garage (at house)
天国,てんごく,"paradise, heaven, Kingdom of Heaven"
,ヤング,young
,ナイター,"game under lights (e.g. baseball) (lit: nighter), night game"
映像,えいぞう,"reflection, image"
発,はつ,"departure, beginning, counter for gunshots"
事柄,ことがら,"matter, thing, affair, circumstance"
商人,あきうど,"trader, shopkeeper, merchant"
統率,とうそつ,"command, lead, generalship, leadership"
長々,ながなが,"long, drawn-out, very long"
持て成す,もてなす,"to entertain, to make welcome"
結束,けっそく,"union, unity"
小切手,こぎって,"cheque, check"
丸で,まるで,"quite, entirely, completely, at all, as if, as though, so to speak"
染める,そめる,"to dye, to colour"
日付,かづけ,"date, dating"
,アイデア,idea
改まる,あらたまる,to be renewed
,デモンストレーション,demonstration
,ベスト,"best, vest"
旅客,りょかく,passenger (transport)
為さる,なさる,to do
内訳,うちわけ,"the items, breakdown, classification"
本文,ほんぶん,"text (of document), body (of letter)"
助言,じょげん,"advice, suggestion"
朝寝坊,あさねぼう,"oversleeping, late riser"
登校,とうこう,attendance (at school)
丁目,ちょうめ,"district of a town, city block (of irregular size)"
恥,はじ,"shame, embarrassment"
行為,こうい,"act, deed, conduct"
生温い,なまぬるい,"lukewarm, halfhearted"
捕吏,ほり,constable
夜中,やちゅう,"all night, the whole night"
乗客,じょうかく,passenger
基,もとい,basis
,トランジスター,transistor
衰える,おとろえる,"to become weak, to decline, to wear, to abate, to decay, to wither, to waste away"
藍褸,ぼろ,"rag, scrap, tattered clothes, fault (esp. in a pretense), defect, run-down or junky"
尚,なお,"furthermore, still, yet, more, still more, greater, further, less"
拝啓,はいけい,Dear (so and so)
吊り革,つりかわ,strap
凡そ,およそ,"about, roughly, as a rule, approximately"
鉛,なまり,lead (the metal)
調べ,しらべ,"preparation, investigation, inspection"
降伏,こうふく,"capitulation, surrender, submission"
職員,しょくいん,"staff member, personnel"
諸,しょ,"various, many, several"
若しかしたら,もしかしたら,"perhaps, maybe, by some chance"
訴え,うったえ,"lawsuit, complaint"
汚す,けがす,"to disgrace, to dishonour"
持てる,もてる,"to be well liked, to be popular"
部下,ぶか,subordinate person
原則,げんそく,"principle, general rule"
預金,よきん,"deposit, bank account"
駆ける,かける,"to run (race esp. horse), to gallop, to canter"
画期,かっき,epoch-making
暗算,あんざん,mental arithmetic
驚異,きょうい,"wonder, miracle"
整列,せいれつ,"stand in a row, form a line"
,ずれる,"to slide, to slip off"
郷里,きょうり,"birth-place, home town"
酸化,さんか,oxidation
観点,かんてん,point of view
滅びる,ほろびる,"to be ruined, to go under, to perish, to be destroyed"
要する,ようする,"to demand, to require, to take"
歪む,いがむ,"to warp, to swerve, to deflect, to be crooked, to be distorted, to be bent, to incline, to slant, to be perv"
守衛,しゅえい,"security guard, doorkeeper"
標語,ひょうご,"motto, slogan, catchword"
練る,ねる,"to knead, to work over, to polish up"
総合,そうごう,"synthesis, coordination, putting together, integration, composite"
陳列,ちんれつ,"exhibition, display, show"
お供,おとも,"attendant, companion"
人目,じんもく,"glimpse, public gaze"
漂う,ただよう,"to drift about, to float, to hang in air"
不便,ふびん,"pity, compassion"
貶す,けなす,to speak ill of
朗読,ろうどく,"reading aloud, recitation"
柵,さく,"fence, paling"
済まない,すまない,sorry (phrase)
産休,さんきゅう,maternity leave
代弁,だいべん,"pay by proxy, act for another, speak for another"
落ち込む,おちこむ,"to fall into, to feel down (sad)"
遂げる,とげる,"to accomplish, to achieve, to carry out"
沿線,えんせん,along railway line
幾多,いくた,"many, numerous"
回覧,かいらん,circulation
,ジャンプ,jump
初版,しょはん,first edition
知性,ちせい,intelligence
眩しい,まぶしい,"dazzling, radiant"
引き取る,ひきとる,"to take charge of, to take over, to retire to a private place"
お願いします,おねがいします,please
明かす,あかす,"to pass, spend, to reveal, to divulge"
善し悪し,よしあし,"good or bad, merits or demerits, quality, suitability"
所得,しょとく,"income, earnings"
球根,きゅうこん,(plant) bulb
無茶苦茶,むちゃくちゃ,"confused, jumbled, mixed up, unreasonable"
,タイマー,timer
幹線,かんせん,"main line, trunk line"
権力,けんりょく,"power, authority, influence"
捲る,まくる,verb suffix to indicate reckless abandon to the activity
成る丈,なるたけ,"as much as possible, if possible"
国定,こくてい,"state-sponsored, national"
重なる,おもなる,"main, principal, important"
省みる,かえりみる,to reflect
打撃,だげき,"1. blow, shock, strike, damage, 2. batting (baseball)"
粘る,ねばる,"to be sticky, to be adhesive, to persevere, to persist, to stick to"
圧迫,あっぱく,"pressure, coercion, oppression"
同志,どうし,"same mind, comrade, kindred soul"
招き,まねき,invitation
六,む,(num) six
弁護,べんご,"defense, pleading, advocacy"
分子,ぶんし,"numerator, molecule"
損失,そんしつ,loss
凝らす,こごらす,"to freeze, to congeal"
側面,そくめん,"side, flank, sidelight, lateral"
休学,きゅうがく,"temporary absence from school, suspension"
同盟,どうめい,"alliance, union, league"
仰っしゃる,おっしゃる,"to say, to speak, to tell, to talk"
葬る,ほうむる,"to bury, to inter, to entomb, to consign to oblivion, to shelve"
差し引く,さしひく,to deduct
遣い,つかい,"mission, simple task, doing"
即ち,すなわち,"that is, namely, i.e."
還元,かんげん,"resolution, reduction, return to origins"
打ち合わせ,うちあわせ,"business meeting, previous arrangement, appointment"
義理,ぎり,"duty, sense of duty, honor, decency, courtesy, debt of gratitude, social obligation"
代,しろ,"price, materials, substitution"
海抜,かいばつ,height above sea level
兆,きざし,"signs, omen, symptoms"
武装,ぶそう,"arms, armament, armed"
年生,ねんせい,"pupil in .... year, student in .... year"
振興,しんこう,"promotion, encouragement"
ずぶ濡れ,ずぶぬれ,"soaked, dripping wet"
外貨,がいか,"imported goods, foreign money"
衣類,いるい,"clothes, clothing, garments"
対辺,たいへん,(geometrical) opposite side
掲載,けいさい,appearance (e.g. article in paper)
清純,せいじゅん,"purity, innocence"
保母,ほぼ,day care worker in a kindergarten nursery school etc.
少数,しょうすう,"minority, few"
意欲,いよく,"will, desire, ambition"
先天的,せんてんてき,"a priori, inborn, innate, inherent, congenital, hereditary"
浪費,ろうひ,"waste, extravagance"
吟味,ぎんみ,"testing, scrutiny, careful investigation"
久し振り,ひさしぶり,after a long time
殊に,ことに,"especially, above all"
冷酷,れいこく,"cruelty, coldheartedness, relentless, ruthless"
駆けっこ,かけっこ,(foot) race
共産,きょうさん,communism
共存,きょうそん,coexistence
発言,はつげん,"utterance, speech, proposal"
赤らむ,あからむ,"to become red, to redden, to blush"
企画,きかく,"planning, project"
持ち切り,もちきり,"hot topic, talk of the town"
掌,たなごころ,the palm
主催,しゅさい,"organization, sponsorship"
仕組み,しくみ,"devising, plan, plot, contrivance, construction, arrangement"
塩,えん,salt
災害,さいがい,"calamity, disaster, misfortune"
終日,しゅうじつ,all day
領海,りょうかい,territorial waters
着,ちゃく,"counter for suits of clothing, arriving at .."
産婦人科,さんふじんか,maternity and gynecology department
似通う,にかよう,to resemble closely
,チェンジ,change
憎しみ,にくしみ,hatred
一人,いちにん,one person
高,たか,"quantity, amount, volume, number, amount of money"
詰まり,つまり,"in short, in brief, in other words, that is to say, in the long run, after all, blockade, stuffing, ultimate"
雇用,こよう,"employment (long term), hire"
攻め,せめ,"attack, offence"
乳,ちち,"milk, breast, loop"
傾斜,けいしゃ,"inclination, slant, slope, bevel, list, dip"
公募,こうぼ,"public appeal, public contribution"
規模,きぼ,"scale, scope, plan, structure"
擦れ違い,すれちがい,chance encounter
主権,しゅけん,"sovereignty, supremacy, dominion"
一敗,いっぱい,one defeat
仕様,しよう,"way, method, resource, remedy, (technical) specification"
据える,すえる,"to set (table), to lay (foundation), to place (gun), to apply (moxa)"
助詞,じょし,"particle, postposition"
根本,こんぽん,"origin, source, foundation, root, base, principle"
収容,しゅうよう,"accommodation, reception, seating, housing, custody, admission, entering (in a dictionary)"
果てる,はてる,"to end, to be finished, to be exhausted, to die, to perish"
手回し,てまわし,"preparations, arrangements"
宛てる,あてる,to address
出合う,であう,"to meet by chance, to come across, to happen to encounter, to hold a rendezvous, to have a date"
破棄,はき,"revocation, annulment, breaking (e.g. treaty)"
群がる,むらがる,"to swarm, to gather"
所持,しょじ,"possession, owning"
単独,たんどく,"sole, independence, single, solo (flight)"
品種,ひんしゅ,"brand, kind, description"
摘む,つまむ,"to pinch, to hold, to pick up"
味わい,あじわい,"flavour, meaning, significance"
交える,まじえる,"to mix, to converse with, to cross (swords)"
お出でになる,おいでになる,to be
不吉,ふきつ,"ominous, sinister, bad luck, ill omen, inauspiciousness"
差異,さい,"difference, disparity"
賭け,かけ,"betting, gambling, a gamble"
弱まる,よわまる,"to abate, to weaken, to be emaciated, to be dejected, to be perplexed"
熱湯,ねっとう,boiling water
平均,ならし,"equilibrium, balance, average, mean"
補給,ほきゅう,"supply, supplying, replenishment"
澄ます,すます,"to clear, to make clear, to be unruffled, to look unconcerned, to look demure, look prim, put on airs"
成り立つ,なりたつ,"to conclude, to consist of, to be practical (logical feasible viable), to hold true"
お世辞,おせじ,"flattery, compliment"
軍,いくさ,"war, battle, campaign, fight"
総,そう,"whole, all, general, gross"
退職,たいしょく,retirement (from office)
絶望,ぜつぼう,"despair, hopelessness"
襲う,おそう,to attack
短気,たんき,quick temper
着工,ちゃっこう,start of (construction) work
丁々,とうとう,"clashing of swords, felling of trees, ringing of an ax"
戦力,せんりょく,war potential
横綱,よこづな,sumo grand champion
有益,ゆうえき,"beneficial, profitable"
集まる,あつまる,"to gather, to collect, to assemble"
益々,ますます,"increasingly, more and more"
世帯,せたい,household
諸君,しょくん,"Gentlemen!, Ladies!"
慌てる,あわてる,to become confused (disconcerted disorganized)
略奪,りゃくだつ,"pillage, plunder, looting, robbery"
枠,わく,"frame, slide"
鍛える,きたえる,"to forge, to drill, to temper, to train, to discipline"
描写,びょうしゃ,"depiction, description, portrayal"
除外,じょがい,"exception, exclusion"
試みる,こころみる,"to try, to test"
決算,けっさん,"balance sheet, settlement of accounts"
殺人,さつじん,murder
推測,すいそく,"guess, conjecture"
お早う,おはよう,Good morning
正義,せいぎ,"justice, right, righteousness, correct meaning"
縁側,えんがわ,"veranda, porch, balcony, open corridor"
公開,こうかい,presenting to the public
,おどおど,"coweringly, hesitantly"
床,とこ,"bed, sickbed, alcove, padding"
操縦,そうじゅう,"management, handling, control, manipulation"
破裂,はれつ,"explosion, rupture, break off"
何れ,どれ,"well, now, let me see, which (of three or more)"
最善,さいぜん,the very best
,ファイル,file
,アンケート,"(fr:) (n) questionnaire (fr: enquete), survey"
尽きる,つきる,"to be used up, to be run out, to be exhausted, to be consumed, to come to an end"
授ける,さずける,"to grant, to award, to teach"
甲,きのえ,"1st in rank, first sign of the Chinese calendar, shell, instep, grade A"
軍備,ぐんび,"armaments, military preparations"
貫禄,かんろく,"presence, dignity"
均衡,きんこう,"equilibrium, balance"
対等,たいとう,equivalent
臍,へそ,"navel, belly-button"
鉄片,てっぺん,iron scraps
引き起こす,ひきおこす,to cause
仕入れる,しいれる,"to lay in stock, to replenish stock, to procure"
気質,かたぎ,"spirit, character, trait, temperament, disposition"
炙る,あぶる,to scorch
疑惑,ぎわく,"doubt, misgivings, distrust, suspicion"
視野,しや,"field of vision, outlook"
様,さま,"Mr. or Mrs., manner, kind, appearance"
直ぐ,すぐ,"immediately, soon, easily, right (near), honest, upright"
妬む,ねたむ,"to be jealous, to be envious"
守備,しゅび,defense
納まる,おさまる,"to be obtained, to end, to settle into, to fit into, to be settled, to be paid, to be delivered"
借り,かり,"borrowing, debt, loan"
火星,かせい,Mars (planet)
大水,おおみず,flood
,アンコール,encore
取りあえず,とりあえず,"at once, first of all, for the time being"
処分,しょぶん,"disposal, dealing, punishment"
,シック,chic
展望,てんぼう,"view, outlook, prospect"
其処ら,そこら,"everywhere, somewhere, approximately, that area, around there"
,タイピスト,typist
,アップ,up
面目,めんぼく,"face, honour, reputation, prestige, dignity, credit"
,ダンプ,dump
規定,きてい,"regulation, provisions"
余暇,よか,"leisure, leisure time, spare time"
真理,しんり,truth
,アプローチ,approach (in golf)
,カテゴリー,category
台本,だいほん,"libretto, scenario"
生やす,はやす,"to grow, to cultivate, to wear beard"
興じる,きょうじる,"to amuse oneself, to make merry"
喜劇,きげき,"comedy, funny show"
家来,けらい,"retainer, retinue, servant"
乱れる,みだれる,"to get confused, to be disordered, to be disturbed"
勤労,きんろう,"labor, exertion, diligent service"
無意味,むいみ,"nonsense, no meaning"
縁談,えんだん,"marriage proposal, engagement"
眠たい,ねむたい,sleepy
保険,ほけん,"insurance, guarantee"
雨具,あまぐ,rain gear
限定,げんてい,"limit, restriction"
定める,さだめる,"to decide, to establish, to determine"
半端,はんぱ,"remnant, fragment, incomplete set, fraction, odd sum, incompleteness"
間柄,あいだがら,relation(ship)
,レバー,"lever, liver"
衆,しゅう,"masses, great number, the people"
鉱山,こうざん,mine (ore)
仰ぐ,あおぐ,"to look up (to), to respect, to depend on, to ask for, to seek, to revere, to drink, to take"
筒,つつ,"pipe, tube"
返る,かえる,"to return, to come back, to go back"
他人,あだびと,"another person, unrelated person, outsider, stranger"
見地,けんち,point of view
率いる,ひきいる,"to lead, to spearhead (a group), to command (troops)"
名札,なふだ,"name plate, name tag"
,ヒント,hint
煩わしい,わずらわしい,"troublesome, annoying, complicated"
母校,ぼこう,alma mater
免除,めんじょ,"exemption, exoneration, discharge"
,ウェートレス,waitress
定義,ていぎ,definition
欺く,あざむく,to deceive
交わる,まじわる,"to cross, to intersect, to associate with, to mingle with, to interest, to join"
,ミリ,"milli-, 10^-3"
声明,せいめい,"declaration, statement, proclamation"
風車,かざぐるま,"1. windmill, 2. pinwheel"
失格,しっかく,"disqualification, elimination, incapacity (legal)"
勇敢,ゆうかん,"bravery, heroism, gallantry"
何卒,なにとぞ,please
弓,ゆみ,bow (and arrow)
持続,じぞく,continuation
日当,にっとう,daily allowance
下地,したじ,"groundwork, foundation, inclination, aptitude, elementary knowledge of, grounding in, prearrangement, spade"
目盛,めもり,"scale, gradations"
其処,そこ,"that place, there"
欲深い,よくふかい,greedy
決意,けつい,"decision, determination"
勤め先,つとめさき,place of work
不服,ふふく,"dissatisfaction, discontent, disapproval, objection, complaint, protest, disagreement"
介抱,かいほう,"nursing, looking after"
回収,かいしゅう,"collection, recovery"
報じる,ほうじる,"to inform, to report"
果て,はて,"the end, the extremity, the limit(s), the result"
汚れる,けがれる,"to get dirty, to become dirty"
態勢,たいせい,"attitude, conditions, preparations"
焦る,あせる,"to be in a hurry, to be impatient"
準じる,じゅんじる,"to follow, to conform, to apply to"
地獄,じごく,hell
業者,ぎょうしゃ,"trader, merchant"
背景,はいけい,"background, scenery, setting, circumstance"
不当,ふとう,"injustice, impropriety, unreasonableness, undeservedness, unfair, invalid"
俺,おれ,I (ego) (boastful first-person pronoun)
,ノイローゼ,(de:) (n) neurosis (de: Neurose)
片思い,かたおもい,unrequited love
面会,めんかい,interview
顎,あご,chin
ご馳走,ごちそう,"feast, treating (someone)"
乃至,ないし,"from...to, between...and, or"
全盛,ぜんせい,height of prosperity
若しかすると,もしかすると,"perhaps, maybe, by some chance"
張り紙,はりがみ,"paper patch, paper backing, poster"
忠告,ちゅうこく,"advice, warning"
勤まる,つとまる,"to be fit for, to be equal to, to function properly"
幽霊,ゆうれい,"ghost, specter, apparition, phantom"
勤勉,きんべん,"industry, diligence"
法案,ほうあん,bill (law)
お先に,おさきに,"before, ahead, previously"
ご苦労様,ごくろうさま,Thank you very much for your....
身振り,みぶり,gesture
大便,だいべん,"feces, excrement, shit"
大方,おおかた,"perhaps, almost all, majority"
徐行,じょこう,going slowly
心地,ここち,"feeling, sensation, mood"
対立,たいりつ,"confrontation, opposition, antagonism"
転転,てんてん,"rolling about, moving from place to place, being passed around repeatedly"
逞しい,たくましい,"burly, strong, sturdy"
街頭,がいとう,in the street
揺らぐ,ゆらぐ,"to swing, to sway, to shake, to tremble"
有様,ありさま,"state, condition, circumstances, the way things are or should be, truth"
伝説,でんせつ,"tradition, legend, folklore"
欲望,よくぼう,"desire, appetite"
細やか,こまやか,friendly
,くっきり,"distinctly, clearly, boldly"
,インターフォン,intercom
,あべこべ,"contrary, opposite, inverse"
採集,さいしゅう,"collecting, gathering"
年輪,ねんりん,annual tree ring
先だって,せんだって,"recently, the other day"
,ワット,watt
目覚しい,めざましい,"brilliant, splendid, striking, remarkable"
退学,たいがく,dropping out of school
頂,いただき,"(top of) head, summit, spire"
繕う,つくろう,"to mend, to repair, to fix, to patch up, to darn, to tidy up, to adjust, to trim"
尊ぶ,たっとぶ,"to value, to prize, to esteem"
付録,ふろく,"appendix, supplement"
制,せい,"system, organization, imperial command, laws, regulation, control, government, suppression, restraint, holdin"
内臓,ないぞう,"internal organs, intestines, viscera"
固体,こたい,solid (body)
暫く,しばらく,little while
緩む,ゆるむ,"to become loose, to slacken"
恐らく,おそらく,perhaps
南,なん,south
孤立,こりつ,"isolation, helplessness"
運賃,うんちん,"freight rates, shipping expenses, fare"
,ずれ,"gap, slippage"
安っぽい,やすっぽい,"cheap-looking, tawdry, insignificant"
年号,ねんごう,"name of an era, year number"
創立,そうりつ,"establishment, founding, organization"
,レディー,lady
賃金,ちんぎん,wages
同居,どうきょ,living together
不図,ふと,"suddenly, casually, accidentally, incidentally, unexpectedly, unintentionally"
同情,どうじょう,"sympathy, compassion, sympathize, pity, feel for"
仏像,ぶつぞう,Buddhist image (statue)
懸賞,けんしょう,"offering prizes, winning, reward"
大衆,たいしゅう,general public
干し物,ほしもの,dried washing (clothes)
街道,かいどう,highway
其れ共,それとも,"or, or else"
脳,のう,"brain, memory"
酪農,らくのう,dairy (farm)
特有,とくゆう,"characteristic (of), peculiar (to)"
補足,ほそく,"supplement, complement"
共鳴,きょうめい,"resonance, sympathy"
上司,じょうし,"superior authorities, boss"
跡切れる,とぎれる,"to pause, to be interrupted"
沢山,たくさん,"many, a lot, much"
馬鹿らしい,ばからしい,absurd
依然,いぜん,"still, as yet"
過疎,かそ,depopulation
味覚,みかく,"taste, palate, sense of taste"
遺跡,いせき,historic ruins (remains relics)
竿,さお,"rod, pole (e.g. for drying laundry)"
赤ちゃん,あかちゃん,"baby, infant"
十分,じっぷん,10 minutes
努めて,つとめて,"make an effort!, work hard!"
共学,きょうがく,coeducation
抑制,よくせい,suppression
同意,どうい,"agreement, consent, same meaning, same opinion, approval"
分母,ぶんぼ,denominator
伝来,でんらい,"ancestral, hereditary, imported, transmitted, handed down"
有する,ゆうする,"to own, to be endowed with"
感無量,かんむりょう,"deep feeling, inexpressible feeling, filled with emotion"
製法,せいほう,"manufacturing method, recipe, formula"
大金,たいきん,great cost
船舶,せんぱく,ship
過密,かみつ,crowded
究極,きゅうきょく,"ultimate, final, eventual"
重役,おもやく,"heavy responsibilities, director"
国防,こくぼう,national defence
臆病,おくびょう,"cowardice, timidity"
前もって,まえもって,"in advance, beforehand, previously"
迚も,とても,"very, awfully, exceedingly"
銃,つつ,gun
再,さい,"re-, again, repeated"
耕作,こうさく,"cultivation, farming"
脱出,だっしゅつ,escape
知り合い,しりあい,acquaintance
津波,つなみ,"tsunami, tidal wave"
不明,ふめい,"unknown, obscure, indistinct, uncertain, ambiguous, ignorant, lack of wisdom, anonymous, unidentified"
取り混ぜる,とりまぜる,"to mix, to put together"
遠回り,とおまわり,"detour, roundabout way"
保障,ほしょう,"guarantee, security, assurance, pledge, warranty"
戸籍,こせき,"census, family register"
関与,かんよ,"participation, taking part in, participating in, being concerned in"
事前,じぜん,"prior, beforehand, in advance"
市,いち,"market, fair"
外方,そっぽ,look (or turn) the other way
甥,おい,nephew
盲点,もうてん,blind spot
何故,なぜ,"why, how"
盛大,せいだい,"grand, prosperous, magnificent"
不順,ふじゅん,"irregularity, unseasonableness"
志望,しぼう,"wish, desire, ambition"
藁,わら,straw
進展,しんてん,"progress, development"
新,しん,new
返答,へんとう,reply
動力,どうりょく,"power, motive power, dynamic force"
目蓋,まぶた,eyelid
呆気ない,あっけない,"not enough, too quick (short long etc.)"
軍服,ぐんぷく,military or naval uniform
軽快,けいかい,"rhythmical (e.g. melody), casual (e.g. dress), light, nimble"
,きっちり,"precisely, tightly"
合併,がっぺい,"combination, union, amalgamation, consolidation, merger, coalition, fusion, annexation, affiliation, incorpor"
素朴,そぼく,"simplicity, artlessness, naivete"
圧力,あつりょく,"stress, pressure"
惜しむ,おしむ,"to be frugal, to value, to regret"
自首,じしゅ,"surrender, give oneself up"
救い,すくい,"help, aid, relief"
記す,しるす,"to note, to write down"
正常,せいじょう,"normalcy, normality, normal"
,ぶらぶら,"dangle heavily, swing, sway to and fro, aimlessly, idly, lazily, loiter, loaf, be idle, stroll idly"
何しろ,なにしろ,"at any rate, anyhow, anyway, in any case"
該当,がいとう,"corresponding, answering to, coming under"
出産,しゅっさん,"(child)birth, delivery, production (of goods)"
天体,てんたい,heavenly body
嚏,くしゃみ,sneeze
多様,たよう,"diversity, variety"
出血,しゅっけつ,"bleeding, haemorrhage"
碑,いしぶみ,stone monument bearing an inscription
,サンキュー,thank you
構想,こうそう,"plan, plot, idea, conception"
浮力,ふりょく,"buoyancy, floating power"
写し,うつし,"copy, duplicate, facsimile, transcript"
収支,しゅうし,income and expenditure
小銭,こぜに,"coins, small change"
解除,かいじょ,"cancellation, rescinding, release, calling off"
自己,じこ,"self, oneself"
助動詞,じょどうし,auxiliary verb
参上,さんじょう,"calling on, visiting"
微量,びりょう,"minuscule amount, extremely small quantity"
再生,さいせい,"playback, regeneration, resuscitation, return to life, rebirth, reincarnation, narrow escape, reclamation, r"
権,けん,"authority, the right (to do something)"
貝殻,かいがら,shell
お邪魔します,おじゃまします,Excuse me for disturbing (interrupting) you
自転,じてん,"rotation, spin"
,ぞんざい,"rude, careless, slovenly"
接ぐ,つぐ,"to join, to piece together, to set (bones), to graft (trees)"
茎,くき,stalk
前例,ぜんれい,precedent
運用,うんよう,"making use of, application, investment, practical use"
,レントゲン,X-ray (lit: Roentgen)
域外,いきがい,outside the area
弾力,だんりょく,"elasticity, flexibility"
修了,しゅうりょう,completion (of a course)
優勢,ゆうせい,"superiority, superior power, predominance, preponderance"
賜る,たまわる,"to grant, to bestow"
革命,かくめい,revolution
燃料,ねんりょう,fuel
尿,にょう,urine
非難,ひなん,"blame, attack, criticism"
頻繁,ひんぱん,frequency
,テレックス,"telex, teletypewriter exchange"
禁じる,きんじる,to prohibit
沈没,ちんぼつ,"sinking, foundering"
補強,ほきょう,"compensation, reinforcement"
享受,きょうじゅ,"reception, acceptance, enjoyment, being given"
情勢,じょうせい,"state of things, condition, situation"
沿い,ぞい,along
渡り鳥,わたりどり,"migratory bird, bird of passage"
土手,どて,"embankment, bank"
現われ,あらわれ,"embodiment, materialization"
雪崩,なだれ,avalanche
行き違い,いきちがい,"misunderstanding, estrangement, disagreement, crossing without meeting, going astray"
一心,いっしん,"one mind, wholeheartedness, the whole heart"
産出,さんしゅつ,"yield, produce"
動き,うごき,"movement, activity, trend, development, change"
用品,ようひん,"articles, supplies, parts"
,ホール,"hall, hole"
,サボる,"to be truant, to be idle, to sabotage by slowness"
頬っぺた,ほっぺた,cheek
修行,しゅうぎょう,"pursuit of knowledge, studying, learning, training, ascetic practice, discipline"
諮る,はかる,"to consult with, to confer"
実態,じったい,"truth, fact"
経る,へる,"to pass, to elapse, to experience"
銅,あかがね,copper
御,ご,"go-, honourable"
逸らす,そらす,"to turn away, to avert"
吝嗇,けち,"stinginess, miser, miserliness, skinflint, tightwad, niggard, pinching pennies"
大げさ,おおげさ,"grandiose, exaggerated"
佐,さ,help
,ダブる,"to coincide (fall on the same day), to have two of something, to repeat a school year after failing"
成果,せいか,"results, fruits"
生計,せいけい,"livelihood, living"
落ちる,おちる,"to fail (e.g. exam), to fall down, to drop"
統合,とうごう,"integration, unification, synthesis"
物資,ぶっし,"goods, materials"
,スプリング,spring
,セックス,sexual intercourse
封建,ほうけん,feudalistic
宝器,ほうき,"treasured article or vessel, outstanding individual"
火傷,かしょう,"burn, scald"
促進,そくしん,"promotion, acceleration, encouragement, facilitation, spurring on"
,ジャズ,jazz
苛める,いじめる,"to tease, to torment, to persecute, to chastise"
軋む,きしむ,"to jar, to creak, to grate"
引っ掛ける,ひっかける,"1. to hang (something) on (something), to throw on (clothes), 2. to hook, to catch, to trap, to ensnar"
夜更かし,よふかし,"staying up late, keeping late hours, sitting up late at night, nighthawk"
教材,きょうざい,teaching materials
異論,いろん,"different opinion, objection"
減少,げんしょう,"decrease, reduction, decline"
片言,かたこと,"a smattering, talk like a baby, speak haltingly"
神秘,しんぴ,mystery
任命,にんめい,"appointment, nomination, ordination, commission, designation"
対決,たいけつ,"confrontation, showdown"
途絶える,とだえる,"to stop, to cease, to come to an end"
唾,つば,"saliva, sputum"
手当て,てあて,"allowance, compensation, treatment, medical care"
運搬,うんぱん,"transport, carriage"
,ドライクリーニング,dry cleaning
連盟,れんめい,"league, union, alliance"
激励,げきれい,encouragement
,センス,good sense (for music style tact etc.)
著しい,いちじるしい,"remarkable, considerable"
単調,たんちょう,"monotony, monotone, dullness"
金庫,かねぐら,"safe, vault, treasury, provider of funds"
立方,たちかた,dancing (geisha)
溝,こう,"10^38, hundred undecillion (American), hundred sextillion (British)"
携わる,たずさわる,"to participate, to take part"
捧げる,ささげる,"to lift up, to give, to offer, to consecrate, to devote, to sacrifice, to dedicate"
新入生,しんにゅうせい,"freshman, first-year student"
単一,たんいつ,"single, simple, sole, individual, unitory"
兵器,へいき,"arms, weapons, ordinance"
観覧,かんらん,viewing
取り戻す,とりもどす,"to take back, to regain"
勘弁,かんべん,"pardon, forgiveness, forbearance"
紡績,ぼうせき,spinning
獲得,かくとく,"acquisition, possession"
海流,かいりゅう,ocean current
近眼,きんがん,"nearsightedness, shortsightedness, myopia"
学士,がくし,university graduate
口ずさむ,くちずさむ,"to hum something, to sing to oneself"
期日,きじつ,"fixed date, settlement date"
自在,じざい,"freely, at will"
工作,こうさく,"work, construction, handicraft, maneuvering"
丘陵,きゅうりょう,hill
織,おり,"weave, weaving, woven item"
汽船,きせん,steamship
好意,こうい,"good will, favor, courtesy"
耐える,たえる,"to bear, to endure"
畳,じょう,#NAME?
紛争,ふんそう,"dispute, trouble, strife"
福,ふく,good fortune
甘口,あまくち,"sweet flavour, mildness, flattery, stupidity"
対面,たいめん,"interview, meeting"
追い出す,おいだす,"to expel, to drive out"
乾,かん,"heaven, emperor"
賛美,さんび,"praise, adoration, glorification"
物議,ぶつぎ,public discussion (criticism)
尽くす,つくす,"to exhaust, to run out, to serve (a person), to befriend"
露骨,ろこつ,"1. frank, blunt, plain, outspoken, 2. conspicuous, open, 3. broad, suggestive"
強いる,しいる,"to force, to compel, to coerce"
融通,ゆうずう,"lending (money), accommodation, adaptability, versatility, finance"
柔軟,じゅうなん,"flexible, lithe"
草臥れる,くたびれる,"to get tired, to wear out"
,がっしり,"firmly, solidly, tough"
原爆,げんばく,atomic bomb
,オリエンテーション,orientation
連邦,れんぽう,"commonwealth, federation of states"
埋め込む,うめこむ,to bury
資産,しさん,"property, fortune, means, assets"
子息,しそく,son
他意,たい,"ill will, malice, another intention, secret purpose, ulterior motive, fickleness, double-mindedness"
相応しい,ふさわしい,appropriate
票,ひょう,"label, ballot, ticket, sign"
気風,きふう,"character, traits, ethos"
志す,こころざす,"to plan, to intend, to aspire to, to set aims (sights on)"
嘗める,なめる,"to lick, to taste, to experience, to make fun of, to make light of, to put down, to treat with contempt"
国交,こっこう,diplomatic relations
碌に,ろくに,"well, enough, sufficient"
憧れ,あこがれ,"yearning, longing, aspiration"
河川,かせん,rivers
繁殖,はんしょく,"breed, multiply, increase, propagation"
契る,ちぎる,"to pledge, to promise, to swear"
強気,ごうぎ,"great, grand"
小売,こうり,retail
分散,ぶんさん,"dispersion, decentralization, variance (statistics)"
履歴,りれき,"personal history, background, career, log"
当たり,あたり,"hit, success, reaching the mark, per ..., vicinity, neighborhood"
労る,いたわる,"to pity, to sympathize with, to console, to care for, to be kind to"
,モーテル,motel
倹約,けんやく,"thrift, economy, frugality"
萎びる,しなびる,"to wilt, to fade"
仕上げる,しあげる,"to finish up, to complete"
誇る,ほこる,"to boast of, to be proud of"
辺り,ほとり,"(in the) neighbourhood, vicinity, nearby"
見舞,みまい,"enquiry, expression of sympathy, expression of concern"
済ます,すます,"to finish, to get it over with, to settle, to conclude, to pay back"
尻尾,しっぽ,tail (animal)
,メロディー,melody
悲惨,ひさん,misery
比率,ひりつ,"ratio, proportion, percentage"
埋まる,うずまる,"to be buried, to be surrounded, to overflow, to be filled"
前売り,まえうり,"advance sale, booking"
邸宅,ていたく,"mansion, residence"
本館,ほんかん,main building
外相,がいしょう,Foreign Minister
結び,むすび,"ending, conclusion, union"
何の,どの,"which, what"
辟易,へきえき,"wince, shrink back, succumbing to, being frightened, disconcerted"
,コミュニケーション,communication
復旧,ふくきゅう,"restoration, restitution, rehabilitation"
診療,しんりょう,"medical examination and treatment, diagnosis"
農耕,のうこう,"farming, agriculture"
気流,きりゅう,atmospheric current
装備,そうび,equipment
体力,たいりょく,physical strength
腸,ちょう,"guts, bowels, intestines"
戸締り,とじまり,"closing up, fastening the doors"
論理,ろんり,logic
言伝,ことづて,"declaration, hearsay"
心情,しんじょう,mentality
未熟,みじゅく,"inexperience, unripeness, raw, unskilled, immature, inexperienced"
お巡りさん,おまわりさん,policeman (friendly term)
非行,ひこう,"delinquency, misconduct"
何なり,なんなり,"any, anything, whatever"
遮る,さえぎる,"to interrupt, to intercept, to obstruct"
賭ける,かける,"to wager, to bet, to risk, to stake, to gamble"
,ポイント,point
賢明,けんめい,"wisdom, intelligence, prudence"
勢力,せいりょく,"influence, power, might, strength, potency, force, energy"
ご無沙汰,ごぶさた,not writing or contacting for a while
強請る,ねだる,"to tease, to coax, to solicit, to demand"
称する,しょうする,"to pretend, to take the name of, to feign, to purport"
行政,ぎょうせい,administration
業務,ぎょうむ,"business, affairs, duties, work"
不可欠,ふかけつ,"indispensable, essential"
滞納,たいのう,"non-payment, default"
移住,いじゅう,"migration, immigration"
非,ひ,"faulty-, non-"
軒並み,のきなみ,row of houses
両極,りょうきょく,"both extremities, north and south poles, positive and negative poles"
指令,しれい,"orders, instructions, directive"
生,き,"pure, undiluted, raw, crude"
曖昧,あいまい,"vague, ambiguous"
質素,しっそ,"simplicity, modesty, frugality"
坊ちゃん,ぼっちゃん,son (of others)
,アルカリ,alkali
君主,くんしゅ,"ruler, monarch"
式場,しきじょう,"ceremonial hall, place of ceremony (e.g. marriage)"
化繊,かせん,synthetic fibres
辛抱,しんぼう,"patience, endurance"
協議,きょうぎ,"conference, consultation, discussion, negotiation"
,ポーズ,pause
且つ,かつ,"yet, and"
態と,わざと,on purpose
屎尿,しにょう,"excreta, raw sewage, human waste, night soil"
高尚,こうしょう,"high, noble, refined, advanced"
感染,かんせん,"infection, contagion"
発育,はついく,"(physical) growth, development"
拒絶,きょぜつ,"refusal, rejection"
供,きょう,"offer, present, submit, serve (a meal), supply"
爆破,ばくは,"blast, explosion, blow up"
辻褄,つじつま,"coherence, consistency"
呉れ呉れも,くれぐれも,"repeatedly, sincerely, earnestly"
切り,きり,"limits, end, bounds, period, place to leave off, closing sentence, all there is, only, since"
並列,へいれつ,"arrangement, parallel, abreast"
,タイミング,timing
長官,ちょうかん,"chief, (government) secretary"
時刻表,じこくひょう,"table, diagram, chart, timetable, schedule"
閲覧,えつらん,"inspection, reading"
先先月,せんせんげつ,month before last
異議,いぎ,"objection, dissent, protest"
心得,こころえ,"knowledge, information"
,スラックス,slacks
役立つ,やくだつ,"to be useful, to be helpful, to serve the purpose"
立体,りったい,solid body
埋蔵,まいぞう,"buried property, treasure trove"
取材,しゅざい,"choice of subject, collecting data"
庶務,しょむ,general affairs
趣旨,しゅし,"object, meaning"
敢えて,あえて,"dare (to do), challenge (to do)"
引っ掻く,ひっかく,to scratch
,インテリ,"egghead, intelligentsia"
悲鳴,ひめい,"shriek, scream"
税務署,ぜいむしょ,tax office
旧知,きゅうち,"old friend, old friendship"
怠慢,たいまん,"negligence, procrastination, carelessness"
和風,わふう,Japanese style
採択,さいたく,"adoption, selection, choice"
達成,たっせい,achievement
悪い,にくい,"hateful, abominable, poor-looking"
屈折,くっせつ,"bending, indentation, refraction"
,いやに,"awfully, terribly"
申し込み,もうしこみ,"application, entry, request, subscription, offer, proposal, overture, challenge"
値,あたい,"value, price, cost, worth, merit"
円満,えんまん,"perfection, harmony, peace, smoothness, completeness, satisfaction, integrity"
刃,は,edge (of a sword)
弄る,いじる,"to touch, to tamper with"
受身,うけみ,"passive, passive voice"
林業,りんぎょう,forestry
重複,じゅうふく,"duplication, repetition, overlapping, redundancy, restoration"
,ドライバー,"driver, screwdriver"
頑固,がんこ,"stubbornness, obstinacy"
出くわす,でくわす,"to happen to meet, to come across"
見せびらかす,みせびらかす,"to show off, to flaunt"
,タイム,time
政権,せいけん,"administration, political power"
臨む,のぞむ,"to look out on, to face, to deal with, to attend (function)"
お大事に,おだいじに,Take care of yourself
配慮,はいりょ,"consideration, concern, forethought"
,ストロー,straw
宣教,せんきょう,religious mission
切っ掛け,きっかけ,"chance, start, cue, excuse, motive, impetus, occasion"
,ぼつぼつ,"gradually, here and there, spots, pimples"
高まる,たかまる,"to rise, to swell, to be promoted"
土俵,どひょう,arena
弛み,たるみ,"slack, slackening, dullness, letdown"
引き受ける,ひきうける,"to undertake, to take up, to take over, to be responsible for, to guarantee, to contract (disease)"
向上,こうじょう,"elevation, rise, improvement, advancement, progress"
名称,めいしょう,name
刑,けい,"penalty, sentence, punishment"
真実,さな,"truth, reality"
奮闘,ふんとう,"hard struggle, strenuous effort"
見苦しい,みぐるしい,"unsightly, ugly"
戴きます,いただきます,expression of gratitude before meals
簡潔,かんけつ,"brevity, conciseness, simplicity"
吃驚,びっくり,"be surprised, be amazed, be frightened, astonishment"
老衰,ろうすい,"senility, senile decay"
担う,になう,"to carry on shoulder, to bear (burden), to shoulder (gun)"
素早い,すばやい,"fast, quick, prompt, agile"
起点,きてん,starting point
切実,せつじつ,"compelling, serious, severe, acute, earnest, pressing, urgent"
而も,しかも,"moreover, furthermore, nevertheless, and yet"
拵える,こしらえる,"to make, to manufacture"
作用,さよう,"action, operation, effect, function"
兵士,へいし,soldier
無知,むち,ignorance
適性,てきせい,aptitude
,コーナー,corner
観,かん,"look, appearance, spectacle"
一連,いちれん,"a series, a chain, a ream (of paper)"
書き取り,かきとり,dictation
軽蔑,けいべつ,"scorn, disdain"
其の儘,そのまま,"without change, as it is (i.e. now)"
旅券,りょけん,passport
真上,まうえ,"just above, right overhead"
応募,おうぼ,"subscription, application"
富,とみ,"wealth, fortune"
,パジャマ,"pajamas, pyjamas"
出品,しゅっぴん,"exhibit, display"
脱退,だったい,secession
流,りゅう,"styleof, method of, manner of"
原作,げんさく,original work
転任,てんにん,change of post
武力,ぶりょく,"armed might, military power, the sword, force"
議題,ぎだい,"topic of discussion, agenda"
委託,いたく,"consign (goods (for sale) to a firm), entrust (person with something), commit"
生身,なまみ,"living flesh, flesh and blood, the quick"
潜る,くぐる,"1. to drive, to pass through, 2. to evade, to hide, 3. to dive (into or under water), to go undergro"
拝借,はいしゃく,borrowing
遅くとも,おそくとも,at the latest
長,おさ,"chief, head"
根底,こんてい,"root, basis, foundation"
,タイムリー,"timely, run-batted-in (baseball), RBI"
世論,せろん,public opinion
品質,ひんしつ,quality
過労,かろう,"overwork, strain"
保管,ほかん,"charge, custody, safekeeping, deposit, storage"
入る,いる,"to get in, to go in, to come in, to flow into, to set, to set in"
可愛がる,かわいがる,"to love, to be affectionate"
未開,みかい,"savage land, backward region, uncivilized"
光熱費,こうねつひ,cost of fuel and light
,レクリエーション,recreation
見方,みかた,viewpoint
くっ付く,くっつく,"to adhere to, to keep close to"
月謝,げっしゃ,monthly tuition fee
投げ出す,なげだす,"to throw down, to abandon, to sacrifice, to throw out"
割り算,わりざん,division (math)
若干,じゃっかん,"some, few, number of"
割引き,わりびき,"discount, reduction, rebate, tenths discounted"
確定,かくてい,"definition (math), decision, settlement"
仏,ふつ,French
差し出す,さしだす,"to present, to submit, to tender, to hold out"
個別,こべつ,particular case
辞職,じしょく,resignation
使命,しめい,"mission, errand, message"
消耗,しょうこう,"exhaustion, consumption"
集計,しゅうけい,"totalization, aggregate"
汚らわしい,けがらわしい,"filthy, unfair"
,ボイコット,boycott
付き合う,つきあう,"to associate with, to keep company with, to get on with"
,スピード,speed
証拠,しょうこ,"evidence, proof"
,シナリオ,scenario
赤字,あかじ,"deficit, go in the red"
,フォーム,"foam, form"
月並み,つきなみ,"every month, common"
領地,りょうち,"territory, dominion"
着飾る,きかざる,to dress up
過ぎ,すぎ,"past, after"
佳句,かく,beautiful passage of literature
愚か,おろか,"foolish, stupid"
,ミュージック,music
従来,じゅうらい,"up to now, so far, traditional"
募金,ぼきん,"fund-raising, collection of funds"
賠償,ばいしょう,"reparations, indemnity, compensation"
読み上げる,よみあげる,"to read out loud (and clearly), to call a roll"
抗議,こうぎ,"protest, objection"
呉れる,くれる,"to give, to let one have, to do for one, to be given"
痛む,いたむ,"to hurt, to feel a pain, to be injured"
錯誤,さくご,mistake
弱める,よわめる,to weaken
気まぐれ,きまぐれ,"whim, caprice, whimsy, fickle, moody, uneven temper"
同封,どうふう,enclosure (e.g. in a letter)
節,せつ,"node, section, occasion, time"
衣料,いりょう,clothing
,ぼやく,"to grumble, to complain"
思考,しこう,thought
見込み,みこみ,"hope, prospects, expectation"
交互,こうご,"mutual, reciprocal, alternate"
,トーン,tone
華美,かび,"pomp, splendor, gaudiness"
拡散,かくさん,"scattering, diffusion"
然して,そして,and
訪れる,おとずれる,to visit
洪水,こうずい,flood
配置,はいち,"arrangement (of resources), disposition"
記載,きさい,"mention, entry"
規範,きはん,"model, standard, pattern, norm, criterion, example"
,コンタクト,"contact, contact lens"
豊作,ほうさく,"abundant harvest, bumper crop"
,マスコミ,mass communication
司法,しほう,administration of justice
腹立ち,はらだち,anger
給仕,きゅうじ,"office boy (girl), page, waiter"
贋物,がんぶつ,"imitation, counterfeit, forgery, sham"
老いる,おいる,"to age, to grow old"
瓶,かめ,earthenware pot
暗示,あんじ,"hint, suggestion"
,ゲスト,guest
,ソロ,solo
起伏,きふく,undulation
,しまった,Damn it!
貯蓄,ちょちく,savings
差し掛かる,さしかかる,"to come near to, to approach"
可愛らしい,かわいらしい,"lovely, sweet"
説得,せっとく,persuasion
満月,まんげつ,full moon
進み,すすみ,progress
緊急,きんきゅう,"urgent, pressing, emergency"
何時か,いつか,"sometime, someday, one day, some time or other, the other day, in due course, in time"
報道,ほうどう,"information, report"
震わせる,ふるわせる,"to be shaking, to be trembling"
指揮,しき,"command, direction"
伐,ばつ,"strike, attack, punish"
頼み,たのみ,"request, favor, reliance, dependence"
区,く,"ward, district, section"
,ベストセラー,best-seller
好い,よい,good
造り,つくり,"make up, structure, physique"
祝賀,しゅくが,"celebration, congratulations"
やり遂げる,やりとげる,to accomplish
粥,かゆ,(rice) gruel
転換,てんかん,"convert, divert"
終始,しゅうし,"beginning and end, from beginning to end, doing a thing from beginning to end"
濠,ごう,moat
陰気,いんき,"gloom, melancholy"
区間,くかん,section (of track etc)
海峡,かいきょう,channel
条約,じょうやく,"treaty, pact"
以て,もって,"with, by, by means of, because, in view of"
遅れ,おくれ,"delay, lag"
眼科,がんか,ophthalmology
心強い,こころづよい,"heartening, reassuring"
地主,じぬし,landlord
教習,きょうしゅう,"training, instruction"
症,しょう,illness
当てはめる,あてはめる,"to apply, to adapt"
不況,ふきょう,"recession, depression, slump"
移民,いみん,"emigration, immigration, emigrant, immigrant"
仕掛け,しかけ,"device, trick, mechanism, gadget, (small) scale, half finished, commencement, set up, challenge"
告白,こくはく,"confession, acknowledgement"
転居,てんきょ,"moving, changing residence"
発作,ほっさ,"fit, spasm"
誤差,ごさ,error
客観,きゃっかん,objective
修士,しゅうし,Masters degree program
幹,かん,(tree) trunk
共感,きょうかん,"sympathy, response"
打ち合わせる,うちあわせる,"to knock together, to arrange"
玩具,おもちゃ,toy
,イエス,"Jesus, yes"
元首,げんしゅ,"ruler, sovereign"
先着,せんちゃく,first arrival
版,はん,edition
帯びる,おびる,"to wear, to carry, to be entrusted, to have, to take on, to have a trace of, to be tinged with"
,パチンコ,pachinko (Japanese pinball)
重んじる,おもんじる,"to respect, to honor, to esteem, to prize"
負傷,ふしょう,"injury, wound"
化ける,ばける,"to appear in disguise, to take the form of, to change for the worse"
,ゼリー,"1. jelly, 2. Jerry"
,パトカー,patrol car
講読,こうどく,"reading, translation"
復活,ふっかつ,"revival (e.g. musical), restoration"
偽造,ぎぞう,"forgery, falsification, fabrication, counterfeiting"
,ロープ,rope
根回し,ねまわし,making necessary arrangements
躓く,つまずく,"to stumble, to trip"
無礼,ぶれい,"impolite, rude"
海路,うみじ,sea route
楽しむ,たのしむ,to enjoy oneself
徹する,てっする,"to sink in, to penetrate, to devote oneself, to believe in, to go through, to do intently and exclusively"
日の丸,ひのまる,the Japanese flag
揶揄う,からかう,"to ridicule, to tease, to banter with, to make fun of"
現われる,あらわれる,"to appear, to come in sight, to become visible, to come out, to embody, to materialize, to express oneself"
大事,おおごと,"important, valuable, serious matter"
結核,けっかく,"tuberculosis, tubercule"
長閑,のどか,"tranquil, calm, quiet"
雨天,うてん,rainy weather
当選,とうせん,"being elected, winning the prize"
捜査,そうさ,"search (esp. in criminal investigations), investigation"
弁論,べんろん,"discussion, debate, argument"
従業員,じゅうぎょういん,"employee, worker"
同等,どうとう,"equality, equal, same rights, same rank"
余程,よっぽど,"very, greatly, much, to a large extent, quite"
還暦,かんれき,60th birthday
余所見,よそみ,"looking away, looking aside"
面白い,おもしろい,"interesting, amusing"
優越,ゆうえつ,"supremacy, predominance, being superior to"
映写,えいしゃ,projection
指図,さしず,"instruction, mandate"
遠ざかる,とおざかる,to go far off
戦災,せんさい,war damage
中継,ちゅうけい,"relay, hook-up"
,あやふや,"uncertain, vague, ambiguous"
購入,こうにゅう,"purchase, buy"
家出,いえで,"running away from home, leaving home"
収益,しゅうえき,"earnings, proceeds, returns"
何より,なにより,"most, best"
人柄,ひとがら,"personality, character, personal appearance, gentility"
購読,こうどく,subscription (e.g. magazine)
如何に,いかに,"how?, in what way?, how much?, however, whatever"
主観,しゅかん,"subjectivity, subject, ego"
所在,しょざい,whereabouts
填まる,はまる,"to get into, to go into, to fit, to be fit for, to suit, to fall into, to plunge into, to be deceived, to be"
脅かす,おどかす,"to threaten, to coerce"
跨がる,またがる,"to extend over or into, to straddle"
組み合わせ,くみあわせ,combination
屡,しばしば,"often, again and again, frequently"
短波,たんぱ,short wave
真に,まことに,"truly, actually, really"
木綿,きわた,cotton
天災,てんさい,"natural calamity, disaster"
報ずる,ほうずる,"to inform, to report"
感度,かんど,"sensitivity, severity (quake)"
植民地,しょくみんち,colony
稲光,いなびかり,(flash of) lightning
光沢,こうたく,"brilliance, polish, lustre, glossy finish (of photographs)"
嬢,じょう,young woman
予言,かねごと,"prediction, promise, prognostication"
制定,せいてい,"enactment, establishment, creation"
行進,こうしん,"march, parade"
,ややこしい,"puzzling, tangled, complicated, complex"
降水,こうすい,"rainfall, precipitation"
配分,はいぶん,"distribution, allotment"
追放,ついほう,"exile, banishment"
多数決,たすうけつ,majority rule
頻りに,しきりに,"frequently, repeatedly, incessantly, eagerly"
養成,ようせい,"training, development"
取り扱う,とりあつかう,"to treat, to handle, to deal in"
反響,はんきょう,"echo, reverberation, repercussion, reaction, influence"
点火,てんか,"ignition, lighting, set fire to"
著書,ちょしょ,"literary work, book"
駄作,ださく,"poor work, rubbish"
かも知れない,かもしれない,"may, might, perhaps, may be, possibly"
怒り,いかり,"anger, hatred"
或いは,あるいは,"or, possibly"
構える,かまえる,to set up
極めて,きわめて,"exceedingly, extremely"
掛け,かけ,credit
戸,こ,counter for houses
輪,りん,counter for wheels and flowers
,たった,"only, merely, but, no more than"
取り替え,とりかえ,"swap, exchange"
課外,かがい,extracurricular
忽ち,たちまち,"at once, in a moment, suddenly, all at once"
難い,かたい,"difficult, hard"
気軽,きがる,"cheerful, buoyant, lighthearted"
各種,かくしゅ,"every kind, all sorts"
実費,じっぴ,"actual expense, cost price"
出費,しゅっぴ,"expenses, disbursements"
,えい,ray (fish)
西日,にしび,westering sun
炭素,たんそ,carbon (C)
届け,とどけ,"report, notification, registration"
気障,きざ,"affectation, conceit, snobbery"
入口,いりくち,"entrance, gate, approach, mouth"
,スタジオ,studio
夕焼け,ゆうやけ,sunset
成熟,せいじゅく,"maturity, ripeness"
助,じょ,"help, rescue, assistant"
野生,やせい,wild
灯,ともしび,light
所謂,いわゆる,"the so-called, so to speak"
喋る,しゃべる,"to talk, to chat, to chatter"
況して,まして,"still more, still less (with neg. verb), to say nothing of, not to mention"
権威,けんい,"authority, power, influence"
脅す,おどす,"to threaten, to menace"
如何しても,どうしても,"by all means, at any cost, no matter what, after all, in the long run, cravingly, at any rate, surely"
的,てき,"-like, typical"
皇居,こうきょ,Imperial Palace
中立,ちゅうりつ,neutrality
原,げん,"original, primitive, primary, fundamental, raw"
強いて,しいて,by force
葦,よし,"reed, bulrush"
催す,もよおす,"to hold (a meeting), to give (a dinner), to feel, to show signs of, to develop symptoms of, to feel (sick"
思い付き,おもいつき,"plan, idea, suggestion"
没落,ぼつらく,"ruin, fall, collapse"
,メーカー,maker
一面,いちめん,"one side, one phase, front page, the other hand, the whole surface"
早急,さっきゅう,urgent
一まず,ひとまず,"for the present, once, in outline"
概念,がいねん,"general idea, concept, notion"
再建,さいけん,"rebuilding, reconstruction, rehabilitation"
,レッスン,lesson
三,み,(num) three
取り調べる,とりしらべる,"to investigate, to examine"
乏しい,とぼしい,"meagre, scarce, limited, destitute, hard up, scanty, poor"
古,いにしえ,"antiquity, ancient times"
主任,しゅにん,"person in charge, responsible official"
壇,だん,"1. platform, podium, rostrum, 2. (arch) mandala"
蜜,みつ,"nectar, honey"
些とも,ちっとも,not at all (neg. verb)
模型,もけい,"model, dummy, maquette"
側,かわ,"side, row, surroundings, part, (watch) case"
親善,しんぜん,friendship
疾っくに,とっくに,"long ago, already, a long time ago"
把握,はあく,"grasp, catch, understanding"
処置,しょち,treatment
,ソックス,socks
生育,せいいく,"growth, development, breeding"
,びり,"last on the list, at the bottom"
恥じる,はじる,to feel ashamed
待遇,たいぐう,"treatment, reception"
勧め,すすめ,"recommendation, advice, encouragement"
,コンテスト,contest
逃れる,のがれる,to escape
損なう,そこなう,"to harm, to hurt, to injure, to damage, to fail in doing"
関税,かんぜい,"customs, duty, tariff"
携帯,けいたい,carrying something
散蒔く,ばらまく,"to disseminate, to scatter, to give money freely"
刺繍,ししゅう,embroidery
良好,りょうこう,"favorable, satisfactory"
玄人,くろうと,"expert, professional, geisha, prostitute"
好ましい,このましい,"nice, likeable, desirable"
管,かん,"pipe, tube"
少なくとも,すくなくとも,at least
放置,ほうち,"leave as is, leave to chance, leave alone, neglect"
荒廃,こうはい,ruin
ご座います,ございます,"to be (polite), to exist"
措置,そち,"measure, step"
郷愁,きょうしゅう,"nostalgia, homesickness"
倍率,ばいりつ,"diameter, magnification"
試み,こころみ,"trial, experiment"
空しい,むなしい,"vacant, futile, vain, void, empty, ineffective, lifeless"
,まごつく,"to be confused, to be flustered"
社宅,しゃたく,company owned house
,ムード,mood
勧告,かんこく,"advice, counsel, remonstrance, recommendation"
余り,あんまり,"not very (this form only used as adverb), not much, remainder, rest, remnant, surplus, balance, excess, rema"
舗装,ほそう,"pavement, road surface"
同調,どうちょう,"sympathy, agree with, alignment, tuning"
,し,"10^24 (kanji is JIS X 0212 kuten 4906), septillion (American), quadrillion (British)"
貧困,ひんこん,"poverty, lack"
無口,むくち,reticence
期,き,"period, time"
和らげる,やわらげる,"to soften, to moderate, to relieve"
問,もん,"problem, question"
華々しい,はなばなしい,"brilliant, magnificent, spectacular"
微塵,みじん,"particle, atom"
押し寄せる,おしよせる,"to push aside, to advance on"
依,い,depending on
着手,ちゃくしゅ,"embarkation, launch"
深める,ふかめる,"to deepen, to heighten, to intensify"
備え付ける,そなえつける,"to provide, to furnish, to equip, to install"
揃い,そろい,"set, suit, uniform"
加留多,かるた,(pt:) (n) playing cards (pt: carta)
漁船,ぎょせん,fishing boat
取り立てる,とりたてる,"to collect, to extort, to appoint, to promote"
弁償,べんしょう,"next word, compensation, reparation, indemnity, reimbursement"
技,わざ,"art, technique"
果ない,はかない,"fleeting, transient, short-lived, momentary, vain, fickle, miserable, empty, ephemeral"
,コマーシャル,a commercial
仕切る,しきる,"to partition, to divide, to mark off, to settle accounts, to toe the mark"
鋏,はさみ,scissors
,ビジネス,business
,ドライ,dry
,ボルト,"volt, bolt"
残酷,ざんこく,"cruelty, harshness"
打ち消し,うちけし,"negation, denial, negative"
,ちやほや,"pamper, make a fuss of, spoil"
刺,とげ,"thorn, splinter, spine, biting words"
変遷,へんせん,"change, transition, vicissitudes"
占領,せんりょう,"occupation, capture, possession, have a room to oneself"
慣例,かんれい,"custom, precedent, of convention"
決勝,けっしょう,"decision of a contest, finals (in sports)"
錆び,さび,rust (colour)
創造,そうぞう,creation
発生,はっせい,"outbreak, spring forth, occurrence, incidence, origin"
反する,はんする,"to be inconsistent with, to oppose, to contradict, to transgress, to rebel"
上手,うわて,"1. upper part, upper stream, left side (of a stage), 2. skillful (only in comparisons), dexterity (on"
手掛ける,てがける,"to handle, to manage, to work with, to rear, to look after, to have experience with"
反乱,はんらん,"insurrection, mutiny, rebellion, revolt, uprising"
何気ない,なにげない,"casual, unconcerned"
際,きわ,"edge, brink, verge, side"
堪える,たえる,"to bear, to stand, to endure, to put up with, to support, to withstand, to resist, to brave, to be fit for, t"
窮屈,きゅうくつ,"narrow, tight, stiff, rigid, uneasy, formal, constrained"
就業,しゅうぎょう,"employment, starting work"
発条,ばね,spring (e.g. coil leaf)
値打ち,ねうち,"value, worth, price, dignity"
雑談,ざつだん,"chatting, idle talk"
お祖父さん,おじいさん,"grandfather, male senior-citizen"
何時,いつ,"when, how soon"
謙る,へりくだる,to deprecate oneself and praise the listener
造る,つくる,"to make, to create, to manufacture, to draw up, to write, to compose, to build, to coin, to cultivate, to org"
本場,ほんば,"home, habitat, center, best place, genuine"
寄り掛かる,よりかかる,"to lean against, to recline on, to lean on, to rely on"
整える,ととのえる,"to put in order, to get ready, to arrange, to adjust"
堤防,ていぼう,"bank, weir"
演習,えんしゅう,"practice, exercises, manoeuvers"
防火,ぼうか,"fire prevention, fire fighting, fire proof"
異見,いけん,"different opinion, objection"
制裁,せいさい,"restraint, sanctions, punishment"
,なんか,"things like ..., or something like that .. (often derogatory)"
待ち合わせ,まちあわせ,appointment
類推,るいすい,analogy
決断,けつだん,"decision, determination"
解剖,かいぼう,"dissection, autopsy"
書評,しょひょう,book review
印,いん,"seal, stamp, mark, print"
怒る,いかる,"to get angry, to be angry"
司る,つかさどる,"to rule, to govern, to administer"
日取り,ひどり,"fixed date, appointed day"
境遇,きょうぐう,"environment, circumstances"
煌々と,こうこうと,"brilliantly, brightly"
殴る,なぐる,"to strike, to hit"
設ける,もうける,"to create, to establish"
館,かん,"house, hall, building, hotel, inn, guesthouse"
運送,うんそう,"shipping, marine transportation"
領域,りょういき,"area, domain, territory, field, region, regime"
覆面,ふくめん,"mask, veil, disguise"
植わる,うわる,to be planted
寄与,きよ,"contribution, service"
筈,はず,it should be so
女史,じょし,Ms.
何時でも,いつでも,"(at) any time, always, at all times, never (neg), whenever"
推進,すいしん,"propulsion, driving force"
任す,まかす,"to entrust, to leave to a person"
魂,こん,"soul, spirit"
点検,てんけん,"inspection, examination, checking"
玉,ぎょく,king (shogi)
図る,はかる,"to plot, to attempt, to plan, to take in, to deceive, to devise, to design, to refer A to B"
和やか,なごやか,"mild, calm, gentle, quiet, harmonious"
対して,たいして,"for, in regard to, per"
正解,せいかい,"correct, right, correct interpretation (answer solution)"
本気,ほんき,"seriousness, truth, sanctity"
校,こう,"-school, proof"
,いく,"to come, to orgasm"
獲物,えもの,"game, spoils, trophy"
中傷,ちゅうしょう,"slander, libel, defamation"
悪口,あっこう,"abuse, insult, slander, evil speaking"
扱い,あつかい,"treatment, service"
待ち遠しい,まちどおしい,looking forward to
反,たん,"roll of cloth (c. 10 yds.), .245 acres, 300 tsubo"
接触,せっしょく,"touch, contact"
地形,じぎょう,"terrain, geographical features, topography"
追跡,ついせき,pursuit
,さっと,"quickly, suddenly"
加入,かにゅう,"becoming a member, joining, entry, admission, subscription, affiliation, adherence, signing"
折衷,せっちゅう,"compromise, cross, blending, eclecticism"
討論,とうろん,"debate, discussion"
詳細,しょうさい,"detail, particulars"
,グレー,"grey, gray"
平常,へいじょう,"normal, usual"
綴じる,とじる,"to bind, to file"
駆け足,かけあし,"running fast, double time"
議案,ぎあん,legislative bill
棟,とう,"place, section, building"
陶器,とうき,"pottery, ceramics"
用紙,ようし,blank form
隔週,かくしゅう,every other week
,ポット,pot
切れ目,きれめ,"break, pause, gap, end, rift, interruption, cut, section, notch, incision, end (of a task)"
悩み,なやみ,"trouble(s), worry, distress, anguish, agony, problem"
手近,てぢか,"near, handy, familiar"
排除,はいじょ,"exclusion, removal, rejection"
僕,しもべ,"manservant, servant (of God)"
ヶ月,かげつ,#NAME?
奨励,しょうれい,"encouragement, promotion, message, address"
隔たる,へだたる,to be distant
婉曲,えんきょく,"euphemistic, circumlocution, roundabout, indirect, insinuating"
有機,ゆうき,organic
岩石,がんせき,rock
誰,たれ,adjectival suffix for a person
情,じょう,"feelings, emotion, passion"
喧しい,やかましい,"noisy, strict, fussy"
負う,おう,"to bear, to owe"
情け深い,なさけぶかい,"tender-hearted, compassionate"
嫋か,しなやか,"supple, flexible, elastic"
一々,いちいち,"one by one, separately"
告げる,つげる,to inform
奇麗,きれい,"pretty, clean, nice, tidy, beautiful, fair"
模範,もはん,"exemplar, exemplification, exemplum, model, example"
大胆,だいたん,"bold, daring, audacious"
ぶら下げる,ぶらさげる,"to hang, to suspend, to dangle, to swing"
補助,ほじょ,"assistance, support, aid, auxiliary"
叫び,さけび,"shout, scream, outcry"
窮乏,きゅうぼう,poverty
言い訳,いいわけ,"excuse, explanation"
諄い,くどい,"verbose, importunate, heavy (taste)"
滅亡,めつぼう,"downfall, ruin, collapse, destruction"
御免なさい,ごめんなさい,"I beg your pardon, excuse me"
泊,はく,counter for nights of a stay
形態,けいたい,"form, shape, figure"
箇箇,ここ,"individual, separate"
演じる,えんじる,"to perform (a play), to play (a part), to act (a part), to commit (a blunder)"
講習,こうしゅう,"short course, training"
制する,せいする,"to control, to command, to get the better of"
,スポーツカー,sports car
自覚,じかく,self-conscious
削減,さくげん,"cut, reduction, curtailment"
零れる,こぼれる,"to overflow, to spill"
放り出す,ほうりだす,"to throw out, to fire, to expel, to give up, to abandon, to neglect"
燃焼,ねんしょう,"burning, combustion"
聴覚,ちょうかく,the sense of hearing
売り出す,うりだす,"to put on sale, to market, to become popular"
藻掻く,もがく,"to struggle, to wriggle, to be impatient"
共,きょう,"both, neither (neg), all, and, as well as, including, with, together with, plural ending"
設定,せってい,"establishment, creation"
愚痴,ぐち,"idle complaint, grumble"
主演,しゅえん,"starring, playing the leading part"
衝撃,しょうげき,"shock, crash, impact, ballistic"
作,さく,"a work, a harvest"
民主,みんしゅ,"democratic, the head of the nation"
中和,ちゅうわ,"neutralize, counteract"
真っ二つ,まっぷたつ,in two equal parts
此の,この,this
出生,しゅっしょう,birth
作物,さくぶつ,literary work
歎,たん,"grief, sigh, lamentation"
無効,むこう,"invalid, no effect, unavailable"
公然,こうぜん,"open (e.g. secret), public, official"
立ち寄る,たちよる,"to stop by, to drop in for a short visit"
放棄,ほうき,"abandonment, renunciation, abdication (responsibility right)"
その為,そのため,"hence, for that reason"
高原,こうげん,"tableland, plateau"
,コンパス,compass
,ふんだん,"plentiful, abundant, lavish"
学歴,がくれき,academic background
孤児,こじ,orphan
形成,けいせい,formation
手芸,しゅげい,handicrafts
点線,てんせん,"dotted line, perforated line"
種々,くさぐさ,variety
奇数,きすう,odd number
お使い,おつかい,errand
,サンタクロース,Santa Claus
次,し,"order, sequence, times, next, below"
昼間,ちゅうかん,"daytime, during the day"
現行,げんこう,"present, current, in operation"
中程,なかほど,"middle, midway"
無難,ぶなん,"safety, security"
当てはまる,あてはまる,to apply (a rule)
平方,へいほう,"square (e.g. metre), square"
,エアメール,air mail
変動,へんどう,"change, fluctuation"
嘘つき,うそつき,"liar (sometimes said with not much seriousness), fibber"
,ティッシュペーパー,tissue paper
漕ぐ,こぐ,"to row, to scull, to pedal"
然し,しかし,"however, but"
直面,ちょくめん,confrontation
概説,がいせつ,"general statement, outline"
科,か,"department, section"
悩ましい,なやましい,"seductive, melancholy, languid"
どうぞ宜しく,どうぞよろしく,pleased to meet you
渋い,しぶい,"1. tasteful (clothing), cool, an aura of refined masculinity, 2. astringent, sullen, bitter (taste), 3"
振り出し,ふりだし,"outset, starting point, drawing or issuing (draft)"
確立,かくりつ,establishment
不景気,ふけいき,"business recession, hard times, depression, gloom, sullenness, cheerlessness"
見せ物,みせもの,"show, exhibition"
山腹,さんぷく,"hillside, mountainside"
複合,ふくごう,"composite, complex"
いい加減,いいかげん,"moderate, right, random, not thorough, vague, irresponsible, halfhearted"
入浴,にゅうよく,"bathe, bathing"
肥料,ひりょう,"manure, fertilizer"
平行,へいこう,"(going) side by side, concurrent, abreast, at the same time, occurring together, parallel, parallelism"
和,わ,"sum, harmony, peace"
弁解,べんかい,"explanation, justification, defence, excuse"
労力,ろうりょく,"labour, effort, toil, trouble"
其処で,そこで,"so (conj), accordingly, now, then, thereupon"
庶民,しょみん,"masses, common people"
爆弾,ばくだん,bomb
決まる,きまる,"to be decided, to be settled, to look good in (clothes)"
心掛け,こころがけ,"readiness, intention, aim"
紛らわしい,まぎらわしい,"confusing, misleading, equivocal, ambiguous"
画,かく,stroke
,ペア,"pair, pear"
庁,ちょう,government office
電源,でんげん,"source of electricity, power (button on TV etc.)"
法学,ほうがく,"law, jurisprudence"
野心,やしん,"ambition, aspiration, designs, treachery"
煌びやか,きらびやか,"gorgeous, gaudy, dazzling, gay"
大概,たいがい,"in general, mainly"
犯す,おかす,"to commit, to perpetrate, to violate, to rape"
牧師,ぼくし,"pastor, minister, clergyman"
最早,もはや,"already, now"
住,じゅう,"dwelling, living"
飲み込む,のみこむ,"to gulp down, to swallow deeply, to understand, to take in, to catch on to, to learn, to digest"
溶液,ようえき,solution (liquid)
崖,がけ,cliff
酸,さん,acid
合間,あいま,interval
空ろ,うつろ,"blank, cavity, hollow, empty (space)"
証言,しょうげん,"evidence, testimony"
蒸留,じょうりゅう,distillation
妥協,だきょう,"compromise, giving in"
改訂,かいてい,revision
冷淡,れいたん,"coolness, indifference"
奉仕,ほうし,"attendance, service"
痺れる,しびれる,"to become numb, to go to sleep (i.e. a limb)"
涸れる,かれる,"to dry up, to run out"
模倣,もほう,"imitation, copying"
自動詞,じどうし,intransitive verb (no direct obj)
変革,へんかく,"change, reform, revolution, upheaval, (the) Reformation"
欠乏,けつぼう,"want, shortage, famine"
悪,あく,"evil, wickedness"
業績,ぎょうせき,"achievement, performance, results, work, contribution"
化合,かごう,chemical combination
徐々,そろそろ,"gradually, steadily, quietly, slowly, soon"
在庫,ざいこ,"stockpile, stock"
見合い,みあい,formal marriage interview
店,てん,"store, shop, establishment"
訂正,ていせい,"correction, revision"
制服,せいふく,uniform
投入,とうにゅう,"throw, investment, making (an electrical circuit)"
毎,ごと,each respectively
抜け出す,ぬけだす,"to slip out, to sneak away, to excel"
実,じつ,"truth, reality, sincerity, fidelity, kindness, faith, substance, essence"
土産,どさん,product of the land
面,おも,face
推理,すいり,"reasoning, inference, mystery or detective genre (movie novel etc.)"
怪獣,かいじゅう,monster
技能,ぎのう,"technical skill, ability, capacity"
採算,さいさん,profit
乾,ほし,"dried, cured"
同級,どうきゅう,"the same grade, same class"
,とんだ,"terrible, awful, serious, preposterous, absolutely not"
堂々,どうどう,"magnificent, grand, impressive"
重,え,"-fold, -ply"
香辛料,こうしんりょう,spices
導入,どうにゅう,"introduction, bringing in, leading in"
治安,ちあん,public order
憤慨,ふんがい,"indignation, resentment"
紳士,しんし,gentleman
暴露,ばくろ,"disclosure, exposure, revelation"
優位,ゆうい,"predominance, ascendancy, superiority"
取り次ぐ,とりつぐ,"to act as an agent for, to announce (someone), to convey (a message)"
蛋白質,たんぱくしつ,protein
切開,せっかい,"clearing (land), opening up, cutting through"
膨脹,ぼうちょう,"expansion, swelling, increase, growth"
原典,げんてん,original (text)
妊娠,にんしん,"conception, pregnancy"
勤務,きんむ,"service, duty, work"
嗚呼,ああ,"Ah!, Oh!, Alas!"
混む,こむ,to be crowded
換算,かんさん,"conversion, change, exchange"
身体,からだ,the body
真下,ました,"right under, directly below"
,シート,"seat, sheet"
進行,しんこう,advance
人体,じんたい,human body
崇拝,すうはい,"worship, adoration, admiration, cult"
創刊,そうかん,"launching (e.g. newspaper), first issue"
見晴らし,みはらし,view
我がまま,わがまま,"selfishness, egoism, wilfulness, disobedience, whim"
配列,はいれつ,"arrangement, array (programming)"
産物,さんぶつ,"product, result, fruit"
選挙,せんきょ,election
例え,たとえ,"example, even if, if, though, although"
迫害,はくがい,persecution
語源,ごげん,"word root, word derivation, etymology"
不山戯る,ふざける,"to romp, to gambol, to frolic, to joke, to make fun of, to flirt"
調停,ちょうてい,"arbitration, conciliation, mediation"
危害,きがい,"injury, harm, danger"
言論,げんろん,discussion
遣る,やる,"to do, to have sexual intercourse, to kill, to give (to inferiors animals etc.), to dispatch (a letter"
自我,じが,"self, the ego"
可愛い,かわいい,"pretty, cute, lovely, charming, dear, darling, pet"
鳥居,とりい,torii (Shinto shrine archway)
裾,すそ,"(trouser) cuff, (skirt) hem, cut edge of a hairdo, foot of mountain"
肉体,にくたい,"the body, the flesh"
核,かく,"nucleus, kernel"
止むを得ない,やむをえない,"cannot be helped, unavoidable"
,オーケー,OK
お八,おやつ,"1. (uk) between meal snack, afternoon refreshment, afternoon tea, 2. mid-day snack"
過多,かた,"excess, superabundance"
格差,かくさ,"qualitative difference, disparity"
同い年,おないどし,of the same age
蔵,くら,"warehouse, cellar, magazine, granary, godown, depository, treasury, elevator"
控える,ひかえる,"to draw in, to hold back, to make notes, to be temperate in"
腫れる,はれる,"to swell (from inflammation), to become swollen"
発足,はっそく,"starting, inauguration"
連なる,つらなる,"to extend, to stretch out, to stand in a row"
其方,そちら,"over there, the other"
麻,あさ,"flax, linen, hemp"
仕上げ,しあげ,"end, finishing touches, being finished"
宿命,しゅくめい,"fate, destiny, predestination"
錯覚,さっかく,"optical illusion, hallucination"
煙たい,けむたい,"smoky, feeling awkward"
拐う,さらう,"to carry off, to run away with, to kidnap, to abduct"
呼び止める,よびとめる,"to challenge, to call somebody to halt"
軈て,やがて,"before long, soon, at length"
経過,けいか,"passage, expiration, progress"
呆然,ぼうぜん,"dumbfounded, overcome with surprise, in blank amazement"
事業,じぎょう,"project, enterprise, business, industry, operations"
日焼け,ひやけ,sunburn
事項,じこう,"matter, item, facts"
垢,あか,"dirt, filth"
怒鳴る,どなる,"to shout, to yell"
,きっかり,"exactly, precisely"
凶作,きょうさく,"bad harvest, poor crop"
染みる,しみる,"to pierce, to permeate"
無能,むのう,"inefficiency, incompetence"
繁栄,はんえい,"prospering, prosperity, thriving, flourishing"
肝心,かんじん,"essential, fundamental, crucial, vital, main"
軌道,きどう,"orbit, railroad track"
,デッサン,(fr:) (n) rough sketch (fr: dessin)
連休,れんきゅう,consecutive holidays
残高,ざんだか,"(bank) balance, remainder"
家主,いえぬし,landlord
優,やさ,"gentle, affectionate"
絶つ,たつ,"to sever, to cut off, to suppress, to abstain (from)"
残金,ざんきん,remaining money
誤魔化す,ごまかす,"to deceive, to falsify, to misrepresent"
理性,りせい,"reason, sense"
亜科,あか,"suborder, subfamily"
,デコレーション,decoration
聞き取り,ききとり,listening comprehension
甘い,うまい,delicious
公立,こうりつ,public (institution)
緩める,ゆるめる,"to loosen, to slow down"
,ストライキ,strike
,マッサージ,massage
貴族,きぞく,"noble, aristocrat"
風俗,ふうぞく,"1. manners, customs, 2. sex service, sex industry"
碁盤,ごばん,Go board
受かる,うかる,to pass (examination)
繁盛,はんじょう,"prosperity, flourishing, thriving"
利潤,りじゅん,"profit, returns"
綻びる,ほころびる,"to come apart at the seams, to begin to open, to smile broadly"
出切る,できる,"to be out of, to have no more at hand"
,カット,"cut, cutting"
任務,にんむ,"duty, function, office, mission, task"
局限,きょくげん,"limit, localize"
放射能,ほうしゃのう,radioactivity
橋渡し,はしわたし,"bridge building, mediation"
熱量,ねつりょう,temperature
見落とす,みおとす,"to overlook, to fail to notice"
未,ひつじ,eighth sign of Chinese zodiac (The Ram 1pm-3pm south-southwest June)
促す,うながす,"to urge, to press, to suggest, to demand, to stimulate, to quicken, to incite, to invite (attention to)"
,ずるずる,"sound or act of dragging, loose, inconclusive but unwanted situation, trailingly"
製鉄,せいてつ,iron manufacture
作戦,さくせん,"military or naval operations, tactics, strategy"
面皰,にきび,"pimple, acne"
社,やしろ,Shinto shrine
規制,きせい,regulation
到底,とうてい,(cannot) possibly
語彙,ごい,"vocabulary, glossary"
麻痺,まひ,"paralysis, palsy, numbness, stupor"
廃止,はいし,"abolition, repeal"
察する,さっする,"to guess, to sense, to presume, to judge, to sympathize with"
,ちらっと,"at a glance, by accident"
正しく,まさしく,"surely, no doubt, evidently"
改革,かいかく,"reform, reformation, innovation"
織物,おりもの,"textile, fabric"
反感,はんかん,"antipathy, revolt, animosity"
下位,かい,"low rank, subordinate, lower order (e.g. byte)"
地元,じもと,local
受け入れ,うけいれ,"receiving, acceptance"
揺さぶる,ゆさぶる,"to shake, to jolt, to rock, to swing"
愛でたい,めでたい,auspicious
取り引き,とりひき,"transactions, dealings, business"
,ランプ,"lamp, ramp, headlight, light"
万人,ばんじん,"all people, everybody, 10000 people"
動的,どうてき,"dynamic, kinetic"
殿,しんがり,"rear, rear unit guard"
戦闘,せんとう,"battle, fight, combat"
了,りょう,"finish, completion, understanding"
励む,はげむ,"to be zealous, to brace oneself, to endeavour, to strive, to make an effort"
,ユニフォーム,uniform
改良,かいりょう,"improvement, reform"
,ポンプ,pump
職務,しょくむ,professional duties
僅,きん,"a little, small quantity"
冬眠,とうみん,"hibernation, winter sleep"
文書,ぶんしょ,"document, writing, letter, note, records, archives"
有望,ゆうぼう,"good prospects, full of hope, promising"
敵,かたき,"enemy, rival"
誇張,こちょう,exaggeration
冷蔵,れいぞう,"cold storage, refrigeration"
暇,いとま,"free time, leisure, leave, spare time, farewell"
嘴,くちばし,"beak, bill"
宮殿,きゅうでん,palace
蹴飛ばす,けとばす,"to kick away, to kick off, to kick (someone), to refuse, to reject"
,ショック,shock
内部,ないぶ,"interior, inside, internal"
慣行,かんこう,"customary practice, habit, traditional event"
神聖,しんせい,"holiness, sacredness, dignity"
咄嗟,とっさ,"moment, instant"
酸っぱい,すっぱい,"sour, acid"
,がっちり,"solidly built, tightly, shrewd, calculating"
台無し,だいなし,"mess, spoiled, (come to) nothing"
規約,きやく,"agreement, rules, code"
固定,こてい,fixation
給食,きゅうしょく,"school lunch, providing a meal"
打ち込む,うちこむ,"to drive in (e.g. nail stake), to devote oneself to, to shoot into, to smash, to throw into, to cast int"
修飾,しゅうしょく,"ornamentation, embellishment, decoration, adornment, polish up (writing), modification (gram)"
展示,てんじ,"exhibition, display"
用件,ようけん,business
掬う,すくう,"to scoop, to ladle out"
鞠,まり,ball
忠実,ちゅうじつ,"fidelity, faithfulness"
然うして,そうして,"and, like that"
控除,こうじょ,"subsidy, deduction"
手数,てかず,"number of moves, trouble"
沸騰,ふっとう,"boiling, seething"
前途,ぜんと,"future prospects, outlook, the journey ahead"
検事,けんじ,public prosecutor
此れ,これ,this
合致,がっち,"agreement, concurrence, conforming to"
股,また,"groin, crotch, thigh"
軸,じく,"axis, stem, shaft, axle"
転勤,てんきん,"transfer, transmission"
滑稽,こっけい,"funny, humorous, comical, laughable, ridiculous, joking"
目覚める,めざめる,to wake up
赴く,おもむく,"to go, to proceed, to repair to, to become"
書き取る,かきとる,"to write down, to take dictation, to take notes"
原子,げんし,atom
束縛,そくばく,"restraint, shackles, restriction, confinement, binding"
断面,だんめん,cross section
強硬,きょうこう,"firm, vigorous, unbending, unyielding, strong, stubborn"
次いで,ついで,"next, secondly, subsequently"
何と,なんと,"what, how, whatever"
何方,どちら,"which, who"
麻酔,ますい,anaesthesia
個性,こせい,"individuality, personality, idiosyncrasy"
,タイル,tile
代用,だいよう,substitution
再現,さいげん,"reappearance, reproduction, return, revival"
照合,しょうごう,"collation, comparison"
恐れ入る,おそれいる,"to be filled with awe, to feel small, to be amazed, to be surprised, to be disconcerted, to be sorry, to b"
施す,ほどこす,"to donate, to give, to conduct, to apply, to perform"
脚色,きゃくしょく,dramatization (e.g. film)
剃る,する,to shave
指差す,ゆびさす,to point at
調和,ちょうわ,harmony
小柄,こがら,short (build)
位地,いち,"place, situation, position, location"
役職,やくしょく,"post, managerial position, official position"
,と,"1. if (conjunction), 2. promoted pawn (shogi) (abbr)"
定まる,さだまる,"to become settled, to be fixed"
学説,がくせつ,theory
密接,みっせつ,"related, connected, close, intimate"
班,はん,"group, party, section (mil)"
取り分,とりわけ,"especially, above all"
真ん前,まんまえ,"right in front, under the nose"
良心,りょうしん,conscience
,ショー,show
生かす,いかす,"to revive, to resuscitate, to make use of"
,げっそり,"being disheartened, losing weight"
器官,きかん,"organ (of body), instrument"
決議,けつぎ,"resolution, vote, decision"
仕舞う,しまう,"to finish, to close, to do something completely, to put away, to put an end to"
排水,はいすい,drainage
,メディア,media
周期,しゅうき,"cycle, period"
,すばしこい,"nimble, smart, quick"
,コントロール,control
野外,やがい,"fields, outskirts, open air, suburbs"
愛憎,あいにく,likes and dislikes
産む,うむ,"to give birth, to deliver, to produce"
捕らえる,とらえる,"to seize, to grasp, to capture, to arrest"
比例,ひれい,proportion
世辞,せじ,"flattery, compliment"
堪える,こらえる,"to bear, to stand, to endure, to put up with, to support, to withstand, to resist, to brave, to be fit for, t"
採掘,さいくつ,mining
云々,うんぬん,"and so on, and so forth, comment"
増し,まし,"extra, additional, less objectionable, better, preferable"
,ネガ,(photographic) negative
絶える,たえる,"to die out, to peter out, to become extinct"
効率,こうりつ,efficiency
,きっぱり,"clearly, plainly, distinctly"
役場,やくば,town hall
持ち,もち,"1. hold, charge, keep possession, in charge, 2. wear, durability, life, draw, 3. usage (suff)"
混同,こんどう,"confusion, mixing, merger"
粗筋,あらすじ,"outline, summary"
足し算,たしざん,addition
売れ行き,うれゆき,sales
人質,ひとじち,"hostage, prisoner"
主題,しゅだい,"subject, theme, motif"
下らない,くだらない,"good-for-nothing, stupid, trivial, worthless"
真心,まこころ,"sincerity, devotion"
起源,きげん,"origin, beginning, rise"
その外,そのほか,"besides, in addition, the rest"
所属,しょぞく,"attached to, belong to"
,ナプキン,napkin
活発,かっぱつ,"vigor, active"
到達,とうたつ,"reaching, attaining, arrival"
苗,なえ,rice seedling
合意,ごうい,"agreement, consent, mutual understanding"
生理,せいり,"physiology, menses"
自尊心,じそんしん,"self-respect, conceit"
傾く,かたぶく,"to incline toward, to slant, to lurch, to heel over, to be disposed to, to trend toward, to be prone to, to"
重宝,じゅうほう,"priceless treasure, convenience, usefulness"
監視,かんし,"observation, guarding, inspection, surveillance"
過ち,あやまち,"fault, error, indiscretion"
充実,じゅうじつ,"fullness, completion, perfection, substantiality, enrichment"
添える,そえる,"to add to, to attach, to append, to accompany, to garnish, to imitate, to annex"
結び付ける,むすびつける,"to combine, to join, to tie on, to attach with a knot"
結び付く,むすびつく,"to be connected or related, to join together"
教科,きょうか,"subject, curriculum"
見掛ける,みかける,"to (happen to) see, to notice, to catch sight of"
眼鏡,がんきょう,"spectacles, glasses"
消去,しょうきょ,"elimination, erasing, dying out, melting away"
鈍る,なまる,"to become less capable, to grow dull, to become blunt, to weaken"
年寄り,としより,"old people, the aged"
前,せん,before
当人,とうにん,"the one concerned, the said person"
周,しゅう,"circuit, lap, circumference, vicinity, Chou (dynasty)"
,ナンセンス,nonsense
体格,たいかく,"physique, constitution"
傷付く,きずつく,"to be hurt, to be wounded, to get injured"
お喋り,おしゃべり,"chattering, talk, idle talk, chat, chitchat, gossip, chatty, talkative, chatterbox, blabbermouth"
正規,せいき,"regular, legal, formal, established, legitimate"
人情,にんじょう,"humanity, empathy, kindness, sympathy, human nature, common sense, customs and manners"
齎らす,もたらす,"to bring, to take, to bring about"
蔵相,ぞうしょう,Minister of Finance
鈍感,どんかん,"thickheadedness, stolidity"
員,いん,member
所々,しょしょ,"here and there, some parts (of something)"
追い込む,おいこむ,"to herd, to corner, to drive"
済みません,すみません,"sorry, excuse me"
運輸,うんゆ,transportation
問屋,といや,wholesale store
粉末,ふんまつ,fine powder
励ます,はげます,"to encourage, to cheer, to raise (the voice)"
既婚,きこん,"marriage, married"
身なり,みなり,personal appearance
夜具,やぐ,bedding
未定,みてい,"not yet fixed, undecided, pending"
夥しい,おびただしい,"abundantly, innumerably"
露,つゆ,dew
詐欺,さぎ,"fraud, swindle"
公演,こうえん,public performance
逆転,ぎゃくてん,"(sudden) change, reversal, turn-around, coming from behind (baseball)"
出世,しゅっせ,"promotion, successful career, eminence"
近々,きんきん,"nearness, before long"
荒らす,あらす,"to lay waste, to devastate, to damage, to invade, to break into"
値引き,ねびき,"price reduction, discount"
無用,むよう,"useless, futility, needlessness, unnecessariness"
恐れ,おそれ,"fear, horror"
認識,にんしき,"recognition, cognizance"
窒息,ちっそく,suffocation
巧妙,こうみょう,"ingenious, skillful, clever, deft"
現場,げんじょう,"actual spot, scene, scene of the crime"
左利き,ひだりきき,"left-handedness, sake drinker, left-hander"
氏,うじ,family name
配給,はいきゅう,distribution (eg. films rice)
本名,ほんみょう,real name
兆し,きざし,"signs, omen, symptoms"
着目,ちゃくもく,attention
炒める,いためる,to stir-fry
必然,ひつぜん,"inevitable, necessary"
手法,しゅほう,technique
雑貨,ざっか,"miscellaneous goods, general goods, sundries"
何とも,なんとも,"nothing (with neg. verb), quite, not a bit"
防衛,ぼうえい,"defense, protection, self-defense"
明後日,あさって,day after tomorrow
可成,かなり,"considerably, fairly, quite"
甘える,あまえる,"to behave like a spoiled child, to fawn on"
立法,りっぽう,"legislation, lawmaking"
辞退,じたい,refusal
側,がわ,"side, row, surroundings, part, (watch) case"
突破,とっぱ,"breaking through, breakthrough, penetration"
個々,ここ,"individual, one by one"
乗っ取る,のっとる,"to capture, to occupy, to usurp"
出社,しゅっしゃ,arrival (in a country at work etc.)
,クイズ,quiz
桐,きり,paulownia tree
嘸,さぞ,"I am sure, certainly, no doubt"
営む,いとなむ,"to carry on (e.g. in ceremony), to run a business"
大筋,おおすじ,"outline, summary"
超,ちょう,"super-, ultra-, hyper-"
凭れる,もたれる,"to lean against, to lean on, to recline on, to lie heavy (on the stomach)"
滅ぼす,ほろぼす,"to destroy, to overthrow, to wreck, to ruin"
化する,かする,"to change into, to convert into, to transform, to be reduced, to influence, to improve (someone)"
氾濫,はんらん,"overflowing, flood"
流し,ながし,sink
受け入れる,うけいれる,"to accept, to receive"
,ぼやける,"to become dim, to become blurred"
浸す,ひたす,"to soak, to dip, to drench"
内陸,ないりく,inland
通りかかる,とおりかかる,to happen to pass by
良い,いい,good
気配,きはい,"indication, market trend, worry"
,アワー,hour
罵る,ののしる,"to speak ill of, to abuse"
,あっさり,"easily, readily, quickly"
煙る,けむる,to smoke (e.g. fire)
楽観,らっかん,optimism
ねじ回し,ねじまわし,screwdriver
瞬き,またたき,"wink, twinkling (of stars), flicker (of light)"
首脳,しゅのう,"head, brains"
捻じれる,ねじれる,"to twist, to wrench, to screw"
,カルテ,(de:) (n) clinical records (de: Karte)
上空,じょうくう,"sky, the skies, high-altitude sky, upper air"
弱る,よわる,"to weaken, to be troubled, to be downcast, to be emaciated, to be dejected, to be perplexed, to impair"
自主,じしゅ,"independence, autonomy"
進度,しんど,progress
吹奏,すいそう,playing wind instruments
,セール,sale
電線,でんせん,electric line
病,やまい,"illness, disease"
証人,しょうにん,witness
連日,れんじつ,"every day, prolonged"
人民,じんみん,"people, public"
何処,どこ,"where, what place"
,バット,"bat, vat"
宣言,せんげん,"declaration, proclamation, announcement"
取り寄せる,とりよせる,"to order, to send away for"
新婚,しんこん,newly-wed
浅ましい,あさましい,"wretched, miserable, shameful, mean, despicable, abject"
夜更け,よふけ,late at night
分配,ぶんぱい,"division, sharing"
百科辞典,ひゃっかじてん,encyclopedia
,データ,data
丈夫,じょうふ,"1. hero, gentleman, warrior, manly person, 2. good health, robustness, strong, solid, durable"
,セクション,section
土台,どだい,"foundation, base, basis"
何て,なんて,"how...!, what...!"
成年,せいねん,"majority, adult age"
明々後日,しあさって,two days after tomorrow
十字路,じゅうじろ,crossroads
樹木,じゅもく,"trees and shrubs, arbour"
決まり悪い,きまりわるい,"feeling awkward, being ashamed"
強行,きょうこう,"forcing, enforcement"
定食,ていしょく,"set meal, special (of the day)"
同士,どうし,"fellow, companion, comrade"
軽減,けいげん,abatement
料,りょう,"material, charge, rate, fee"
著,ちゃく,"counter for suits of clothing, arriving at .."
開発,かいはつ,"development, exploitation"
杖,つえ,cane
善良,ぜんりょう,"goodness, excellence, virtue"
動揺,どうよう,"disturbance, unrest, shaking, trembling, pitching, rolling, oscillation, agitation, excitement, commotion"
雑木,ざつぼく,"various kinds of small trees, assorted trees"
特権,とっけん,"privilege, special right"
下取り,したどり,"trade in, part exchange"
名産,めいさん,noted product
尚更,なおさら,"all the more, still less"
肉親,にくしん,"blood relationship, blood relative"
刊行,かんこう,"publication, issue"
依存,いそん,"dependence, dependent, reliance"
引き下げる,ひきさげる,"to pull down, to lower, to reduce, to withdraw"
命中,めいちゅう,a hit
伴う,ともなう,"to accompany, to bring with, to be accompanied by, to be involved in"
福祉,ふくし,"welfare, well-being"
,コントラスト,contrast
室,しつ,room
,いざ,"now, come (now), well, crucial moment"
,マーク,mark
殿様,とのさま,feudal lord
梢,こずえ,treetop
避難,ひなん,"taking refuge, finding shelter"
信任,しんにん,"trust, confidence, credence"
兎に角,とにかく,"anyhow, at any rate, anyway, somehow or other, generally speaking, in any case"
救済,きゅうさい,"relief, aid, rescue, salvation, help"
於,お,"at, in, on"
没収,ぼっしゅう,forfeited
,ひょっと,"possibly, accidentally"
接続詞,せつぞくし,conjunction
下痢,げり,diarrhoea
詰らない,つまらない,"insignificant, boring, trifling"
褒美,ほうび,"reward, prize"
貧弱,ひんじゃく,"poor, meagre, insubstantial"
角,かく,"1. angle, 2. bishop (shogi)"
寄こす,よこす,"to send, to forward"
慕う,したう,"to yearn for, to miss, to adore, to love dearly"
口述,こうじゅつ,verbal statement
実業家,じつぎょうか,"industrialist, businessman"
専ら,もっぱら,"wholly, solely, entirely"
施行,しぎょう,"1. execution, enforcing, carrying out"
内閣,ないかく,"cabinet, (government) ministry"
始発,しはつ,first train
墓地,はかち,"cemetery, graveyard"
介護,かいご,nursing
蓄積,ちくせき,"accumulation, accumulate, store"
口頭,こうとう,oral
正当,せいとう,"just, justifiable, right, due, proper, equitable, reasonable, legitimate, lawful"
何卒,どうぞ,"please, kindly, by all means"
潤う,うるおう,"to be moist, to be damp, to get wet, to profit by, to be watered, to receive benefits, to favor, to charm, t"
像,ぞう,"statue, image, figure, picture, portrait"
,インターチェンジ,interchange
捕虜,ほりょ,prisoner (of war)
警部,けいぶ,police inspector
磁気,じき,magnetism
用法,ようほう,"directions, rules of use"
黄金,おうごん,gold
真ん中,まんなか,"middle, centre, mid-way"
,ジーパン,"jeans (lit: jeans pants), dungarees"
一向,ひたすら,earnestly
突如,とつじょ,"suddenly, all of a sudden"
引き上げる,ひきあげる,"to withdraw, to leave, to pull out, to retire"
費,ひ,"cost, expense"
気立て,きだて,"disposition, nature"
辿る,たどる,"to follow (road), to pursue (course), to follow up"
何処か,どこか,"somewhere, anywhere, in some respects"
俄か,にわか,"sudden, abrupt, unexpected, improvised, offhand"
未だ,いまだ,"as yet, hitherto, not yet (neg)"
異性,いせい,the opposite sex
一目,いちもく,"a glance, a look, a glimpse"
傲る,おごる,to be proud
込める,こめる,"to include, to put into"
案の定,あんのじょう,"sure enough, as usual"
協定,きょうてい,"arrangement, pact, agreement"
申出,もうしで,"proposal, request, claim, report, notice"
野党,やとう,opposition party
水洗,すいせん,flushing
仮令,たとえ,"example, even if, if, though, although"
段々,だんだん,"gradually, by degrees"
休める,やすめる,"to rest, to suspend, to give relief"
実情,じつじょう,"real condition, actual circumstances, actual state of affairs"
聖書,せいしょ,"Bible, scriptures"
,ぐらい,approximately
傍ら,かたわら,"beside(s), while, nearby"
剥ぐ,はぐ,"to tear off, to peel off, to rip off, to strip off, to skin, to flay, to disrobe, to deprive of"
音,ね,"sound, note"
後退,こうたい,"retreat, backspace (BS)"
間もなく,まもなく,"soon, before long, in a short time"
,ミセス,Mrs.
大幅,おおはば,"full width, large scale, drastic"
差額,さがく,"balance, difference, margin"
費やす,ついやす,"to spend, to devote, to waste"
規格,きかく,"standard, norm"
洒落,しゃらく,"frank, open-hearted"
死,し,"death, decease"
仕上がり,しあがり,"finish, end, completion"
左様なら,さようなら,good-bye
吃逆,しゃっくり,"hiccough, hiccup"
源,みなもと,"source, origin"
動員,どういん,mobilization
滑らか,なめらか,"smoothness, glassiness"
危機,きき,crisis
眼球,がんきゅう,eyeball
本音,ほんね,"real intention, motive"
情熱,じょうねつ,"passion, enthusiasm, zeal"
購買,こうばい,"purchase, buy"
火燵,こたつ,"table with heater, (orig) charcoal brazier in a floor well"
文化財,ぶんかざい,"cultural assets, cultural property"
唸る,うなる,"to groan, to moan, to roar, to howl, to growl, to hum, to buzz, to sough"
便宜,べんぎ,"convenience, accommodation, advantage, expedience"
保育,ほいく,"nursing, nurturing, rearing, lactation, suckling"
取り組む,とりくむ,"to tackle, to wrestle with, to engage in a bout, to come to grips with"
布巾,ふきん,"tea-towel, dish cloth"
乱す,みだす,"to throw out of order, to disarrange, to disturb"
付け加える,つけくわえる,to add one thing to another
血管,けっかん,blood vessel
仕立てる,したてる,"to tailor, to make, to prepare, to train, to send (a messenger)"
遣り通す,やりとおす,"to carry through, to achieve, to complete"
,あら,"oh, ah, saw-edged perch (Niphon spinosus)"
転じる,てんじる,"to turn, to shift, to alter, to distract"
割り込む,わりこむ,"to cut in, to thrust oneself into, to wedge oneself in, to muscle in on, to interrupt, to disturb"
蕾,つぼみ,"bud, flower bud"
従事,じゅうじ,"engaging, pursuing, following"
確信,かくしん,"conviction, confidence"
目眩,めまい,"dizziness, giddiness"
,アマチュア,amateur
漏る,もる,"to leak, to run out"
育成,いくせい,"rearing, training, nurture, cultivation, promotion"
焦げ茶,こげちゃ,black tea
園,その,"garden, park, plantation"
愛想,あいそ,"civility, courtesy, compliments, sociability, graces"
天井,てんじょう,"ceiling, ceiling price"
安静,あんせい,rest
介入,かいにゅう,intervention
包む,くるむ,"to be engulfed in, to be enveloped by, to wrap up, to tuck in, to pack, to do up, to cover with, to dress i"
指摘,してき,"pointing out, identification"
間々,まま,"occasionally, frequently"
日夜,にちや,"day and night, always"
後悔,こうかい,"regret, repentance"
業,ごう,"Buddhist karma, actions committed in a former life"
静止,せいし,"stillness, repose, standing still"
受け止める,うけとめる,"to catch, to stop the blow, to react to, to take"
縮まる,ちぢまる,"to be shortened, to be contracted, to shrink"
革新,かくしん,"reform, innovation"
背後,はいご,"back, rear"
物体,ぶったい,"body, object"
余興,よきょう,"side show, entertainment"
釣り,つり,"fishing, angling"
天才,てんさい,"genius, prodigy, natural gift"
操る,あやつる,"to manipulate, to operate, to pull strings"
否,いいえ,"no, nay, yes, well"
応急,おうきゅう,emergency
挑戦,ちょうせん,"challenge, defiance"
審査,しんさ,"judging, inspection, examination, investigation"
審議,しんぎ,deliberation
進呈,しんてい,presentation
,おっかない,"frightening, huge"
偏,へん,"side, left radical of a character, inclining, inclining toward, biased"
盛り上がる,もりあがる,"to rouse, to swell, to rise"
昼飯,ちゅうはん,"lunch, midday meal"
行員,こういん,bank clerk
打開,だかい,break in the deadlock
気品,きひん,aroma
お祖母さん,おばあさん,"grandmother, female senior-citizen"
静的,せいてき,static
報酬,ほうしゅう,"remuneration, recompense, reward, toll"
帰京,ききょう,returning to Tokyo
加味,かみ,"seasoning, flavoring"
直感,ちょっかん,intuition
館,たち,"1. mansion, small castle"
満場,まんじょう,"unanimous, whole audience"
合議,ごうぎ,"consultation, conference"
生死,せいし,life and death
,タイトル,title
優先,ゆうせん,"preference, priority"
目付き,めつき,"look, expression of the eyes, eyes"
,しょっちゅう,"always, constantly"
数詞,すうし,numeral
好況,こうきょう,"prosperous conditions, healthy economy"
無言,むごん,silence
無茶,むちゃ,"absurd, unreasonable, excessive, rash, absurdity, nonsense"
嘆く,なげく,"to sigh, to lament, to grieve"
採決,さいけつ,"vote, roll call"
惨め,みじめ,miserable
,ジャンル,genre
枚,まい,counter for flat objects (e.g. sheets of paper)
仮,か,"tentative, provisional"
鉄棒,かなぼう,"iron rod, crowbar, horizontal bar (gymnastics)"
自ずから,おのずから,"naturally, as a matter of course"
為来り,しきたり,customs
即座に,そくざに,"immediately, right away"
討議,とうぎ,"debate, discussion"
お洒落,おしゃれ,"smartly dressed, someone smartly dressed, fashion-conscious"
,びっしょり,"wet through, drenched"
停滞,ていたい,"stagnation, tie-up, congestion, retention, accumulation, falling into arrears"
浜,はま,"beach, seashore"
御手洗い,おてあらい,"toilet, restroom, lavatory, bathroom (US)"
未練,みれん,"lingering affection, attachment, regret(s), reluctance"
独占,どくせん,monopoly
色々,いろいろ,various
馴れ馴れしい,なれなれしい,over-familiar
違える,ちがえる,to change
体験,たいけん,personal experience
天,あまつ,"heavenly, imperial"
一様,いちよう,"uniformity, evenness, similarity, equality, impartiality"
取り巻く,とりまく,"to surround, to circle, to enclose"
参照,さんしょう,"reference, consultation, consultation"
貧乏,びんぼう,"poverty, destitute, poor"
象,しょう,phenomenon
仕える,つかえる,"to serve, to work for"
,ビールス,virus
申し分,もうしぶん,"objection, shortcomings"
食い違う,くいちがう,"to cross each other, to run counter to, to differ, to clash, to go awry"
万能,ばんのう,"all-purpose, almighty, omnipotent"
放出,ほうしゅつ,"release, emit"
許容,きょよう,"permission, pardon"
零す,こぼす,to spill
判,ばん,size (of paper or books)
,もろに,"completely, all the way"
悪日,あくび,unlucky day
登録,とうろく,"registration, register, entry, record"
帳,とばり,curtain
丈,たけ,"height, stature, length, measure, all (one has)"
面する,めんする,"to face on, to look out on to"
,パンク,"1. (abbr) puncture, bursting, 2. punk"
座談会,ざだんかい,"symposium, round-table discussion"
移行,いこう,switching over to
望ましい,のぞましい,"desirable, hoped for"
分裂,ぶんれつ,"split, division, break up"
,ほっと,feel relieved
議事堂,ぎじどう,Diet building
逃走,とうそう,"flight, desertion, escape"
看護,かんご,"nursing, (army) nurse"
字,あざ,section of village
伜,せがれ,"son, my son"
慣用,かんよう,"common, customary"
真珠,しんじゅ,pearl
見通し,みとおし,"perspective, unobstructed view, outlook, forecast, prospect, insight"
個,か,article counter
元素,げんそ,chemical element
疎か,おろそか,"neglect, negligence, carelessness"
改修,かいしゅう,"repair, improvement"
,セレモニー,ceremony
国有,こくゆう,national ownership
雄,おす,male (animal)
粘り,ねばり,"stickyness, viscosity"
其れ程,それほど,"to that degree, extent"
微か,かすか,"faint, dim, weak, indistinct, hazy, poor, wretched"
囀る,さえずる,"to sing, to chirp, to twitter"
堪える,こたえる,"to bear, to stand, to endure, to put up with, to support, to withstand, to resist, to brave, to be fit for, t"
照り返す,てりかえす,"to reflect, to throw back light"
一人でに,ひとりでに,"by itself, automatically, naturally"
海運,かいうん,"maritime, marine transportation"
執着,しゅうじゃく,"attachment, adhesion, tenacity"
申告,しんこく,"report, statement, filing a return, notification"
やっ付ける,やっつける,to beat
内乱,ないらん,"civil war, insurrection, rebellion, domestic conflict"
円滑,えんかつ,"harmony, smoothness"
私用,しよう,"personal use, private business"
手引き,てびき,"guidance, guide, introduction"
畏まりました,かしこまりました,certainly!
,きちっと,"exactly, perfectly"
一定,いちじょう,"fixed, settled, definite, uniform, regularized, defined, standardized, certain, prescribed"
人格,じんかく,"personality, character, individuality"
放り込む,ほうりこむ,to throw into
百科事典,ひゃっかじてん,encyclopedia
妥結,だけつ,agreement
巧み,たくみ,"skill, cleverness"
使用人,しようにん,"employee, servant"
形勢,けいせい,"condition, situation, prospects"
手元,てもと,"on hand, at hand, at home"
崩壊,ほうかい,"collapse, decay (physics), crumbling, breaking down, caving in"
お菜,おかず,"side dish, accompaniment for rice dishes"
,アクセル,accelerator
手分け,てわけ,division of labour
無邪気,むじゃき,"innocence, simple-mindedness"
故,こ,the late (deceased)
日頃,ひごろ,"normally, habitually"
単,ひとえ,"one layer, single"
原っぱ,はらっぱ,"open field, empty lot, plain"
幹部,かんぶ,"management, (executive) staff, leaders"
脅迫,きょうはく,"threat, menace, coercion, terrorism"
反射,はんしゃ,"reflection, reverberation"
遊牧,ゆうぼく,nomadism
お蔭,おかげ,"(your) backing, assistance"
止まる,とどまる,to be limited to
獣,けだもの,"beast, brute"
磁器,じき,"porcelain, china"
放射,ほうしゃ,"radiation, emission"
絶版,ぜっぱん,out of print
納入,のうにゅう,"payment, supply"
大柄,おおがら,"large build, large pattern"
略語,りゃくご,"abbreviation, acronym"
壷,つぼ,"tsubo jar, pot, vase"
破損,はそん,damage
調印,ちょういん,"signature, sign, sealing"
情緒,じょうしょ,"emotion, feeling"
従って,したがって,"therefore, consequently, in accordance with"
前提,ぜんてい,"preamble, premise, reason, prerequisite"
閉鎖,へいさ,"closing, closure, shutdown, lockout, unsociable"
情け,なさけ,"sympathy, compassion"
慌ただしい,あわただしい,"busy, hurried, confused, flurried"
絨毯,じゅうたん,carpet
花壇,かだん,flower bed
一日,いちじつ,"1. one day, 2. first of month"
隠居,いんきょ,"retirement, retired person"
保守,ほしゅ,"conservative, maintaining"
参議院,さんぎいん,House of Councillors
悩ます,なやます,"to afflict, to torment, to harass, to molest"
開催,かいさい,"holding a meeting, open an exhibition"
,エンジニア,engineer
ローマ字,ローマじ,"romanization, Roman letters"
,トラブル,trouble (sometimes used as a verb)
躊躇う,ためらう,to hesitate
再発,さいはつ,"return, relapse, reoccurrence"
熱意,ねつい,"zeal, enthusiasm"
夜行,やぎょう,"walking around at night, night train, night travel"
対比,たいひ,"contrast, comparison"
汚れ,けがれ,"uncleanness, impurity, disgrace"
,タワー,tower
期末,きまつ,end of term
和文,わぶん,"Japanese text, sentence in Japanese"
部門,ぶもん,"class, group, category, department, field, branch"
美術,びじゅつ,"art, fine arts"
,ストレス,stress
焚火,たきび,(open) fire
背く,そむく,"to run counter to, to go against, to disobey, to infringe"
据え付ける,すえつける,"to install, to equip, to mount"
腕前,うでまえ,"ability, skill, facility"
,ブーツ,boots
全快,ぜんかい,complete recovery of health
方策,ほうさく,"plan, policy"
一寸,ちょっと,"(ateji) (adv int) (uk) just a minute, a short time, a while, just a little, somewhat, easily, readily, rath"
骨,こつ,"knack, skill"
染まる,そまる,to dye
,タレント,"talent, star, personality"
二人,ににん,"two persons, two people, pair, couple"
蓋,がい,"cover, lid, cap"
出来物,できもの,"able man, tumour, growth, boil, ulcer, abcess, rash, pimple"
山脈,さんみゃく,mountain range
,サイズ,size
果たして,はたして,"as was expected, really"
老ける,ふける,to age
その上,そのうえ,"in addition, furthermore"
意地,いじ,"disposition, spirit, willpower, obstinacy, backbone, appetite"
学芸,がくげい,"arts and sciences, liberal arts"
嗜好,しこう,"taste, liking, preference"
杯,さかずき,wine cups
,ファン,"fan, fun"
膨れる,ふくれる,"to get cross, to get sulky, to swell (out), to expand, to be inflated, to distend, to bulge"
再会,さいかい,"another meeting, meeting again, reunion"
手順,てじゅん,"process, procedure, protocol"
信者,しんじゃ,"believer, adherent, devotee, Christian"
几帳面,きちょうめん,"methodical, punctual, steady"
事によると,ことによると,depending on the circumstances
,タイヤ,"tire, tyre"
蓮,はす,lotus
転落,てんらく,"fall, degradation, slump"
,しぶとい,"tenacious, stubborn"
状,じょう,shape
軍艦,ぐんかん,"warship, battleship"
厭やらしい,いやらしい,"detestable, disagreeable"
,デザイン,design
割り当て,わりあて,"allotment, assignment, allocation, quota, rationing"
主体,しゅたい,"subject, main constituent"
病む,やむ,"to fall ill, to be ill"
祈り,いのり,"prayer, supplication"
中断,ちゅうだん,"interruption, suspension, break"
恋する,こいする,"to fall in love with, to love"
擽ぐったい,くすぐったい,ticklish
漢語,かんご,"Chinese word, Sino-Japanese word"
嘗て,かつて,"once, ever"
現地,げんち,"actual place, local"
,インフレ,inflation
組み合わせる,くみあわせる,"to join together, to combine, to join up"
下心,したごころ,"secret intention, motive"
驚き,おどろき,"surprise, astonishment, wonder"
脚本,きゃくほん,scenario
年長,ねんちょう,seniority
劇団,げきだん,"troupe, theatrical company"
,グラフ,graph
傾,けい,"lean, incline"
威力,いりょく,"power, might, authority, influence"
伝言,つてごと,"verbal message, rumor, word"
廃れる,すたれる,"to go out of use, to become obsolete, to die out, to go out of fashion"
上演,じょうえん,performance (e.g. music)
日々,ひび,"every day, daily, day after day"
一見,いちげん,"unfamiliar, never before met"
棄権,きけん,"abstain from voting, renunciation of a right"
中枢,ちゅうすう,"centre, pivot, mainstay, nucleus, backbone, central figure, pillar, key man"
傑,けつ,excellence
圏,けん,"sphere, circle, range"
少女,おとめ,"daughter, young lady, virgin, maiden, little girl"
暴動,ぼうどう,"insurrection, rebellion, revolt, riot, uprising"
,ダース,dozen
係り,かかり,"official, duty, person in charge"
凝る,こごる,"to congeal, to freeze"
反発,はんぱつ,"repelling, rebound, recover, oppose"
,カーペット,carpet
溜まり,たまり,"collected things, gathering place, arrears"
拗れる,こじれる,"to get complicated, to grow worse"
戯曲,ぎきょく,"play, drama"
何となく,なんとなく,"somehow or other, for some reason or another"
類,たぐい,a kind
尊い,たっとい,"precious, valuable, priceless, noble, exalted, sacred"
気触れる,かぶれる,"to react to, to be influenced by, to go overboard for"
見っともない,みっともない,"shameful, indecent"
教え,おしえ,"teachings, precept, lesson, doctrine"
後回し,あとまわし,"putting off, postponing"
見すぼらしい,みすぼらしい,"shabby, seedy"
副,とりわけ,"especially, above all"
扶養,ふよう,"support, maintenance"
回路,かいろ,circuit (electric)
孤独,こどく,"isolation, loneliness, solitude"
相場,そうば,"market price, speculation, estimation"
擦る,かする,"to touch lightly, to take a percentage (from)"
七日,なぬか,"seven days, the seventh day (of the month)"
全滅,ぜんめつ,annihilation
財,ざい,"fortune, riches"
世,よ,"world, society, age, generation"
公,おおやけ,"official, public, formal, open, governmental"
顔付き,かおつき,"(outward) looks, features, face, countenance, expression"
繊維,せんい,"fibre, fiber, textile"
美,び,beauty
依って,よって,"therefore, consequently, accordingly, because of"
細工,さいく,"work, craftsmanship, tactics, trick"
財政,ざいせい,"economy, financial affairs"
保温,ほおん,"retaining warmth, keeping heat in, heat insulation"
偖,さて,"well, now, then"
保養,ほよう,"health preservation, recuperation, recreation"
捕鯨,ほげい,"whaling, whale fishing"
扉,とびら,"door, opening"
下火,したび,"burning low, waning, declining"
交渉,こうしょう,"negotiations, discussions, connection"
恰度,ちょうど,"just, right, exactly"
下品,かひん,inferior article
悪者,わるもの,"bad fellow, rascal, ruffian, scoundrel"
,ぶかぶか,"too big, baggy"
有りのまま,ありのまま,"the truth, fact, as it is, frankly"
耳鼻科,じびか,otolaryngology
久しい,ひさしい,"long, long-continued, old (story)"
沼,ぬま,"swamp, bog, pond, lake"
階層,かいそう,"class, level, stratum, hierarchy"
金槌,かなづち,"1. (iron) hammer, 2. punishment"
補充,ほじゅう,"supplementation, supplement, replenishment, replenishing"
治療,ちりょう,medical treatment
存続,そんぞく,"duration, continuance"
可笑しい,おかしい,"strange, funny, amusing, ridiculous"
抽選,ちゅうせん,"lottery, raffle, drawing (of lots)"
,しくじる,"to fail, to fall through, to blunder"
論議,ろんぎ,discussion
出直し,でなおし,"adjustment, touch up"
お休み,おやすみ,"holiday, absence, rest, Good night"
水気,すいき,"1. moisture, dampness, vapor, 2. dropsy, edema"
進路,しんろ,"course, route"
時差,じさ,time difference
黴菌,ばいきん,"bacteria, germ(s)"
並み,なみ,"average, medium, common, ordinary"
視察,しさつ,"inspection, observation"
利子,りし,interest (bank)
下番,かばん,going off duty
貨幣,かへい,"money, currency, coinage"
城下,じょうか,land near the castle
心掛ける,こころがける,"to bear in mind, to aim to do"
投資,とうし,investment
興業,こうぎょう,industrial enterprise
丸める,まるめる,"to make round, to round off, to roll up, to curl up, to seduce, to cajole, to explain away"
,ジャンパー,"jacket, jumper"
お目出度う,おめでとう,"(ateji) (int) (uk) Congratulations!, an auspicious occasion!"
反撃,はんげき,"counterattack, counteroffensive, counterblow"
強まる,つよまる,"to get strong, to gain strength"
引き分け,ひきわけ,"a draw (in competition), tie game"
外観,がいかん,"appearance, exterior, facade"
地方,じかた,"area, locality, district, region, the coast"
伊井,いい,"that one, Italy"
頑丈,がんじょう,"solid, firm, stout, burly, strong, sturdy"
始め,はじめ,"beginning, start, origin"
基金,ききん,"fund, foundation"
前置き,まえおき,"preface, introduction"
清々しい,すがすがしい,"fresh, refreshing"
矢,や,arrow
体,てい,"appearance, air, condition, state, form"
溢れる,あふれる,"to flood, to overflow, to brim over"
提示,ていじ,"presentation, exhibit, suggest, citation"
誘惑,ゆうわく,"temptation, allurement, lure"
優美,ゆうび,"grace, refinement, elegance"
来場,らいじょう,attendance
騙す,だます,"to trick, to cheat, to deceive"
易い,やすい,easy
恥じらう,はじらう,"to feel shy, to be bashful, to blush"
花粉,かふん,pollen
末,うら,"top end, tip"
勝る,まさる,"to excel, to surpass, to outrival"
滅茶苦茶,めちゃくちゃ,"absurd, unreasonable, excessive, messed up, spoiled, wreaked"
階級,かいきゅう,"class, rank, grade"
簡易,かんい,"simplicity, easiness, quasi-"
緩やか,ゆるやか,lenient
結晶,けっしょう,"crystal, crystallization"
返済,へんさい,repayment
意図,いと,"intention, aim, design"
及び,および,"and, as well as"
不意,ふい,"sudden, abrupt, unexpected, unforeseen"
,ニュアンス,nuance
一変,いっぺん,"complete change, about-face"
売り出し,うりだし,(bargain) sale
民宿,みんしゅく,private home providing lodging for travelers
度忘れ,どわすれ,"lapse of memory, forget for a moment"
返還,へんかん,"return, restoration"
短大,たんだい,junior college
振り,ふり,"pretence, show, appearance"
行,ぎょう,"line, row, verse"
秘書,ひしょ,(private) secretary
態々,わざわざ,"expressly, specially, doing something especially rather than incidentally"
匹敵,ひってき,"comparing with, match, rival, equal"
父母,ちちはは,"father and mother, parents"
対談,たいだん,"talk, dialogue, conversation"
然も,さも,"with gusto, with satisfaction"
発掘,はっくつ,"excavation, exhumation"
霞む,かすむ,"to grow hazy, to be misty"
丸っきり,まるっきり,"completely, perfectly, just as if"
唱える,となえる,"to recite, to chant, to call upon"
仕掛ける,しかける,"to commence, to lay (mines), to set (traps), to wage (war), to challenge"
彼の,あの,that over there
暗殺,あんさつ,assassination
出動,しゅつどう,"sailing, marching, going out"
健全,けんぜん,"health, soundness, wholesome"
,フロント,front
審判,しんばん,"refereeing, trial, judgement, umpire, referee"
打ち切る,うちきる,"to stop, to abort, to discontinue, to close"
度々,たびたび,"often, repeatedly, frequently"
助け,たすけ,assistance
哉,や,question mark
手錠,てじょう,"handcuffs, manacles"
詰る,なじる,"to rebuke, to scold, to tell off"
交易,こうえき,"trade, commerce"
御覧なさい,ごらんなさい,"(please) look, (please) try to do"
左程,さほど,"(not) very, (not) much"
担架,たんか,"stretcher, litter"
擦れる,すれる,"to rub, to chafe, to wear, to become sophisticated"
同感,どうかん,"agreement, same opinion, same feeling, sympathy, concurrence"
屋敷,やしき,mansion
共稼ぎ,ともかせぎ,"working together, (husband and wife) earning a living together"
歩む,あゆむ,"to walk, to go on foot"
引きずる,ひきずる,"to seduce, to drag along, to pull, to prolong, to support"
欠く,かく,"to lack, to break, to crack, to chip"
第一,だいいち,"first, foremost, # 1"
抗争,こうそう,"dispute, resistance"
月賦,げっぷ,monthly installment
お手上げ,おてあげ,"all over, given in, given up hope, bring to knees"
所が,ところが,"however, while, even if"
利根,りこん,intelligence
提携,ていけい,"cooperation, tie-up, joint business, link-up"
侍,さむらい,"Samurai, warrior"
跡継ぎ,あとつぎ,"heir, successor"
英字,えいじ,English letter (character)
,ストロボ,"stroboscope (lit: strobo), strobe lamp, stroboscopic lamp"
空腹,くうふく,hunger
沿う,そう,"to run along, to follow"
手軽,てがる,"easy, simple, informal, offhand, cheap"
並びに,ならびに,and
生真面目,きまじめ,"too serious, person who is too serious, honesty, sincerity"
議決,ぎけつ,"resolution, decision, vote"
締め切り,しめきり,"closing, cut-off, end, deadline, Closed, No Entrance"
対応,たいおう,"interaction, correspondence, coping with, dealing with"
遠方,えんぽう,"long way, distant place"
疲労,ひろう,"fatigue, weariness"
妨害,ぼうがい,"disturbance, obstruction, hindrance, jamming, interference"
小児科,しょうにか,pediatrics
茶の湯,ちゃのゆ,tea ceremony
見積り,みつもり,"estimation, quotation"
,こだわる,"to fuss over, to be particular about, to be concerned about"
含嗽,うがい,"gargle, rinse mouth"
準ずる,じゅんずる,"to apply correspondingly, to correspond to, to be proportionate to, to conform to"
拘束,こうそく,"restriction, restraint"
丈,だけ,"only, just, as"
清算,せいさん,"liquidation, settlement"
年頃,としごろ,"age, marriageable age, age of puberty, adolescence, for some years"
軽率,けいそつ,"rash, thoughtless, careless, hasty"
土木,どぼく,public works
荒っぽい,あらっぽい,"rough, rude"
首飾り,くびかざり,necklace
下がる,さがる,"to hang down, to abate, to retire, to fall, to step back"
装飾,そうしょく,ornament
心中,しんじゅう,"double suicide, lovers suicide"
原形,げんけい,"original form, base form"
配偶者,はいぐうしゃ,"spouse, wife, husband"
素材,そざい,"raw materials, subject matter"
,だぶだぶ,"loose, baggy"
継ぎ目,つぎめ,"a joint, joining point"
剥がす,はがす,"to tear off, to peel off, to rip off, to strip off, to skin, to flay, to disrobe, to deprive of, to detach, t"
第,だい,ordinal
領土,りょうど,"dominion, territory, possession"
種,しゅ,"kind, variety, species"
研ぐ,とぐ,"to sharpen, to grind, to scour, to hone, to polish, to wash (rice)"
産後,さんご,"postpartum, after childbirth"
偏る,かたよる,"to be one-sided, to incline, to be partial, to be prejudiced, to lean, to be biased"
誤る,あやまる,to make a mistake
黄色,おうしょく,yellow
旧事,くじ,"past events, bygones"
急かす,せかす,"to hurry, to urge on"
選考,せんこう,"selection, screening"
否決,ひけつ,"rejection, negation, voting down"
白状,はくじょう,confession
,ベース,"base, bass"
,ずらっと,"in a line, in a row"
精巧,せいこう,"elaborate, delicate, exquisite"
原書,げんしょ,original document
園,えん,garden (esp. man-made)
乗り込む,のりこむ,"to board, to embark on, to get into (a car), to ship (passengers), to man (a ship), to help (someone) int"
,スペース,space
目方,めかた,weight
盛る,さかる,"to prosper, to flourish, to copulate (animals)"
確保,かくほ,"guarantee, ensure, maintain, insure, secure"
馴らす,ならす,"to domesticate, to tame"
製,せい,"-made, make"
,おおい,hey!
故人,こじん,"the deceased, old friend"
嫉妬,しっと,jealousy
決行,けっこう,"doing (with resolve), carrying out (i.e. a plan)"
恵む,めぐむ,"to bless, to show mercy to"
逆立ち,さかだち,"handstand, headstand"
濫用,らんよう,"abuse, misuse, misappropriation, using to excess"
星座,せいざ,constellation
,ブーム,boom
眉,まゆ,eyebrow
定年,ていねん,retirement age
跨ぐ,またぐ,to straddle
侵す,おかす,"to invade, to raid, to trespass, to violate, to intrude on"
片付け,かたづけ,"tidying up, finishing"
昇進,しょうしん,promotion
落ち着き,おちつき,"calm, composure"
傷,しょう,"wound, injury, hurt, cut, gash, bruise, scratch, scar, weak point"
樹立,じゅりつ,"establish, create"
団結,だんけつ,"unity, union, combination"
,ドライブイン,drive in
矢鱈に,やたらに,"randomly, recklessly, blindly"
若し,もし,"if, in case, supposing"
何方,どなた,who?
,ぺこぺこ,"fawn, be very hungry"
灰皿,はいさら,ashtray
伝達,でんたつ,"transmission (e.g. news), communication, delivery"
自惚れ,うぬぼれ,"pretension, conceit, hubris"
問う,とう,"to ask, to question, to charge (i.e. with a crime), to accuse, without regard to (neg)"
裸足,はだし,barefoot
仲人,ちゅうにん,"go-between, matchmaker"
飽和,ほうわ,saturation
知的,ちてき,intellectual
増強,ぞうきょう,"augment, reinforce, increase"
,ユニーク,unique
取り扱い,とりあつかい,"treatment, service, handling, management"
不動産,ふどうさん,real estate
寝かせる,ねかせる,"to put to bed, to lay down, to ferment"
訴訟,そしょう,"litigation, lawsuit"
上昇,じょうしょう,"rising, ascending, climbing"
部,ぶ,"department, part, category, counter for copies of a newspaper or magazine"
じゃん拳,じゃんけん,rock-scissors-paper game
可哀想,かわいそう,"poor, pitiable, pathetic"
是非とも,ぜひとも,by all means (with sense of not taking no for an answer)
華奢,かしゃ,"luxury, pomp, delicate, slender, gorgeous"
発病,はつびょう,attack (disease)
御負け,おまけ,"1. a discount, a prize, 2. something additional, bonus, an extra, 3. an exaggeration"
付属,ふぞく,"attached, belonging, affiliated, annexed, associated, subordinate, incidental, dependent, auxiliary"
,フェリー,ferry
其れから,それから,"and then, after that"
断然,だんぜん,"firmly, absolutely, definitely"
著名,ちょめい,"well-known, noted, celebrated"
あざ笑う,あざわらう,"to sneer at, to ridicule"
天皇,すめらぎ,Emperor of Japan
敏感,びんかん,"sensibility, susceptibility, sensitive (to), well attuned to"
この間,このあいだ,"the other day, lately, recently"
上位,じょうい,"superior (rank not class), higher order (e.g. byte), host computer (of connected device)"
迅速,じんそく,"quick, fast, rapid, swift, prompt"
名簿,めいぼ,register of names
密か,ひそか,"secret, private, surreptitious"
了承,りょうしょう,"acknowledgement, understanding (e.g. please be understanding of the mess during our renovation)"
,ブザー,buzzer
譲歩,じょうほ,"concession, conciliation, compromise"
探検,たんけん,"exploration, expedition"
共和,きょうわ,"republicanism, cooperation"
転回,てんかい,"revolution, rotation"
脈,みゃく,pulse
,システム,system
皺,しわ,"wrinkles, creases"
出題,しゅつだい,proposing a question
密度,みつど,density
すれ違う,すれちがう,"to pass by one another, to disagree, to miss each other"
一切,いっさい,"all, everything, without exception, the whole, entirely, absolutely"
原点,げんてん,"origin (coordinates), starting point"
,オープン,open
洋風,ようふう,western style
年鑑,ねんかん,yearbook
照明,しょうめい,illumination
不振,ふしん,"dullness, depression, slump, stagnation"
良質,りょうしつ,"good quality, superior quality"
興奮,こうふん,"excitement, stimulation, agitation, arousal"
逆上る,さかのぼる,"to go back, to go upstream, to make retroactive"
斜面,しゃめん,"slope, slanting surface, bevel"
空間,あきま,"vacancy, room for rent or lease"
殆ど,ほとんど,"mostly, almost"
或る,ある,"a certain..., some..."
向け,むけ,"for ~, oriented towards ~"
天地,あめつち,"heaven and earth, the universe, nature, top and bottom, realm, sphere, world"
難,なん,"difficulty, hardships, defect"
減点,げんてん,"subtract, give a demerit"
無念,むねん,"chagrin, regret"
交わす,かわす,"to exchange (messages), to dodge, to parry, to avoid, to turn aside"
化石,かせき,"fossil, petrifaction, fossilization"
公用,こうよう,"government business, public use, public expense"
意気込む,いきごむ,to be enthusiastic about
一括,いっかつ,"all together, batch, one lump, one bundle, summing up"
公認,こうにん,"official recognition, authorization, licence, accreditation"
判,はん,"seal, stamp, monogram signature, judgment"
清濁,せいだく,"good and evil, purity and impurity"
不在,ふざい,absence
織る,おる,to weave
,ロマンチック,romantic
,カメラマン,cameraman
備わる,そなわる,"to be furnished with, to be endowed with, to possess, to be among, to be one of, to be possessed of"
起こす,おこす,"to raise, to cause, to wake someone"
一挙に,いっきょに,"at a stroke, with a single swoop"
落ち葉,おちば,"fallen leaves, leaf litter, defoliation, shedding leaves"
復興,ふっこう,"revival, renaissance, reconstruction"
刑罰,けいばつ,"judgement, penalty, punishment"
,ラベル,label
無闇に,むやみに,"unreasonably, absurdly, recklessly, indiscreetly, at random"
彼方,あちら,"1. there, yonder, that"
名誉,めいよ,"honor, credit, prestige"
好調,こうちょう,"favourable, promising, satisfactory, in good shape"
連中,れんじゅう,"colleagues, company, a lot"
改悪,かいあく,"deterioration, changing for the worse"
居住,きょじゅう,residence
準急,じゅんきゅう,local express (train slower than an express)
刷り,すり,printing
檻,おり,"cage, pen, jail cell"
卑しい,いやしい,"greedy, vulgar, shabby, humble, base, mean, vile"
人材,じんざい,man of talent
一気,いっき,drink!(said repeatedly as a party cheer)
古代,こだい,ancient times
割合に,わりあいに,comparatively
遅らす,おくらす,"to retard, to delay"
明るい,あかるい,"bright, cheerful"
傾ける,かたむける,"to incline, to list, to bend, to lean, to tip, to tilt, to slant, to concentrate on, to ruin (a country), to"
着色,ちゃくしょく,"colouring, coloring"
噛み切る,かみきる,"to bite off, to gnaw through"
三日月,みかずき,"new moon, crescent moon"
働,どう,"work, labor"
毟る,むしる,"to pluck, to pick, to tear"
,メッセージ,message
保つ,たもつ,"to keep, to preserve, to hold, to retain, to maintain, to support, to sustain, to last, to endure, to keep we"
取り締まり,とりしまり,"control, management, supervision"
失調,しっちょう,lack of harmony
脱する,だっする,"to escape from, to get out"
模索,もさく,groping (for)
落とす,おとす,"to drop, to lose, to let fall"
打付ける,ぶつける,"to knock, to run into, to nail on, to strike hard, to hit and attack"
得点,とくてん,"score, points made, marks obtained, runs"
細胞,さいぼう,cell (biology)
経路,けいろ,"course, route, channel"
独創,どくそう,originality
感触,かんしょく,"sense of touch, feeling, sensation"
,チャンネル,a channel
系,けい,"system, lineage, group"
捻子,ねじ,"screw, helix, spiral"
捗る,はかどる,"to make progress, to move right ahead (with the work), to advance"
賛成,さんせい,"approval, agreement, support, favour"
如何,いかが,"how, in what way"
誘導,ゆうどう,"guidance, leading, induction, introduction, incitement, inducement"
鉱業,こうぎょう,mining industry
束の間,つかのま,"moment, brief time, brief, transient"
固有,こゆう,"characteristic, tradition, peculiar, inherent, eigen-"
,うんざり,"tedious, boring, being fed up with"
本質,ほんしつ,"essence, true nature, reality"
下調べ,したしらべ,"preliminary investigation, preparation"
策,さく,"plan, policy"
何時までも,いつまでも,"forever, for good, eternally, as long as one likes, indefinitely"
暴風,ぼうふう,"storm, windstorm, gale"
体付き,からだつき,"body build, figure"
独裁,どくさい,"dictatorship, despotism"
一頃,ひところ,"once, some time ago"
質疑,しつぎ,question
粉々,こなごな,in very small pieces
始めまして,はじめまして,"How do you do?, I am glad to meet you"
,デザート,dessert
箪笥,たんす,chest of drawers
日向,ひなた,"sunny place, in the sun"
対処,たいしょ,"deal with, cope"
乙,おつ,"1. strange, quaint, stylish, chic, spicy, queer, witty, tasty, romantic, 2. 2nd in rank, second sign of the"
資格,しかく,"qualifications, requirements, capabilities"
潜水,せんすい,diving
一筋,ひとすき,"a line, earnestly, blindly, straightforwardly"
冊,さつ,counter for books
,てんで,"(not) at all, altogether, entirely"
建前,たてまえ,"face, official stance, public position or attitude (as opposed to private thoughts)"
惑星,わくせい,planet
印鑑,いんかん,"stamp, seal"
独自,どくじ,"original, peculiar, characteristic"
穂,ほ,"ear (of plant), head (of plant)"
栄える,さかえる,"to prosper, to flourish"
犠牲,ぎせい,sacrifice
権限,けんげん,"power, authority, jurisdiction"
市街,しがい,"urban areas, the streets, town, city"
水田,すいでん,(water-filled) paddy field
腿,もも,"thigh, femur"
浮気,うわき,"flighty, fickle, wanton, unfaithful"
黒字,くろじ,balance (figure) in the black
暴力,ぼうりょく,violence
憂鬱,ゆううつ,"depression, melancholy, dejection, gloom"
無論,むろん,"of course, naturally"
法廷,ほうてい,courtroom
清らか,きよらか,"clean, pure, chaste"
対抗,たいこう,"opposition, antagonism"
凡ゆる,あらゆる,"all, every"
積もり,つもり,"intention, plan"
液,えき,"liquid, fluid"
途中,つちゅう,"on the way, en route"
何々,どれどれ,which (emphatic)
公団,こうだん,public corporation
冷やかす,ひやかす,"to banter, to make fun of, to jeer at, to cool, to refrigerate"
若しくは,もしくは,"or, otherwise"
快い,こころよい,"pleasant, agreeable"
案じる,あんじる,"to be anxious, to ponder"
統治,とうじ,"rule, reign, government, governing"
,ダウン,down
本格,ほんかく,"propriety, fundamental rules"
念,ねん,"sense, idea, thought, feeling, desire, concern, attention, care"
文語,ぶんご,"written language, literary language"
粋,いき,"chic, style, purity, essence"
嵩む,かさむ,"to pile up, to increase"
衛生,えいせい,"health, hygiene, sanitation, medical"
何故なら,なぜなら,because
消息,しょうそく,"news, letter, circumstances"
,がる,feel
歯科,しか,dentistry
,どうにか,"in some way or other, one way or another"
,オートマチック,automatic
癌,がん,cancer
裏返し,うらがえし,"inside out, upside down"
勧誘,かんゆう,"invitation, solicitation, canvassing, inducement, persuasion, encouragement"
噴出,ふんしゅつ,"spewing, gushing, spouting, eruption, effusion"
無線,むせん,"wireless, radio"
文,ふみ,"letter, writings"
悟る,さとる,"to attain enlightenment, to perceive, to understand, to discern"
落下,らっか,"fall, drop, come down"
兼ねて,かねて,simultaneously
距離,きょり,"distance, range"
沈める,しずめる,"to sink, to submerge"
協会,きょうかい,"association, society, organization"
通,つう,"connoisseur, counter for letters"
会,え,understanding
作り,つくり,"make-up, sliced raw fish"
調理,ちょうり,cooking
聴診器,ちょうしんき,stethoscope
誂える,あつらえる,"to give an order, to place an order"
即する,そくする,"to conform to, to agree with, to be adapted to, to be based on"
